"","shape","scale","seuil"
"1",-0.376039680164706,2.21642202816135,3.3
"2",-0.352660989390613,2.21642202816135,3.3
