"","V1","V2","V3","V4"
"1",4.91495250019522,-1.10998313670916,-0.420176264701469,0.344705787046507
"2",2.68143498342324,2.05124874517432,-0.659355457750064,0.456553424020922
"3",6.49668629810887,3.02504751553528,2.81791217294629,-2.63056523935347
"4",-0.937009976572921,2.20213259160337,0.622230166847502,0.341173163444994
"5",1.65891469295853,0.35386897638453,-0.439365712094762,0.978237569089971
"6",2.945201792424,-0.651036079738276,-0.620616054701177,0.861934791867204
"7",-7.05679730439025,0.147596160421521,1.21821568527542,0.636395083299987
"8",4.2145725988175,-7.91476564310698,-5.59843745342317,2.21863057379221
"9",7.34384955666236,-4.87513803934502,0.355541948703075,-1.8770964463225
"10",1.81444350832013,2.15343187488371,0.332736220459594,-1.59151375612239
"11",-1.84544762469263,0.73448113857451,-0.0161245609381715,1.33004130225605
"12",3.536952751775,-0.857785346759753,1.16490432077905,-0.942562561050293
"13",2.77001135859736,1.20808161391827,-0.403097648217818,0.621430601856626
"14",-1.45729461283804,1.50464369092125,1.17974829257155,0.768166172391247
"15",-2.19432942336994,1.60735885976503,1.48533309191787,1.0870673300002
"16",-2.10577599557269,-2.49474176003588,-0.298654662491014,1.41514883416594
"17",5.71313216254853,1.52530022208607,-1.31066000948623,-2.29436661467838
"18",-0.379906463592432,-2.08503496467996,-3.71569312430641,-1.90717051931317
"19",5.36052636169179,-0.638402309239478,-0.748700091146638,0.299893941140561
"20",1.97060795759217,2.10437639679607,-0.922083451934095,-1.9580885601782
"21",-3.65217514081026,-3.77533598223959,-0.122835642383971,1.36934669486669
"22",-1.85222739845532,3.33824862903744,0.373301927750098,0.578777910557124
"23",4.4689287648817,-1.58865288228581,0.0438816314223987,0.621221364049534
"24",6.33308182006275,-0.132148950047207,2.50696073763805,0.592435162776166
"25",3.52336826048307,-0.968451915291039,-1.42773978432495,-0.988031649228179
"26",3.59258824313032,-0.58543880469049,-0.441911779135028,0.294313098657398
"27",1.34722720696871,0.849899289135219,0.63179313346406,1.07798214709055
"28",-7.38014489480568,0.89460817753727,0.49018245412714,-0.183851725018169
"29",-6.77765725889264,1.2052964841465,0.598236585255294,0.447928574318023
"30",5.80993016707208,-0.960864567952025,0.181811071105778,-0.855378490449717
"31",-0.878933995224072,-0.00833502907808366,0.185190866602884,1.26972645378436
"32",-0.435700770689204,-0.774809067231379,0.858717569447684,0.959658970316095
"33",4.6198432615071,0.551007758785769,0.558360915177238,0.053404558296803
"34",-1.69468598027233,1.5640947657907,0.531052847456934,0.6103674222999
"35",-6.38615405825374,1.12665914251719,0.381794592254242,0.462471899758672
"36",4.21990871416939,-0.504557341199159,-1.8125492993776,0.558523445048199
"37",-8.18843612644712,3.51102397302474,-3.65286885474934,-1.40713001298917
"38",-0.356994388763975,0.85463150304786,0.720556146769259,0.765899027627802
"39",-4.84561896215382,5.95122492282969,0.276003049178946,-3.77335501209411
"40",4.66202991621299,-2.99165969668012,1.15923715647684,0.555447084067114
"41",-6.96488695553341,-0.652158135092636,-1.48273679083816,0.800822673712934
"42",5.21489835189951,0.231803052622322,0.317215465032108,-3.16901858951475
"43",-5.86160381267561,1.68565577358594,1.50084716607396,0.441313659721087
"44",4.93179117508418,-5.03320075960015,-0.419297095093301,0.610278489600422
"45",1.59189082872404,1.95577237698525,1.07086675990918,0.599975990725162
"46",3.38729889309132,-0.116406790895176,-1.31944848967884,0.209508177560995
"47",1.90119826113028,0.0791201099886117,0.692651678575814,0.909192815495255
"48",-5.37869215117052,3.45445761641566,-3.43832907302151,-4.84805888815297
"49",6.04723764701662,0.874141071143352,0.382924307048395,-1.59761578721333
"50",-0.783207804158194,-2.76647001915353,-1.29984157515666,3.06117283699961
"51",0.531039060567161,1.54853654308454,0.948900534709427,0.337028913014369
"52",3.2752418565592,-0.215774852372942,-0.329016205228357,0.937593911161151
"53",2.67875737207305,-0.288522352081446,0.0485814376041995,0.66698990464787
"54",1.54649254474842,1.28504719819458,-1.92609392351977,0.649534985388545
"55",-6.57012086483027,2.677993150165,1.41661189446265,-0.275186578992729
"56",3.4781140587618,-6.21085065507417,-2.16825455647397,1.39278091169374
"57",-2.41755426797375,-6.61673604092668,-2.6416113004772,1.28490602893977
"58",0.311197454335937,-0.170605897935057,-0.115278871542602,1.07588651678151
"59",4.13526641744194,-0.709411378650585,-1.96283852944769,0.430156931484776
"60",4.2894174880604,-0.185065687828561,-0.223445496783099,0.120431142488716
"61",6.21299176789286,-1.644637569268,-1.89440154082828,-0.314605139323261
"62",-2.61560206069732,-0.924127663615672,2.94697328062609,0.542404822450018
"63",-3.74067131483076,0.268604861009052,-0.648347298395595,0.704828335475793
"64",-2.71513655750862,1.57467196523937,-0.973722269948288,0.766710313702134
"65",3.14894958594872,1.06281319983704,0.19273913842105,-0.998603898409487
"66",0.244519859792615,1.71155096591385,0.0227733497483171,-0.0342652724249603
"67",4.56658437022883,1.05918946403408,0.0792293283231512,-0.265718605151619
"68",-6.23590874224064,-0.570576608276274,0.196247324161105,0.0103742865043324
"69",1.87456276613907,-0.350477079682865,0.38080678861186,1.10028243179047
"70",-4.68735782678378,1.3056146022317,3.06590420550212,1.38799081790042
"71",6.02579699676706,-6.51380506574373,-2.43225167450395,-0.56599138358852
"72",-8.57687451782634,-2.03020002891931,0.0681137092056738,0.388450516517516
"73",-1.40782032418749,1.17383993390064,-0.981431780244526,1.03052594995975
"74",2.02589039570043,2.88031923265986,-0.557027839095551,-1.25247332470953
"75",2.84788489296974,-2.98902768301229,-4.63250921246929,0.454399921243219
"76",-1.16159342458269,2.04810536708517,0.651992122093481,0.460781587036174
"77",-0.6825261487651,2.58266483961236,1.39164936785021,0.569245351060683
"78",4.68192295939537,0.133160517254603,-0.382286188765945,0.0750615124704564
"79",1.70782847503517,0.83124933697046,0.43514044228298,0.532786841474103
"80",3.18410699905455,1.73916536730318,-0.909274694574258,-0.34266512777131
"81",6.09175570879012,1.01602807157531,1.66162699771072,-0.358157380567192
"82",0.0306062619215772,1.92187826410411,-0.282773697477361,0.490343776502227
"83",-0.967918098936763,1.87075152722284,0.0819488444762734,0.506647709011988
"84",2.41893606585627,2.78087178408136,0.574193038136705,-1.296458784253
"85",-1.33986137176932,4.78910122286067,1.87587486478515,-1.54179125155081
"86",2.75797637132416,1.54585279677628,0.404402558904095,0.673476993929697
"87",2.07879417037518,0.526188707064062,-1.51464944919782,0.891681615031421
"88",3.45944227849534,-0.0497312785657243,-0.513007553916185,0.681418177577884
"89",2.71910041180967,0.589784339203012,0.547835629033974,0.570482379069165
"90",2.94239195824013,-0.338259380894666,-0.903252155555646,0.451821323211852
"91",1.95220307307932,1.24780227570946,-0.907058971661005,0.446779519712127
"92",5.74962459313731,1.46826294617982,-3.13489639985759,-2.72553247961938
"93",1.97200453082772,-0.397871166196019,2.30128759954776,1.24779289053387
"94",-5.22861525348219,1.17303481545544,0.461263820171158,0.209108651862586
"95",7.03410987680647,-2.02763863728114,0.582279940162963,-1.41007836412147
"96",2.84428306166691,0.766918188524801,-0.291247294073419,0.681536271846041
"97",-0.211594706863609,1.96688772111148,-0.710351911053676,0.753145245642241
"98",2.67138577954858,2.22844007148816,0.489969320470963,0.155805029106865
"99",-1.6562824596574,0.51097398059121,1.10083763408658,-0.671329855810606
"100",2.22431585707234,-0.380439899483776,-1.05033422941806,0.974955743537988
"101",-0.825932090455342,0.889798565434111,0.0832063086614903,0.95787210768803
"102",-3.20696868161019,0.590273323952759,-0.266620771041193,0.652977526045386
"103",-5.35849635438824,0.540741678157685,0.533467725521433,1.17937602345003
"104",4.3784404162456,3.25756059436872,0.927231677306788,-0.372310916508503
"105",-1.34053558278479,0.103523700216791,0.492934344745111,0.885121995738477
"106",6.32930828085937,-0.293869970074727,-1.27371681705293,-1.32039452662891
"107",2.14701169115024,-1.48314259387978,0.206029099798499,0.698213654343908
"108",2.85390393354143,-2.39803074197879,-0.536154725880584,0.485782247930562
"109",5.86165152753032,-4.01350168097874,-1.54345572987787,-0.0447709907178459
"110",6.1513893475254,-4.35911363880961,0.207795023373693,-0.0518927612784609
"111",3.06640084499181,1.13877423077262,-0.523518019027395,0.483694022510246
"112",3.182325436864,1.73213169006221,-1.94812536910281,-2.37355838027428
"113",-3.17865551427448,0.575091276188815,1.38639652320156,1.35881062688401
"114",-1.80913759936021,0.928754338931617,0.84989496133752,0.357775120516321
"115",-6.6846579792888,3.15225182873081,-0.388786480914748,-0.679367295797871
"116",-1.38278888559384,0.529511164046783,0.124314208054071,1.0616103539999
"117",-1.63487888519269,1.88221076651474,-0.456655667859986,0.74030585349908
"118",4.64917126964713,-1.5328619067616,0.140414859439614,0.291820380563278
"119",0.455756550632608,1.95951220969922,-0.3831490843666,0.741403377442082
"120",-0.503096488309312,0.721205457797487,0.826186048134604,1.08899846542136
"121",-1.6235370300113,0.877427708730778,0.653978386200082,0.94866835967015
"122",0.152676139565134,0.582931863055865,0.631571269318932,0.955265288096418
"123",-3.58681923129933,1.63587705999701,0.17469000500851,0.662621721928372
"124",5.25941598465857,-3.59524428435596,-3.48370084332042,0.440681475638143
"125",3.22243294223614,-0.297710265415149,-0.154546465496534,0.808247457190565
"126",7.05165906223018,-3.15337667909515,3.25183243504116,-1.3045503347602
"127",-1.5729601525445,0.974964737214626,0.230295959688962,0.711742444083001
"128",-6.62226856931758,1.53747831916157,1.07647796927666,0.0731299718066343
"129",1.04568049223469,-2.33743000947884,1.03891523608773,1.16077433135879
"130",3.89662791129357,0.128529345235361,0.729489146098693,-0.0823698483142524
"131",2.99972261773889,-2.66997643254653,0.390965785627131,1.22436230446014
"132",7.04108712359424,-0.8502566013031,0.554937167941348,-2.09761894901736
"133",-1.29909537667842,-1.83321377097854,0.558720659854541,-0.669530805057859
"134",-1.64813305478579,-4.31236779561622,1.78014965898231,1.04584885780105
"135",-2.01765927532743,1.46087552593913,-0.135389248393158,0.949526062028568
"136",-1.62805770089987,2.00628722059459,0.647858880900813,0.982018468411219
"137",3.52705186790627,-0.408429184066205,0.218294315839768,0.485467517680644
"138",-7.36509001575073,-0.484882781284708,0.138113842132876,0.645427708359675
"139",0.211751482018922,0.327308764950565,-0.100684989424961,0.620797245123638
"140",-0.417131592426251,-2.70819326551411,0.215177692158227,2.28957784013537
"141",2.13075734345468,-0.239054988034069,-0.96163364847157,0.117299853050575
"142",6.45919416033844,-10.0255802171529,-5.33722539897526,-0.778586917525316
"143",-8.25699228509578,-7.19008463904826,-1.84765056238371,1.37054742796354
"144",1.67090218493516,-0.714831450490038,-1.81720320082766,1.19994278603048
"145",4.70700433731603,-2.61819247581567,0.488006003783832,0.123792161372182
"146",-1.18058403489236,2.27972443869517,0.107314132815813,0.260614849635685
"147",-8.31532476487252,-0.0464711344094464,1.00003628503238,-0.38596085828376
"148",-1.67721544818127,3.35143660912195,0.0707525249400463,-0.572077926803893
"149",3.97153218229748,1.23324588408185,2.47974296462401,-0.351536595237603
"150",-8.75234793549694,2.55826728761558,-0.478780238877591,-0.146342615034848
"151",-3.83693686585375,0.852517455219399,2.20888357662174,1.78176049402422
"152",-2.82788799360643,0.627104651151988,1.16533973310644,0.956716686399015
"153",-2.18189244263824,1.03871474592973,2.83776184789185,-0.553340766553573
"154",1.65186860155375,0.83963736637034,0.14316284911993,0.613986271422566
"155",-1.23616135087767,1.06391452215238,1.25551463348042,1.02446287837438
"156",3.73547177085468,-7.2437130409352,-4.16738636627696,1.02704963734978
"157",-0.874028863146283,0.837225852519307,0.0225008749468501,0.840941156789467
"158",4.89994136646761,0.85411444981706,0.818694855980182,-0.293592500919213
"159",3.63163828544524,-1.25443331242227,-0.482525851702905,0.335237967879733
"160",-9.39187397075874,-1.44423991396196,-0.970235858019354,-0.0686407322853993
"161",-4.35181131565747,-1.21365336632001,-0.982470621536086,-0.599269940645877
"162",-2.27768257568827,2.67644928835909,-0.443320463855524,0.873229422202339
"163",1.25597377339424,1.71527263684548,-0.267164316130111,0.469490643390411
"164",-5.65645377532666,1.04739800161651,0.0104248089954947,0.569420846390743
"165",0.939756369620987,0.506991117571254,-0.345569746742668,1.07330129994747
"166",4.15129829364606,0.0195561815325855,-0.562524064538733,-0.784811913597427
"167",5.08501377340738,0.127760491191721,0.632451663715013,-0.0631618522359204
"168",-1.37710082800275,0.632119677483194,0.753781517778998,1.32657590295697
"169",3.8075343195241,-4.24360130294005,-1.94673408419077,-1.68390223579855
"170",-4.41506356076966,2.76656235322003,0.207616116013017,0.419928161486629
"171",4.49123080130853,-0.679359891374477,0.509402961774221,0.544827772267356
"172",6.36015112240137,0.237542304937341,1.08098853810085,-0.799998226231705
"173",1.65404330434288,-0.552599277219056,-3.33842123225861,0.764723465936798
"174",-8.41468997103043,1.40523541714351,0.0250984509348712,1.115809109015
"175",1.48887848985502,0.648607362361881,0.642100458142227,0.66641114529417
"176",-4.63241773407514,0.650938935562434,0.137091188012545,0.224058094891762
"177",-5.19050963964546,-5.81740932419917,-1.97832285125947,2.10324986174081
"178",3.73119483476768,-1.3135445192401,0.749247054899206,0.576701540906691
"179",4.62662346959671,3.66848764473205,2.92706977325669,-2.00227359323811
"180",6.605975796949,-4.4325951267661,-0.677751797948272,-0.653035867257542
"181",-2.50743311671953,2.63320636988048,0.83959036361065,-1.39980782268041
"182",-4.36347245799447,1.50760459142238,-0.488243617552085,0.86664411229537
"183",-1.58014314040943,0.107144416593171,0.413400797815837,1.28212519150897
"184",1.64936367108074,1.24824296780855,0.620339506747225,0.814752560037174
"185",-6.40847949323068,2.89705472899605,0.503054872500233,0.461889420954475
"186",-5.91434597497343,3.99261780830795,-4.43469949803076,-0.849057450779721
"187",2.01720329434865,-0.431800709491418,-0.608897368945429,0.811412678227874
"188",-0.202634337838865,0.440401307075212,2.03195569272095,0.106726337157587
"189",-3.99741258987979,0.126097467840899,2.1771691570433,-1.03297983379987
"190",-1.36401845471747,1.33254956938371,-1.9629690612386,1.01412098042562
"191",3.92870852810633,1.55265423366477,0.452795338041839,-0.075413849052954
"192",1.37239334566112,2.04875525602545,0.553543493688852,0.423359287885984
"193",-7.08183241685847,-0.313008179587587,-0.78332013605424,0.319183287774833
"194",-3.79914238801121,1.49455775827445,1.38216474814269,1.15038749813136
"195",4.41491687025458,0.257356418725171,-0.311130603485945,-0.0461423501206758
"196",-1.34458156108051,0.680956891586628,-0.412955708779402,-0.270566259139396
"197",1.5348089151675,3.79849861914102,1.51364490208442,-0.875620352939869
"198",-5.83080309731091,3.42241042169208,0.539987862454593,-0.515066275388222
"199",1.94269301576343,0.506753174424732,0.0682066147572708,1.07451391077498
"200",-0.335141486968893,0.16779413528013,-0.0987939331084309,0.935172676467174
"201",-3.42202318778329,1.17075786334262,-0.134599943485533,0.654080671025421
"202",-1.74037435838746,-0.542962390183004,2.1959184468626,2.92974955670103
"203",5.79987990986227,-4.43461507662026,-1.90335019981899,-1.29119487393491
"204",-0.970068433044841,-0.489408613422897,-0.390264757216958,0.771783833401767
"205",-2.46567200148249,1.01606684026816,0.421488549097001,0.683505254511002
"206",-3.72168667036938,0.993747824844494,0.586457761898257,1.87125651522341
"207",-2.50323062078024,2.70058832335899,0.587421794398814,0.539047559112823
"208",-8.28013918602982,-0.948513638131514,0.260589222241596,-0.901505146436218
"209",4.37253445958381,-3.73612502058793,-1.84596506052825,1.16006722453111
"210",2.04766431184662,1.56046844502835,0.35661452768433,-0.934888724080455
"211",-3.03136646018017,1.71108273305746,0.662748080810877,0.541973643138578
"212",-3.6163326367583,3.69352239306299,2.19915747734711,0.383147619443413
"213",2.50842569450078,-0.319116590507216,2.03313195801607,0.255318951839099
"214",-2.31733127821168,2.95574426108518,1.55725138196055,-0.138995680853654
"215",4.22602401015515,-0.312874955371285,-0.74495137869524,0.61972310508812
"216",0.689387227679912,0.375620465864607,0.941344313266209,1.55081043616593
"217",-5.63431085111619,1.74390854213975,0.869106179306933,-0.67846184969046
"218",-3.02613109316196,1.27601563762293,0.695611629171983,0.486631296790158
"219",1.34338994985193,0.628151815894643,0.481562182753396,0.276613064915036
"220",2.52817228939056,4.33308518848286,2.4259356065848,-1.15274661769516
"221",-1.13541513294939,1.06844573156746,1.10248501106071,0.184342753442498
"222",-3.17060923489535,1.67184541138409,2.10604077664134,-1.95235918597994
"223",0.607991698404014,-1.85495350612669,-1.51272839001288,1.69179669469132
"224",-9.07080631917098,1.27067480192097,-0.587174712222029,-0.414798096540955
"225",3.97322678643971,-0.474463198525436,-0.586274867449885,-0.180987355712678
"226",0.131219914616894,2.16990757695125,0.458104686608504,0.34577102279037
"227",3.66787377031722,3.86576554930043,-0.305673082312336,-0.800597105155484
"228",-4.93258432090102,-4.01739448577106,1.48789471691476,4.11243224512666
"229",4.0156041707111,-0.174548313141627,-1.48038877082584,-0.112480961765186
"230",-1.85265461091474,2.79133010081847,0.127195672049899,0.174892239253013
"231",-3.63965662631769,-0.243239660337404,0.898973089853052,0.196136001824933
"232",-2.73390827194982,2.15539905333769,0.515656403629695,0.114766655180768
"233",-3.68964651027238,-2.44584783693043,-0.837321031526062,-0.72673237157514
"234",-1.55023754427023,-1.33648221741325,-1.81667919574941,2.22353767591421
"235",1.33033229525948,-0.299413989924664,-0.275513935532902,0.801624186839236
"236",-6.97307164573147,0.948905740031984,1.01354276366735,0.479040945915455
"237",-1.85188355316055,0.119611723217068,1.86296293877381,1.44898961614295
"238",-2.18297874452336,1.04629452719679,-0.938654552282928,0.634148470679214
"239",1.80898395236499,-3.54275258213002,1.08009157655881,1.1502779662687
"240",2.55564288679038,0.889059138277612,-0.130969455442547,-0.123041860579251
"241",5.72112986945949,1.69525895500216,-0.259467076281569,-1.29178212562832
"242",4.43673844632009,-0.482554994124319,-0.252905444256878,0.48399529025272
"243",-3.39573643980828,2.79620666301922,1.43281348115819,-1.27817283294193
"244",0.938642259333795,1.34508206574148,0.406103432023039,0.698868852397306
"245",1.74852960397077,-0.894562184489119,0.817405807178436,0.926446014653456
"246",-7.72574231776129,0.0773395311224135,0.322146281035764,-0.165803990977486
"247",5.14113157986451,1.67695664915762,1.19559521040049,-0.359784028482992
"248",0.533597397024679,1.43578607690022,0.48382263269777,0.659464093432722
"249",-1.87086329197977,0.524755841992083,-0.107307787095111,1.07879322060132
"250",4.12282724225877,1.62456263485175,1.12839010019682,-0.0720434182957352
"251",0.438022681926054,3.65224895796682,2.01730693563801,-0.161736651744028
"252",4.578695054232,-0.0619642935730806,-0.0841143105670294,0.170001037530726
"253",1.21771462655046,-0.901651364074621,0.0936935135817002,-0.34335091308667
"254",0.515367355197161,1.63930406626243,0.133292597930774,1.00730507722095
"255",1.7489042592045,3.23722245688054,-0.215063609553178,-1.86643335845996
"256",0.431512673994078,2.7821544153515,0.847628505465358,-4.88317287707143
"257",5.30591504533849,-2.31735831649258,-0.548538608673911,-1.14604427987365
"258",4.07188944755173,-1.45584887484313,0.122545359279619,0.675117006417428
"259",-1.34583958747987,2.03172184964394,3.23322795022232,0.961968919808423
"260",3.74768509904897,0.445990723801617,-0.180655168034331,0.218082787642981
"261",-0.759001538387551,1.96139595764998,0.7724398435819,0.782950262114499
"262",3.54293341399269,-0.0265291950970734,-0.390606072869859,0.412675694365699
"263",-0.0181131379248191,-0.187909792834238,-0.869776591946907,1.34578233935784
"264",0.767807655105873,1.03197275235164,0.774413945784887,1.03745389991709
"265",0.00419762515007124,2.11673280339408,0.19006315922108,-0.317874248706772
"266",-2.50585239567142,0.450589424187094,0.197261425393046,0.717446600675896
"267",-1.52095152502478,1.77459164514444,-0.0301456719453009,-1.91412033310346
"268",0.916434796195808,0.703385055867161,0.23412241556653,1.18707968173617
"269",4.82624071033507,0.725537757792749,0.035560153228278,-0.174906998467847
"270",-8.42442909688895,-2.19414281635439,0.107793648185824,0.464918669920145
"271",-3.74260940471705,1.81471672526587,0.964725819693942,0.809331933785697
"272",3.22039575072107,0.804157197541432,0.990794621083612,0.215550214702012
"273",-0.904388162424917,3.74368655014142,-0.0604236033696918,-0.0206614054293438
"274",4.01369448544211,1.41749162993013,0.208752405671449,0.417787711676124
"275",-7.84102976646837,-8.65927840876837,4.31758355968895,0.140460517161322
"276",2.331819358595,0.047995800435578,-0.356970822282077,1.05880728583805
"277",2.97941571552344,-0.648253010525038,-1.05303848067952,0.723067353389072
"278",0.834114068854122,-0.492586678323424,-0.381388027821753,1.26713175151355
"279",3.14389292855083,0.882084938603294,-0.206770210066347,0.327472241901345
"280",4.42443135305651,-2.29672336629466,0.757839953568919,0.500354757149991
"281",2.76621964189618,1.62136463510745,-3.5545711865398,-0.285085175067893
"282",3.61950691253404,0.831067453855835,-0.378226825378614,-1.88376387289589
"283",4.3053767373315,-0.563815686421591,-0.983494213868313,0.322465298348423
"284",2.10532817795525,0.33257611669828,-0.333200900961508,0.805108138595586
"285",-1.11573964623288,0.323286286687826,0.693388728722189,-0.0127014548769623
"286",-6.24770152865979,0.815067133981524,0.133721579800732,-0.732455447968155
"287",4.88372162780869,3.15127997272263,0.617060848317522,-1.60130084799522
"288",-6.57043944218336,-2.09290114424393,-0.774586284009062,2.75866433272603
"289",5.06443321754365,2.32144100074018,-1.35237964009102,-2.29583874098922
"290",6.30693385054756,-1.3277969303476,-1.74570081332086,-0.815688414188586
"291",5.05153877653412,-1.25184847742102,-0.995110790036266,0.19925271089592
"292",5.3699539266853,-0.123017215883575,1.1348036271905,-0.0315554678260795
"293",-4.25413179285271,4.367794322279,-4.53053827499539,-4.74840455604923
"294",-3.02618973503181,1.47116608578028,0.956299138414767,0.993075852994555
"295",0.928246677607545,-0.0505063670653644,0.626497815602135,0.790846068361898
"296",2.06510161220689,0.0387560138876895,1.50310719509735,0.802802797414745
"297",1.68921324827807,0.254586622771407,-0.353905234001611,0.72356086132617
"298",2.94022254413405,-0.892348447474216,-0.974975511497358,0.925047559435381
"299",-4.32438321949742,0.0895484858835016,1.2969662739188,-1.56863949847173
"300",1.69673881948828,-2.27577035273835,-1.16091010132626,1.57863193640944
"301",0.134833346964242,1.20092720826798,0.782282013563784,0.993223610373602
"302",2.12851793658972,-2.49519404732327,-2.61163314518699,0.437028743553532
"303",-0.584191106743482,1.04395483703773,0.213022860262293,1.41007949994703
"304",-3.21633071569508,0.53802622353289,1.21652635024376,1.02561930634699
"305",-6.67797276454414,4.61487168266722,-0.0289834567971856,-1.73955658482598
"306",-1.780642521291,1.4857648704614,-0.953994297099602,0.0702410230304949
"307",3.64543670090729,-4.4434226516004,-0.40061882374449,1.24507536436476
"308",2.08535096812316,1.19350113033542,0.522747226544979,0.878071970447311
"309",1.09649516646359,0.51116796011886,-0.480279117427317,1.37803192452891
"310",-5.18682539345167,-5.05480655021918,3.83413919713022,1.8921467058358
"311",0.588934794691165,1.10925278169916,-2.19349381550914,-0.000673399298038637
"312",-1.17444788988464,3.74640883945392,-4.42260637005842,-1.84410960902602
"313",3.90620462442613,-2.59332428098246,-0.138267031580723,0.322781263078692
"314",3.11085601975004,-1.226044203128,-0.314173130678611,0.678606538770176
"315",6.08908799719427,-1.03692201840087,2.74715318718995,-0.237760424914533
"316",1.68413739246084,2.19535801819774,-0.487057559055687,-0.162767469752255
"317",-1.60093396996118,1.81707096957157,-0.582537664292272,0.598940320592101
"318",-0.0436583620310752,1.21656665251437,-0.205962205018528,0.291878695971147
"319",5.04489293387794,-2.979801396385,-0.468902504654379,0.57517022091743
"320",1.18168612778607,1.97545319260881,0.554115408925899,0.401986142871372
"321",0.935377751826351,0.367652086110905,-3.21730552062724,1.1668484978108
"322",-4.27674702151336,1.2818820929764,-0.970765930640557,-0.949643457188747
"323",-3.36377038915601,1.72591809318994,0.569678286245819,0.393440232157309
"324",-8.23428947520526,-0.458088864726461,0.697242392975662,-1.88225182475767
"325",-4.43364293503319,0.00926626878789108,0.404213165574152,1.31654153695065
"326",2.81477319536638,0.102418124118181,0.140663996481679,0.473972503123773
"327",-4.42376491372778,2.84825253395741,-0.368475251920587,0.00043126927525701
"328",-3.40862878950691,0.463725045060946,-0.750258892646881,1.06543077992095
"329",-9.95318676784443,-3.74798574028364,0.662295847619686,-0.171487319931951
"330",-0.40173254083916,-2.40277274602354,-1.97570338591236,0.891049828145593
"331",-4.19243620739387,0.575919764908034,-0.616140148741581,1.11031321538989
"332",-1.62541431329961,0.58156146192258,0.444287105955591,0.38611365740798
"333",-2.04843655059052,-5.87802949281651,1.28078249637408,1.34900460204025
"334",-0.480335418848977,1.30271130718162,0.0687595340507886,0.894660071755826
"335",-5.16553578533692,1.01864259147806,1.11091753952403,-0.463402173247914
"336",-4.65733079636275,-2.65496218392561,0.678331624733176,1.22201033906287
"337",4.12021945846018,-0.284838343015027,-1.13485875162064,0.0180564742893318
"338",3.95706978306619,3.43911137200784,-0.25371123943937,-2.27551424046264
"339",-8.10629107312984,-2.00304717829284,0.741860622350989,0.245583175837134
"340",2.24876112774798,0.627036400559045,1.20542270588044,1.26059582347271
"341",2.86160836054256,-2.79500266967204,-2.24314383691492,0.63228484855574
"342",3.93308468060483,1.36792506446308,1.46067068264702,-0.128461193414693
"343",1.8475319493876,-2.78971129010805,0.397102268537054,0.670369884984964
"344",-6.80526133184238,-0.126798101675811,0.959733688827231,0.498165872814478
"345",-3.05818530315106,-0.218628520799007,-0.708808933224363,2.05973805387684
"346",-7.93118020946026,0.483131139985367,0.446779624577975,-0.103014475563735
"347",4.56613103525018,-0.640583966565332,0.42800554866956,0.120428666354372
"348",-0.924228874706777,0.81060795615873,-0.109330604698979,0.995051336048821
"349",-5.1308604936326,1.4279392999932,2.16784907113107,-1.07731397000927
"350",0.254222132651038,0.160379697361195,-0.474103411766991,1.15689576752491
"351",-6.56726499415254,4.04408648522586,-1.46754903109952,-0.577676956294952
"352",3.60690563966197,-1.36264682767683,-0.0237870869290713,0.606901782339262
"353",4.54075740153477,1.25653540838458,0.292425435614981,0.287988523817825
"354",-2.06550165475437,1.16946040261987,1.39607766938083,1.33065645579097
"355",-1.46239094473554,1.94333266953199,2.3584964710839,0.998968110626271
"356",-7.29277479854333,1.01704064488204,0.984226049502197,0.327986956892807
"357",4.54171459081529,-0.682675705074901,-1.4415670732451,-0.0316875749672679
"358",1.95027519248653,0.332165492967479,1.00430137453244,0.897932084263277
"359",4.90869462742644,-2.34375803384474,-0.501366049563964,0.580804519471459
"360",4.88262584910181,-0.216834862335236,-1.0393505268703,0.437180257080107
"361",5.62113548720874,-3.1806667639086,-1.86580962929545,0.406063771572358
"362",1.01919752605846,1.42501716890194,0.420128699119779,0.548242239872761
"363",-6.67651867490123,2.14043098379914,1.40986909505786,-0.362715166129894
"364",-3.65407202966878,-5.09314020884634,-0.0620223711205089,1.30997325817476
"365",1.79296242773151,-2.01611657938267,0.833721091404662,1.25461260627783
"366",2.94111997889613,-0.104730218514329,-0.147764196023047,0.616730028663146
"367",-1.86338241394451,0.267984932619325,0.786449254372675,0.614956636772623
"368",1.83356525150887,2.57772750747846,0.892184741114754,0.412194860101774
"369",5.82967893410551,-0.60529925571316,-0.0267496671480767,0.011430040334012
"370",4.30132504223032,-0.111228785364295,0.685619043701794,0.586417789928334
"371",-0.625498833673288,0.315421836196835,-1.9682719483142,2.00765436758758
"372",3.9316792029326,1.04544322416448,0.144033807095272,-0.664974110617095
"373",-0.668974186138006,-4.34653228949079,-4.11518632644476,2.94598760297286
"374",-0.0838136940813016,0.259900246690013,-0.654037768150963,0.822925725765773
"375",5.46634504721102,0.0867526308198948,-1.01723268438441,-0.138516165420913
"376",-8.97104280575014,-5.92962338860356,0.440763204646583,-1.7595162175108
"377",-10.0464553496621,-3.02414489033568,0.153021630998316,0.0780738442753847
"378",-1.43362633294746,0.0488792128491216,1.00157748140627,0.904860414314969
"379",1.23073171875205,1.50737506776128,0.976196314345147,-2.18131213293945
"380",7.92122043526187,-6.77768662752066,-3.12993264417168,-0.618453601524343
"381",4.36209060274292,1.13561388882893,0.799019724494726,0.12377963541718
"382",-6.71695534458872,-0.284426251832042,1.420563381059,0.133836083569343
"383",-5.44550287255449,1.85795090309501,0.668144545212111,-1.1450817651523
"384",0.793986199295287,1.35187620767153,2.08380927117373,-0.118104699386181
"385",0.804253467170186,-0.398046900941073,1.49859819614776,1.19967797018587
"386",-6.20202389809308,-0.859097856916518,0.127171186881748,0.889415653259828
"387",-6.91823527730034,-4.51694282310042,0.889105595980825,0.913384751647796
"388",3.17302071582603,-2.21698186664342,-2.71584006474902,0.894971496539659
"389",-1.63428573129906,-1.06595656657399,1.50237266848237,1.2694803024268
"390",-3.57632812842681,2.1471051464918,1.23498872747261,0.134659506761196
"391",-2.9146223399835,2.47149670671461,-0.110998326390996,-0.667907295299539
"392",3.04137976380463,-1.94703481357039,-0.592521101447246,0.811885006155596
"393",1.90265247427791,0.257407195358911,-0.68911342965534,1.08926027048676
"394",-4.4606104329345,0.649290649221508,-0.316360125311218,0.725143781854468
"395",5.57330165085091,-1.54811458998742,-2.01594812553277,-2.18239254117101
"396",-6.67469066925163,0.540798161979588,1.07984340183223,-1.07660604373903
"397",-1.83990909365729,-1.38656463621298,2.26718537576347,0.963854594186678
"398",-4.15547520426299,1.17633204515929,2.33904430083687,-1.05726964511375
"399",1.41936679395565,1.4417658469379,1.35160963656297,-0.449331885999446
"400",3.54658260949786,-0.85371518963015,-0.875240938117732,-1.42823824181721
"401",0.982199222819399,-0.643061000592787,-3.73011489178133,1.29026389461363
"402",4.83007832696372,-2.17090949581044,0.587800913769353,-0.930719881865371
"403",1.67129731533475,0.568123511850955,-1.10986092179948,0.490549929175281
"404",-4.96046520033029,3.16025772317302,2.28266008015237,0.0382138781246421
"405",-1.50371702586776,1.74976949877908,0.697976848945099,-0.377077601619516
"406",-0.0588183201685963,-0.24834344031277,0.797630786363087,0.779929525675346
"407",3.26912788437817,0.48299846066033,-0.0432966284522153,0.233826768324449
"408",0.77340311422767,0.965598885927442,0.103665545669682,1.12213672615041
"409",-1.38207693489899,1.038998687483,-0.165987721337294,1.17197414027111
"410",2.92044688579403,-0.573421209748354,-0.622527115702856,0.679199128289716
"411",5.55761465170341,-10.1352717281556,-5.5775278618346,0.521143168236397
"412",-7.91233537985385,0.888317835036254,0.265809718007254,0.342683266358844
"413",3.71340038183882,0.371071964024027,-0.260250453846564,0.497156785584084
"414",1.56662083375044,0.3576737121735,-0.205840283077283,0.884073519449224
"415",-1.84102533305653,1.9941437503026,-0.335823427875911,0.800003157237462
"416",2.9923141022375,-2.47854702039459,0.151568537353186,0.805076780358314
"417",1.98989269607801,-0.0822722376510403,0.112033063817699,0.669506741012056
"418",-0.439959530529538,2.62717750717833,3.56858220605139,-1.18575922614762
"419",-5.02567837676457,3.48562681303085,-3.65691873789929,1.24193402001344
"420",2.13341732679201,-3.07527710344308,-0.949228562384863,1.08974385690399
"421",4.64019162154807,-4.14778811875895,1.4672660295373,0.561416140541478
"422",5.99902614965367,-2.94220139540233,0.351305987264315,-0.0138723855277014
"423",3.20718482230823,-0.0501771128664745,0.389415975582717,0.53427823638153
"424",3.26164924524777,-1.46718566342557,-1.71374337051774,-1.14304903907706
"425",-2.35734967809064,3.16314101825878,0.648148778122794,-0.380918135417187
"426",0.199198406755622,2.03416771237953,-0.934321951950262,0.444979534774173
"427",-6.46272687532213,-0.336037457036507,1.77352764947214,2.23528666748261
"428",4.61749177793021,-2.90743437728525,0.224419402175962,0.353223634299572
"429",1.950200069164,-2.34457914811384,1.00625359545026,1.10930527031814
"430",3.44550063814781,0.635819669428568,-0.629049840209361,0.561802750284421
"431",1.79444896004303,5.65406134979151,4.33002250244045,-2.90648586965027
"432",-3.91393950499132,0.697883726100679,0.0316405082303116,0.391809856629452
"433",2.97485987489328,-1.03150181418244,-0.301991885857171,0.62984041250024
"434",-6.84519698241945,-4.88274925144179,2.47884135081672,1.12428150261866
"435",-3.03546557383702,1.42165547184776,0.359099611797254,0.611611430039339
"436",5.5126415226605,1.36310735519162,0.577248956569255,-0.2321751062185
"437",-1.68718787596628,-4.20273783295029,-0.899050523674765,1.87451634731327
"438",-1.11408909832649,1.6650725302943,-0.348896457014765,-1.55199285931682
"439",2.61771506158569,0.103809104883553,0.307107761159386,0.648839784012988
"440",2.02309515707906,-2.5443958285834,0.968316992804517,1.04133132574682
"441",-1.66595972553992,-0.305824181750484,0.663758835150421,1.12248930149629
"442",3.04322943516739,-0.522267346488975,0.580464453002313,0.617577085685117
"443",2.37591136626024,0.805608509836278,-0.316102574812668,0.510872904754499
"444",-3.20455268868926,0.636220528380087,0.462113921760974,0.711092402092049
"445",1.92383864561923,0.532030315377538,-0.274947341373727,0.858575483711273
"446",-0.461052594214484,-0.0786334870543566,0.443458287727161,1.12571126325796
"447",-2.38410147536098,-1.18044279353003,-5.71431309753889,0.330218808935106
"448",0.519665583197349,2.79718355454528,1.23771737074785,0.0523992134504586
"449",-2.99410442642391,2.57580094291027,-0.239575626403614,0.506673045580885
"450",-5.03203370319684,3.58941956641774,0.987473164733635,-1.47118264510183
"451",5.74300083575327,0.641374132276865,1.10116561954468,-0.577329299000767
"452",-1.57986028060619,1.28131271371222,1.60536680989243,1.82983253458737
"453",0.0370441221156645,0.768795424122269,-0.630927454806937,0.69391525770576
"454",2.65595840735645,1.52151992460704,-1.00421071656013,0.773150466581461
"455",1.46046248647673,-0.192319526041356,-0.379644455752371,0.945167754073869
"456",-1.68589075286117,1.78281426189684,0.0922345308412311,0.679869659387062
"457",-2.88781962750214,1.55731833156327,-2.22895763470499,0.733499744991826
"458",4.51356669235446,0.669281715853414,-0.252092214575147,-0.140452209300276
"459",0.0635777271863375,-4.40215182704129,1.82015027294031,1.49849892227037
"460",-0.166702407881018,0.166449445902521,0.692944086416392,1.06460519247306
"461",-3.39707127602597,1.04294601137388,0.292009736208702,0.717017801083743
"462",-0.522733781194179,0.486497751989636,0.276128216338035,1.21325328769232
"463",3.62365362343473,2.29998165403454,0.408721807552975,-1.66127046851478
"464",-1.15551829206583,0.909318092124731,-0.245521944208961,0.715107436609266
"465",-5.46785635838777,2.9998693828961,-1.59030315763971,0.685220936377194
"466",2.58783293173162,1.92078631135895,0.0634430538476097,0.00310825961386919
"467",1.65669036987495,1.19542457004565,-0.701271706824263,0.301712025280206
"468",3.07424623994107,-4.73549553314914,-2.24304975916849,1.12417239468093
"469",2.80718276014928,0.366252225162269,-0.188118697175337,0.87694165179617
"470",-1.1669839612,0.913293110697259,-0.417300096274132,0.92817789415844
"471",-0.569601943921056,3.02696454693664,-0.627302484031258,-1.58575952801504
"472",1.71691524118754,3.11319927240923,0.0945542137688711,-1.55993582536593
"473",2.70582746606568,2.07684425306911,-0.983732481325729,0.304290288069274
"474",-0.310599531716328,2.59966192457892,1.80545770157223,0.776600884821919
"475",3.22456443044952,-1.75043993582991,-0.937519704093788,1.16413236926191
"476",-4.26291436884581,0.72389153848678,-1.5133553276091,0.840196086623979
"477",-6.58376388140482,2.15635452973704,0.142922209201001,0.432151313760727
"478",6.88766701733952,-4.75241914478335,1.91288515091632,-1.29445210876169
"479",3.00801959960198,-0.620727234612695,0.671699711614479,0.907641070294146
"480",1.65547242801264,1.44668872422214,-0.335562418987338,0.519762341240683
"481",1.9031848647875,0.760048169588565,-0.211522225504406,1.12846844760883
"482",3.03083551852229,0.0782067845512009,1.1699593673212,0.235063441437644
"483",-2.01510280796536,-1.05971507860102,-0.394300531918578,1.4125414962001
"484",-1.63974651941249,1.13693346887172,-1.47806775654771,0.308071173564692
"485",-1.33051079460103,-4.38002365230685,1.67529778037025,1.40822610932883
"486",-4.69203672378235,0.656097740050916,0.802497187610321,0.273803465867895
"487",-0.250598710059223,1.39159001216342,-0.0415356924106439,-0.998714358349737
"488",-4.54249226736143,4.30400117365973,0.857741322773779,-0.620016362292797
"489",4.41318357433847,-2.63275662991489,0.774202017021801,0.680391503519671
"490",4.03786157382179,0.661325217848993,1.20706923165002,0.279518974123405
"491",2.25981291194661,-1.10250648653587,-1.9661634243699,-1.78066756837362
"492",-5.07050732278533,0.612980896716431,1.17246752542169,0.875261911267066
"493",3.97879171621548,0.324624759476722,-0.622941519859787,0.432781897999206
"494",2.0838734529199,0.087046058735728,-1.00446047198599,0.890623161762452
"495",-1.84725867538196,1.31968872927829,0.380708964237998,0.267169532844644
"496",1.8573962349384,0.642897253204329,0.295813246899415,0.859314392308748
"497",-3.17191584216028,1.3668393813507,-1.94875171829225,1.93242062813461
"498",-7.32540448435675,0.977899784545582,0.923423389734486,-0.268624220261472
"499",-1.37516016597656,-0.505150302677613,-1.47338427095521,1.77626346123532
"500",-1.65564040093927,1.98153902657372,0.161568959285977,0.428394677286033
"501",-3.34477869693059,0.796344097345316,2.24049490427459,1.77872768175774
"502",3.64532928064451,-1.26069071491077,0.89545726613755,0.381416560835545
"503",0.358892095432593,1.13545633169259,-0.143021157016261,0.0692865688846271
"504",3.25203673494988,1.34296891900641,0.760155471133541,0.176002296283331
"505",-2.71029571582945,-0.473129909608743,-0.331214064219322,1.17035065003777
"506",1.41303660776913,3.45834581487488,2.43678045548994,0.319728943325676
"507",-0.103915124476021,-2.57423800480793,0.222161686143365,1.30771606127726
"508",-7.44302325460952,-1.78488841371587,1.71765682245912,0.638027127383963
"509",1.82959095423897,0.351493939172261,-0.618313341139123,1.05560724246192
"510",7.13541635237525,-1.92748624281704,0.329204959944788,-2.00667352823779
"511",1.25902481095111,1.87501790122125,0.20637130762034,-0.0584067677078476
"512",-3.80225759088732,1.63985216987612,0.213754663720968,0.594646996152632
"513",-4.51272025757599,-2.96088391748223,0.819062095071737,1.24299530880557
"514",2.86849729141693,0.0627347105349082,0.103639820148847,0.207621874121544
"515",0.427783716260958,2.6783892006768,1.36831952086486,0.288643649421612
"516",-5.57576883232311,0.880817654948907,-0.0695849018790974,1.13252705785746
"517",6.9683228769919,-7.60564991786299,-4.02607442355538,-0.295997289524264
"518",-6.63160069854489,-2.47858185586102,1.36350054817813,1.73901584264459
"519",4.93524532437562,-5.30274171868279,-3.33171166684701,0.56188117274111
"520",2.26743772407758,1.25863742210045,0.76098098228833,0.487967768152724
"521",-0.28011564407602,2.33546181535368,-0.470857232977005,0.0479504995875428
"522",5.62778885512275,0.870672225685919,-0.022251080030271,-0.326925470233785
"523",3.11280679979549,2.25172698826543,1.21269617204594,0.272567867532341
"524",0.474765752105571,1.72284010506285,0.435335730110157,0.797420797878843
"525",2.08277193688016,-0.855572433230339,-0.587578133219395,0.307825958735718
"526",-7.80239426397994,2.55407627739824,-2.06298246847535,0.217411325193177
"527",-9.53922429418913,3.95718196709854,-3.25851129262644,-0.865527027360952
"528",6.72473301881906,-5.59799197783034,1.25371144085886,0.398386011231577
"529",5.61952841467254,-1.82843376076533,-0.645639183269442,-0.018453825778248
"530",0.54507989734651,0.73103708292672,0.579563530552707,0.866143194433202
"531",4.75384164791025,-0.630571723977569,0.352794094927812,0.42678576188804
"532",-1.3936439147387,6.15312715933847,0.0586808933263232,-4.26442291960198
"533",-4.25679427938037,1.02368089337191,-0.764099790980805,0.686355023228469
"534",2.92325853157053,1.66003819112063,1.33340820907658,0.491553806020253
"535",3.76262835001133,1.65440309835351,-0.0259738973052173,-0.0288078547017027
"536",-6.42778685407371,2.67374610879354,-0.26803072573288,-0.0775445874928691
"537",-6.8431437248023,2.24649706987469,0.0752983949368838,-0.0601510946596022
"538",-1.96367623042463,0.0624021733776433,-0.0814874385144019,0.0952911582325811
"539",1.13041043040868,1.32307109166184,0.634798890491888,0.796367296761283
"540",1.72059996546768,1.19791185025594,-0.391045340645097,0.464633979412942
"541",5.08315751125243,-1.49314505193283,-1.48677406860078,-0.00913147259552977
"542",5.71623538851951,3.86102651187005,2.49703154390656,-0.476653991485779
"543",-3.14935340413632,3.52117159541971,-0.32629946462177,0.993730203200781
"544",-2.75112392205814,-2.71547239581264,-2.2455798100238,2.51766307890318
"545",3.20260225822923,-0.350972923094149,-0.597364678352585,0.538346144820183
"546",1.86236361563279,-0.174166720872759,0.523496197393425,-0.184342164077853
"547",2.62952562380368,-0.841776015318956,0.906094225274451,1.33718447293925
"548",-5.75100640365486,1.88866411887031,1.31217342360405,0.557307825260353
"549",-0.0391361531670935,2.13274945218494,0.252599285650587,0.294206696222452
"550",6.86281645519301,-2.52197479866157,-0.835394838594534,-1.05018179973256
"551",5.92505548878216,2.51209163187867,-0.684026641167947,-2.15243475619034
"552",-7.37198951195453,2.88950011818086,-0.39630437643006,-0.270987882493187
"553",-2.93616450594438,2.94261272490905,0.206437361080281,-0.175631150302984
"554",-8.24816587261069,0.744479609743319,0.246312408255448,0.0915407376978565
"555",3.00162786461827,0.456038559835703,0.11485318190562,0.318708920251806
"556",-5.5891837208227,4.28995634675137,-0.294964251868799,-1.5742542849872
"557",-1.6790627044478,2.13888021376045,0.917427569508365,0.443985915175465
"558",4.65927322621681,1.07692342106572,1.59091662801762,-0.261256049272698
"559",-3.74793568276355,-5.5960943870113,2.88465268774211,2.18324076565124
"560",4.90367868394748,0.418443310008011,-0.665041151537609,-0.147638235312327
"561",2.88915998367386,-0.180056397845064,1.55006262228415,0.738433472577471
"562",0.273541198704534,-1.08851187974266,-0.301644889812816,1.30467221739736
"563",0.728802146960436,0.0868637325260221,-0.466984703343346,1.07660575236046
"564",2.62802853602541,-0.383174985760761,-0.989852979067024,1.02732006933068
"565",-8.0367056863173,-0.183647684678975,1.07996384951587,-2.26126947094178
"566",-4.93616737630518,-2.24832221153605,-0.165243224980646,0.698907706938716
"567",-3.23461546239019,0.0932583251160857,0.0666449910182669,0.512356580020182
"568",1.17699063296417,0.982998594281556,-0.5730469683012,0.9080698380771
"569",-4.98010165789993,4.00912444124185,0.624000493732016,-0.660668156039691
"570",-2.43410429251398,0.57557116377196,0.0845920670213885,0.996692206996845
"571",5.7838201083481,-1.19712316957389,-1.94206985495922,-0.770306025882267
"572",-1.79629829295402,-0.0648502405455663,0.378453040514553,-0.303467728410835
"573",2.20010806206466,2.59658068560564,-0.101500480841001,-1.64815366058343
"574",4.22456370650194,-4.65885387382541,-0.303182514816556,0.522880223158099
"575",2.96000187063647,1.12882991715087,-1.95799897274446,0.930048837374355
"576",-0.0620597161916731,-2.96143535814078,1.73009339311018,1.22288396859577
"577",-6.12559650664819,1.04972023256622,1.75485015776579,-0.130938680628694
"578",-2.88955708771707,1.58016485380869,-2.00625636588369,-2.19537018690288
"579",0.278394499338274,2.56686609395692,0.729610926594976,-1.63034504447061
"580",-4.90792096172613,-1.54503645361396,-1.77725263725746,-2.59908994724893
"581",0.500232662791403,2.24564798607339,0.813059076649476,0.120018745455742
"582",2.25373273721579,-6.14727641059919,-3.62600212560501,-1.28890569263024
"583",4.37080024064856,2.82615425793049,-0.199260975829679,-1.8846436350453
"584",4.12020100337084,2.04893033478626,-1.00925623520136,-2.45242915865874
"585",-3.5682968403981,-0.60495956202716,-5.53270198908862,1.26485463133467
"586",2.81615616433848,0.384581118229687,-0.361007044865748,0.142052977596373
"587",5.62505764896391,1.47068276711507,-1.95885693278506,-2.33043895438816
"588",-3.21172904189386,2.28472448707525,3.20178253429374,-2.33655289192739
"589",-0.0105626798671692,0.380628861990042,-0.467303122797494,1.0687963130133
"590",3.52468370786351,0.701121918318853,-0.29238664249993,0.326442799687182
"591",-8.29879473737291,-5.11771225877034,-0.382900591821529,-1.09332954023566
"592",2.50601645675241,0.915598048310674,-0.578587148525203,0.407751916299663
"593",3.57798558186262,-1.98280488086152,0.0914061706551752,0.845591845458353
"594",-5.14533297259873,0.823075270727504,0.893301000902767,0.12933832352133
"595",5.63157715048131,-0.839965132089055,-0.464408025256716,-0.571065708892521
"596",1.330066710715,0.756939793637577,-1.19380532108628,0.622712940679188
"597",-1.5757692255821,-0.216845530465368,-0.303216214463614,1.59388141502315
"598",3.18281588644914,-2.09462186483233,0.72701498928038,-0.0635031430142028
"599",3.3991800204231,1.34489194034395,0.699796118119183,0.288696937748858
"600",6.20057542441116,4.22757220365408,3.40703741659186,-3.04205530600271
"601",4.55055455129455,1.02162637698285,0.314879046461545,0.412460273266498
"602",-1.82563919830837,1.25599850738033,0.127455561335574,0.977375660061154
"603",2.84099457005025,1.23491936292705,-0.401184434988073,0.354739907855516
"604",3.67094993621593,2.5652668373714,1.03993087121187,0.209584200664762
"605",4.61986336139166,2.19662220414081,-0.195473985492909,-2.58079759421213
"606",-3.24344567727627,-0.658897096231634,0.68864097469595,0.499609457756398
"607",-1.23494511872603,4.46074708731361,0.154014336793147,-3.39529226720879
"608",3.57030395873507,0.90750548153277,-1.06094942626762,0.275506872126274
"609",-1.68329481972483,1.10687708655021,-0.667047714037069,2.41367090008462
"610",3.00483335912019,0.950666719610235,0.630699838040557,-0.157832537183556
"611",3.58799407530332,0.247291315073106,-0.995181895886602,0.583372757319865
"612",3.10135655653717,0.727101792680503,0.38056036373783,0.687476552439819
"613",-8.16870115166265,1.08028362073319,0.135458621590725,0.981342540573624
"614",-8.3452946002864,-4.57187114984869,-1.9598253560064,0.94247655815328
"615",3.4137918729107,-1.19367708152199,0.614693340649657,0.624682249527557
"616",0.548326523508242,-0.645550649018303,1.49552863783216,1.17557985623272
"617",5.5142904546543,-0.251810483601124,-0.133338014340166,0.0818751273070566
"618",3.27567678620282,-2.83060859388568,1.96717847943192,0.564214626427468
"619",3.29071108368949,-0.503291153583037,-0.874303915083168,1.00252362083276
"620",-6.26461229532461,-2.51118625069199,1.39727818003486,0.575490892689395
"621",-2.50218593997182,3.95324058176319,-1.07565713035412,-0.0283900738625735
"622",1.89464131432564,2.32162228906866,1.02556294295776,-1.07051488872299
"623",-1.5217316098221,0.227217376394301,1.10906262055334,0.820554876457284
"624",-3.36627880814642,2.67072463662739,-0.643772394412329,0.567596061255434
"625",0.110158785175372,1.88094749435588,1.15157989347181,0.333064989340554
"626",-3.82307870737839,3.21918956583005,1.42122233014822,0.138724754690018
"627",-0.567880941491076,1.46908142901575,-1.27929987662613,-0.0405290107712274
"628",5.627159232522,-0.189329519133423,-1.81135826384719,-1.26079916215035
"629",-2.8879586240601,0.238178173354587,-2.05803871916251,0.738181738403981
"630",-6.66823711748405,3.63733388710277,0.456045766864965,-1.25119075336456
"631",4.91182621351682,0.54657756802272,-0.393631587164311,-0.418313449092792
"632",5.7533562914221,0.154232219708386,0.239303921036583,-1.30226723220254
"633",2.81895709975781,1.77804426410401,-1.83460209776365,0.351294768794976
"634",4.93968173563642,1.1963922807951,0.436414424720726,-0.213605715408162
"635",2.09787213423633,3.89001659746489,0.616687824600421,-0.18885623262018
"636",-4.46942233642902,2.89518684364384,-1.89270060994103,0.080533298270065
"637",1.86591117292903,0.822976033573671,-0.126911753059718,0.265561138075971
"638",2.78570086838963,-4.1326510797925,-4.17883890545452,1.68459305592319
"639",3.20416324232079,-1.66730870704042,-0.17224578761322,1.05960111897479
"640",-1.80883482985088,1.53825829916406,0.559818920379646,0.856543609668237
"641",1.37341081575118,-0.415520763507888,-0.422932952147156,0.984279202141496
"642",3.81070188910522,1.83307002683525,-0.401196906792455,-0.0906665501142262
"643",2.92834357163977,1.78303675605057,-0.892774970700557,-1.59204439999587
"644",4.88343858876233,1.61538731292915,-0.508359967258972,-1.05946665177036
"645",-1.10418100131052,-0.243544626480877,0.555245968442054,0.572255228325264
"646",2.87809176725537,1.57830258077526,1.30044211762302,0.592396528973487
"647",1.03354174371949,4.42616812585631,2.77095051806652,-1.39549674071359
"648",2.13272430391519,-0.219184759012469,-0.72099088204213,0.899773297792691
"649",-1.34000996864268,0.616793325356787,-0.419594975048813,0.125509205986336
"650",-2.08626024439608,-1.16700615583223,0.156850403648339,1.69655068196083
"651",5.34908353848813,0.379521506112416,0.393579439994995,-1.23743850274892
"652",-6.98677370710403,-4.87186746169893,-2.37911431635628,1.14308788574314
"653",-3.42797267214404,-2.10569969199139,-0.106325038391569,1.29506356925501
"654",3.86925628857647,1.51579737942187,0.520098246291747,0.0925772004430586
"655",-3.4553877988902,1.0963463548829,1.29513291644921,0.318296046314444
"656",-0.786254615162615,2.18599910051486,-0.806781738788872,1.08925076207913
"657",-9.52237074679275,-5.63089810358102,0.108196524072001,-0.150591198676514
"658",1.57471882242299,0.847547799157706,0.726884648399918,1.18835865535979
"659",-6.02168247497064,-0.778997875584258,2.85264062460218,2.01050836624345
"660",-7.78237289642196,0.93852316287915,1.14711345902299,0.621400621664525
"661",2.22271216795528,1.01510519768365,0.515712491907431,0.787503906944902
"662",3.98074356570539,-2.89538041306842,0.197742094499722,0.851813990482096
"663",-0.447756406537018,3.9477728709094,1.03238166622185,-0.173281032192797
"664",-5.19785298900458,2.87635925061591,-1.00151461522325,0.223393558065197
"665",4.3359759808374,0.464243004878613,0.0215985642768431,0.239725047807868
"666",-3.11043588607532,1.13343364674741,-0.550167350120041,0.545884420623069
"667",-3.38039580212776,-5.73778280479009,-2.19552385748059,2.40987908877713
"668",1.4121581207725,0.598665485029354,0.233285999405798,0.278739269324262
"669",2.76771513644105,-0.169268014052517,1.79598525955797,1.83148295572287
"670",3.6417881335863,0.77799399990937,-0.766649107425879,0.00297974080880369
"671",0.287680370033723,1.27068872093601,0.970434020823199,0.390269755224219
"672",-1.55042316069661,1.80884764719675,-0.0667818391076472,0.223847545609846
"673",-3.38886824883541,-0.983998710312853,0.981702254669921,1.17417553620455
"674",4.12626648701092,0.696515715534558,-3.28392603759175,0.437754719130895
"675",-7.85109787229523,-2.46769429535436,-0.20818983859677,0.866563326819071
"676",-3.05468427422453,0.712336841683783,0.730609204006105,0.0669211590085737
"677",-3.45249981600265,1.14232654477518,-0.14086956836134,0.618746602984773
"678",-0.136992895064061,0.421510660871848,0.45508797837239,0.938290556816923
"679",4.52630897782328,1.5084266904102,1.38431671353944,-0.0856548806646318
"680",2.19373970868657,0.687290593360632,0.426641599639343,0.467449971926986
"681",0.159919168672724,0.824905220679886,0.31131679084679,0.787897315487524
"682",6.06030968675296,-4.85990125678477,-0.0260193094969397,-0.203708067148033
"683",6.15413665200553,-7.2528007789883,-4.29903000035131,0.26678369340084
"684",-4.56379423904597,1.9951637885976,-0.470807138980035,0.829157644551895
"685",-1.10109868820762,0.566957660998123,0.853305614015054,0.796711458562412
"686",1.4075502935637,0.692179332866744,-0.163014146383582,0.26360422434528
"687",2.79366944988076,1.01056588518221,0.210337089367705,0.834697985668435
"688",2.33598551895754,-1.75425224735424,-1.23837175955784,0.660671659988364
"689",-2.13831550611509,-1.56237333519228,-1.00229977338872,1.02773136849245
"690",4.88805367818792,-3.0629333143574,0.305662762707596,0.689454882978028
"691",5.3822821885575,-3.38150738630432,-3.13658005576748,0.173231279941554
"692",7.341322548455,-5.78335232004786,-1.18083386784392,-2.51564140440706
"693",4.23290648350828,3.12496873728079,1.09216292203029,-2.13183090174652
"694",5.64764778141083,1.29766966656858,0.527188552308742,-1.54261917749837
"695",-1.65500165181804,-2.3727861439857,-1.87437700817796,0.812344709922688
"696",5.63789733102182,-1.42579921107741,-2.51169942024238,0.026875283829834
"697",0.753838183349906,2.13074904001199,1.43215831241199,0.352360651274095
"698",1.65893870149722,2.33540821778981,1.09833446640614,-0.49067302439526
"699",-1.56598153230858,-1.33111957801181,1.77317158618582,0.756554372753245
"700",5.33703148248749,1.13085259484181,0.935378857475785,-0.0307662230601344
"701",-9.61582245893881,-0.0332856676516149,0.148947168614145,0.590346399859979
"702",0.0982748711684058,2.56714265265845,0.44784070301935,0.264177592406119
"703",-7.34594240081157,0.110523676112968,1.58062789421167,0.132447348710224
"704",1.50861524554022,1.35050232290453,1.6058326288199,0.546829144169734
"705",-1.16096732381479,-0.0725592273638456,-1.19209081750873,1.42477907961658
"706",3.47288395396612,-0.504655303265725,-1.96853898229464,0.188936311611605
"707",1.22749395247509,0.590183269579905,-0.366674028749074,1.10137033945745
"708",-8.11538352452035,1.73711933535815,-1.85025756314657,0.0743799939797818
"709",0.690813531657063,4.27911931953462,-4.84021563920987,-0.0316234446323415
"710",4.86368884198103,0.984744779226984,-1.34569006189817,-0.0356117904578747
"711",3.09206958684266,1.79392161703925,0.225656573371361,-1.68367357481525
"712",-7.74887235272247,-0.811732343901771,-0.395079942402427,0.586578547693756
"713",0.700239879649691,-7.08374700842953,-4.54302417933735,2.49706129602266
"714",-2.45105215237125,-4.65102975904768,3.88983186727655,0.443680260023762
"715",1.64190764118192,0.134508745709695,-0.763840549535723,1.04144407307925
"716",2.92829147573665,2.45372050176251,1.81771194478584,-0.611326840027727
"717",1.59182229832774,0.376002479737235,-0.235340596042739,1.32769092532
"718",-2.28488973102196,0.874952120614805,0.305497236973404,1.54223421409087
"719",-3.60410849253801,1.55960086441546,1.99557180028866,-0.503435792599183
"720",-4.98668293257154,-3.7785627827313,2.74824558146193,3.07981540927333
"721",1.86815118027358,-4.40657334979012,-1.57450062974462,0.704986478925249
"722",-4.78994568118291,1.9292022698283,0.612624941684777,0.273677351346792
"723",4.98487233179137,-1.16974050131597,0.792754810819199,0.932703495425794
"724",4.27925632586136,0.165430895338853,-0.964284548418463,0.361111472957959
"725",4.47410797750741,0.664410928408482,0.152278368116509,-0.553935535146148
"726",-4.07154443417464,-3.22028658683631,-0.089006816447241,3.39229543711744
"727",3.04590188862637,1.10537764502875,0.767961931912408,0.198988526441369
"728",1.30301124231929,0.586292838544172,-0.91134571391638,0.935758143660404
"729",-0.416081372841035,0.82757749377863,0.186223201652922,0.924233756930502
"730",0.468652630166055,0.00465478277845019,-0.977797109921404,0.964672706300129
"731",0.0651093681778916,0.541998732672903,-0.930696719201615,0.966962608059221
"732",-4.46986349467934,0.89560276897946,-0.325002240830146,0.552446321156446
"733",-1.63121994069431,1.87332429142749,1.20669872479345,1.19116125356304
"734",-5.08913237584455,2.25654640155624,-1.01500750185919,0.261522370454362
"735",-3.44020229557508,-3.72700869365323,-3.0117312381802,0.988261290438274
"736",3.57751210477297,-1.44389013031455,-1.96642805132266,0.862979014001236
"737",5.29848496330924,1.47845013249623,0.292623727078321,-0.652675532632766
"738",1.77783558067675,2.63592713923364,0.475227091531777,-1.70015143248462
"739",4.73459005394741,-3.70188043153189,0.0610148778672494,0.265254884073223
"740",2.81330960194682,1.45569275779953,0.607703751184227,0.649302917137401
"741",3.62138021842212,-2.58695878811217,0.01078617159483,0.585840517684255
"742",2.92417899314059,1.10508347821399,-1.21624827211712,0.348964423073002
"743",-1.67966300303018,-2.35324037277263,-0.179882040914023,1.25840529726929
"744",-3.02932165405651,-1.65307900764435,1.26005733600697,0.58176031906494
"745",3.88678996725574,-4.70946354200842,2.55823242831239,0.910621713528671
"746",3.47040286432791,-0.579988981391939,-0.0702104507500087,0.937602541504722
"747",5.57035749744721,-0.406244386934767,0.21304721105089,-1.0937231536458
"748",0.134546516227057,2.120624916125,-0.326089057869181,-1.44200764044307
"749",4.47709349083568,3.07786270027927,2.62927241673547,-2.58990641520898
"750",1.32596830864273,1.4626733252256,0.926126606733587,0.505384584487127
"751",5.78314739757433,0.932358236852581,-1.80892384280304,-1.58132872887192
"752",3.27383613469967,0.240048757383962,-0.504698221079526,0.445407885962625
"753",-0.348409717955608,1.75900593306631,0.855166976052163,0.0508347726879878
"754",2.95658599019901,-1.28857772796733,0.617567045281853,1.10479411056561
"755",-0.350081852653833,1.14589120658395,0.0649563101817076,-0.650317023930252
"756",-1.85867335966792,0.735111020123341,0.622585912844533,1.93680215149088
"757",1.68566762694144,0.478126606824767,0.29097497214638,0.904375140981081
"758",-8.27311718545697,-0.358899699994104,0.252673504408364,0.0573682859113588
"759",2.75199064004214,3.94016343905532,-0.453485687793921,-1.13905662601566
"760",1.85457579818143,2.34830957004754,0.310763351841388,0.030214820124179
"761",1.40139901076997,0.622553275524394,-0.110894761080251,0.798509033760378
"762",4.46101190490384,-1.39285849392927,-0.89910341037819,0.395854611113766
"763",4.54347500412227,0.678727554075334,-0.481800408362416,0.375920323266894
"764",-4.21533792234818,-1.05201146833516,1.51118309172351,1.1092952773548
"765",1.93922436174073,4.4296915798724,0.556199108786414,-2.01258991465012
"766",5.0149014856149,0.110538546346135,-0.380017075000372,-0.0239675108088853
"767",-1.59096155837973,1.50034846581588,1.88041572769843,0.312602142033665
"768",3.96224869664327,0.692004338506309,-0.215421393706683,0.0665071915790471
"769",-3.00609505426443,1.25458764866377,-1.99930297703168,0.947460276624215
"770",2.37595136048089,-2.6527809139979,0.758017370167235,1.14170484047831
"771",-5.17100271877169,-4.69010999399254,2.03578420974859,1.32353127117753
"772",-3.88676865025447,-0.772460468705905,-0.540865983544925,0.738229696581792
"773",-0.876555701465298,0.800295999824108,-0.422240768710905,0.880723881761699
"774",-2.18591360004059,3.98391035196828,1.48674731273432,0.47128778278292
"775",6.90403227233929,-1.21317884913494,-1.94310419152168,-2.17076460442034
"776",-2.8796261800983,0.785619243562609,-0.878405229098798,1.96531368791734
"777",5.42637629594314,-0.873357440551437,-0.393209200211731,-2.19090530288365
"778",-1.69682832318448,-0.0955855788494689,0.0362616869221937,0.643214560566842
"779",-1.13706207874323,1.6891805905463,0.861210770522393,-0.172275196969906
"780",-4.12921510216792,0.288864565402468,0.353332294551858,0.634716401874566
"781",1.69557929174218,1.11898263525869,0.583266468589677,0.34622085741399
"782",-7.36413806993843,-1.56087146228376,0.383473412538635,-0.130517994329545
"783",3.29637754670239,0.0455371815188503,0.142006997429277,0.449680503139897
"784",-2.41539525915328,1.87376798552789,-0.72327970078142,0.942543753056013
"785",5.0073971757289,-1.34580106489363,0.438298933155647,-0.580102795163107
"786",2.94293651963297,1.76355715458433,0.114799329369351,-0.0369867782642356
"787",1.88807483366769,1.16382938809127,0.565909243164611,0.778151049874709
"788",1.76646467639197,0.0427559745676648,-0.628333054629534,0.596394220184246
"789",-9.16158425576726,-0.0054325822361336,0.187432270312744,-0.243104670767154
"790",2.94225509796304,0.762924327389577,0.267898650405964,0.390446323230118
"791",-1.43591636622955,1.31372957160655,0.354601328769933,0.0370377675016531
"792",-9.69752439529771,-7.01349627160688,2.12182294758721,0.283781534673813
"793",4.44350913973833,3.89016702189521,0.956457367761951,-2.33504216410329
"794",4.28799774097218,1.15712418894677,-0.500599870868152,-0.143115728786849
"795",0.101676221351628,0.636673361856919,0.0566481512077186,1.05407242787438
"796",3.44123752599915,-0.274606560189403,-0.984552561726904,0.718988481387484
"797",1.76650284160794,-0.167975060728728,-1.19588661192605,0.590141516040514
"798",3.94865182496701,0.402711286527978,0.609363555735847,0.41943208873428
"799",3.99409397766904,2.39623011626126,1.05352901153622,-1.20042801147814
"800",-1.11416509286859,0.231048508099938,-1.96842576755726,2.03885118938995
"801",3.06515541273184,-2.158482139068,2.62407184682312,1.09150483670198
"802",-3.57042572990029,-0.24002138653734,0.475059815723434,2.03777659461272
"803",-10.2080133125089,-8.22341419697049,-0.450765528862449,0.0904208920276831
"804",0.706472462741005,1.41219265392225,-0.668646301129991,-1.45978381084672
"805",-0.917889190272741,1.39359321746386,0.672520509949305,1.03845256707625
"806",-1.20211452975902,1.1086265689479,0.181479086571488,0.953040370426187
"807",4.39884113698799,1.64290073774233,0.656805843954544,-0.415788655806851
"808",0.166429301725734,0.270139188467962,0.709891797828378,0.908132847925276
"809",-2.55874227522864,1.03387898432479,-0.249382265478739,0.942041721625092
"810",3.96274381384729,1.04596895789824,-0.788953589816756,-0.3243637394041
"811",-2.71353056554692,0.629467262921507,-0.995056017914785,1.72238457443856
"812",4.16640342847211,-2.61993602332432,-0.134585652236761,0.53058701338968
"813",1.88153817711977,0.772103478279977,0.279312659338666,0.616406548424305
"814",5.91235184138545,-5.01443095633978,-1.811410849093,0.135208283239898
"815",0.427552499578774,0.665982561153625,0.260323850124781,-1.55387853082093
"816",-4.10551860009324,1.89980761940307,-1.01597021553336,0.803873342747665
"817",4.62498938920199,0.40911622089962,0.183399010858782,0.381272551178933
"818",3.13452846073632,0.236417197929833,0.0912307397014089,0.0518121480446713
"819",6.04575392966762,3.09580376864653,3.0807707218038,-0.986880659238045
"820",1.25543964916583,2.29078736660725,1.21862672098611,0.18448946063253
"821",-4.41833211033414,0.566741702676365,2.36495874865387,0.844526697579537
"822",-3.76419915816374,-2.08440255309312,-0.313987963475969,1.12285175654345
"823",3.25253908265384,1.97468022421246,-0.964641447246724,-1.72584783706517
"824",2.75239650804159,-0.538361774361767,-1.56880280703831,1.38327224348661
"825",-3.92152418075529,0.855407784704653,0.672325828377699,0.703963367605738
"826",-0.050357113354901,1.574538524215,1.01069338700287,0.723880119500263
"827",-2.90218941461074,1.00202128625385,0.500592464431802,0.698429580963736
"828",1.21680737015003,1.40974878791731,-0.342583841616348,1.25457238203966
"829",-0.515650592058616,1.38825278202289,0.775441568695146,0.891634097475753
"830",7.1883198030993,-6.98554619494475,-1.00107915554636,-2.20624447936288
"831",-3.08334080414897,3.53054819911391,0.68156219979907,-0.51061340475734
"832",5.57532644741525,-3.14640423973714,-0.653652145896942,-1.42433697572619
"833",3.83194014187288,3.10148588620297,-0.697300102793833,-1.33612871423151
"834",4.11340038160951,0.414069415998447,-1.9628502978965,-1.21124643539316
"835",-1.84422795787832,1.23153411541898,-0.292612058279179,0.464838379974859
"836",0.52741827213431,1.34786467588835,0.56759597175709,0.818217135078734
"837",6.62687490259954,-4.07661225022284,-4.84060458397981,-2.12405393863312
"838",-7.75286859179785,-5.55304493546749,1.96970956356542,1.00966135726915
"839",2.03719990641081,0.893731996628415,0.30594935764483,0.303427304230694
"840",-2.9083836919009,-0.306090224749563,0.61313163566238,1.12533189373541
"841",2.75634359658576,-1.85956418185597,-0.343293334732226,0.836997176436102
"842",-5.33003277072103,1.76183434388839,0.219302344776772,0.235137134904168
"843",-0.203873383946723,0.737287372525036,1.31853018653752,1.44319109365851
"844",-2.48852736510977,3.46002876542936,-0.620763074840604,0.444523435497538
"845",-2.72834462858079,1.24380658348571,0.461488264599041,0.404804807727082
"846",-2.29900464862602,-1.2168840698248,-0.420183140661317,1.10580600423874
"847",4.80458329670774,-5.31615027708507,2.16851229629577,-0.675715454323441
"848",6.65273345963349,0.0420569408528839,-1.99035265811208,-2.05150354955108
"849",3.57856815407856,1.04437197623863,0.333298978819467,-0.392043649833788
"850",1.35499545619542,1.02565603804319,-0.373911725998368,0.824845067370808
"851",1.41051495874994,0.762652439158952,0.661697894295943,0.499335995722391
"852",1.92863441439434,1.65348298480183,-0.289966546957904,0.33950083701533
"853",6.08001519596586,-5.75066184837606,0.854168590213278,-1.0750849906743
"854",2.98793470062849,2.63896989062083,0.701618867735805,-1.61700379946268
"855",0.955859126462589,-2.31957125457162,0.527092121561426,0.991095420176811
"856",6.56821867910725,-1.55678013977185,0.936851881383802,-0.0800027881579016
"857",2.26634288572625,-5.13060737636333,-3.29148744283488,2.65392632178398
"858",-9.36463990177196,-1.76653237828738,-0.0558429717929823,-0.156995204721361
"859",4.56448705795707,-4.76359221884783,1.9177581716324,1.07554059715661
"860",4.51149558571284,0.470672377365692,-1.77981407913517,-0.317091792216396
"861",-1.82706793953135,1.00545628942431,-1.98218360237954,0.305658335898495
"862",-1.72616132482631,1.08635405101005,-0.484301600116519,1.10445389508872
"863",-6.70416692696097,-4.8711982882662,1.14706053147795,1.46462020700726
"864",3.97889145411446,-0.857227271191031,-0.351659070176742,0.694896502288145
"865",5.27180285197815,-6.82580850373363,-0.950498963839913,-1.42172281878768
"866",3.21439528105317,1.74018604898318,-1.87860556192829,-0.665457348069201
"867",6.83439323589368,0.648579178699894,-0.829577935299792,-2.23166929846717
"868",-3.02977925148214,0.540041942475862,-0.478346417809502,1.18546525261756
"869",-3.5213725656247,0.347107148974882,-0.547100969891263,0.330070755004811
"870",2.23232213244262,1.06421523088023,-0.505575666853482,1.00151556285371
"871",5.51203537068274,-0.582091672178208,-1.01834146274133,-0.233494837490576
"872",-2.15302278517762,-0.844500377689766,-0.997784804924762,1.36065274542907
"873",-0.411526994359711,1.49588038493571,0.302154455877582,0.646229836313574
"874",-3.51279048686064,-0.501628049104068,0.600247249611439,3.40099790035982
"875",6.11308420832647,0.199493697854358,-0.0221340158956459,-0.790372955880452
"876",-9.96576956548965,-0.2146101122532,-4.21426564508027,0.35793091692031
"877",5.70708520316945,-1.58036089117095,0.359429453852847,-0.524665409122383
"878",-6.26853792367929,1.33351829176572,1.10806496613606,-1.72275243076484
"879",3.62642079662247,3.06319729841517,1.28816866057052,-0.198823944176112
"880",4.11550818198157,-1.41186771661295,1.18953086656377,-2.4547179737078
"881",5.94965572939312,0.539032840619411,2.92509600622385,0.236180372522877
"882",5.0372994616339,2.08039481561565,-0.410675340422302,-1.81713864960621
"883",3.09474679315938,0.688707380790331,-0.517565753219538,0.581342385378726
"884",1.59279916120937,1.05333712042897,1.83023155720759,1.12645676506759
"885",5.57446521599495,-10.1536420849233,-5.88356724831543,0.432281602633579
"886",-8.33022474592759,2.47353300294126,-0.742334702979499,0.0371504840046084
"887",-2.77566226906118,3.97977392060506,0.545838453299814,-0.298426560322676
"888",5.95368426305357,-3.13503429447643,-0.237478566948905,0.156824655260827
"889",-3.62965638875358,2.57708531832181,1.58249396931381,-2.11391178836957
"890",0.23279519924571,1.60565821792346,0.506708760693075,0.302832576462314
"891",-5.31947002512403,2.49636578364254,-0.610044044626972,-0.725363982950473
"892",0.137164551309299,0.491669694193449,-1.1981498965085,1.16365014557544
"893",5.8684674543579,-1.54720372469294,-0.685608449673232,0.26547963742918
"894",-7.14902258432042,2.9475148634497,0.510916763665979,-0.491802133159671
"895",5.0153343770397,2.63277098234845,-0.121897186955968,-0.435925889399639
"896",-3.74035801633842,2.49148473583656,-3.50459863841944,0.341207381935103
"897",-3.04415763082941,-0.361816351109024,-0.141688356192464,1.1588839752748
"898",-1.78621197905231,1.3684744046859,-0.115795133344308,0.627391888705264
"899",0.492373703774092,1.29544595464508,-2.00504442807461,0.595524470454767
"900",1.73244758435741,-0.285202356332818,-0.573093201211919,0.844768296072605
"901",1.64850563210649,0.953903413860833,0.404660217203366,0.905162114711792
"902",4.20173614900868,0.557889347586379,0.318284632073317,-1.08661028961708
"903",6.53667260228397,-5.33783678589412,-2.95515291650698,-0.452814975091995
"904",-0.596347885929647,1.70116913278439,-0.735817026751889,0.808377356237342
"905",3.16154955619547,-1.47320705052114,-0.419301497653979,0.537923765514634
"906",-4.12529812329465,0.923756930511393,1.41509881483594,0.517318654191061
"907",2.82364105754691,3.03970825179836,2.17626226378679,0.411362455760765
"908",-3.4955369578964,-0.244206295026269,-0.149113677391286,0.796162952291473
"909",-7.11668643511437,3.25191148111874,-1.22655962878953,0.192040267308816
"910",5.36160060243973,2.75613060678405,0.375293766570823,-1.23304832509497
"911",-3.36029592532728,1.18303859663008,0.291053493325279,0.890314941254407
"912",0.3223812952355,0.760882695309151,1.44250030976452,1.0660440295716
"913",0.237423886261559,-0.137512735491469,0.216095278354271,0.591243569352876
"914",1.50486038733008,0.515430979051519,-0.338614759541951,1.07984714068197
"915",5.90366215050642,-1.79168769765515,-1.02090751595117,0.0669192438655429
"916",-3.02933618022658,2.50302682044889,-0.462876450328729,-0.666321239120198
"917",-4.25181457877271,1.01424574731485,0.367676202150874,-0.441422263652221
"918",5.53112549343966,-0.503215191498938,0.503449233700596,-0.15505970717484
"919",-1.23466503507899,1.63395569535564,-0.552487193428322,-0.935995006692844
"920",-1.61080644645664,-0.512332336046143,-1.13359124872656,0.229106628210379
"921",5.41464780340508,-0.947693935972109,-1.93165387021507,-0.577645440092375
"922",1.41622323784172,1.08583500186715,0.29853876359325,0.520191320292369
"923",-5.38166537320617,1.14175276752517,1.02672562939457,0.306800094206327
"924",-5.21958842878451,3.157086092947,0.646531266080963,0.187290664415404
"925",-3.35173405997758,1.3791600165362,0.460651350705071,1.01439411156933
"926",-2.86074739193933,2.68473850734252,1.65068222168679,-2.03076094919568
"927",1.65600854394794,1.02783710109903,-0.0456730765182969,0.564795826007829
"928",-0.631952180310741,-1.09384899920966,0.42774827060076,1.88596771183016
"929",5.06129506951322,-3.06780053077659,-0.426189694989431,0.420085351667138
"930",-4.149788075897,1.3585449486507,0.393644932737089,0.218428986789794
"931",-0.931580281019029,0.995176000527416,0.128686141422228,0.860780609228031
"932",-4.31569547163875,-0.269787988718954,-1.52800365534765,1.50226017718718
"933",-1.79081812258868,1.47721942078138,1.2254701253493,0.555514398892701
"934",3.08743240102588,-2.69251318652132,-0.812391267995514,0.681774122185743
"935",1.32544360457964,0.465674659650065,-0.583550584038122,0.875676484595235
"936",-0.791585464233827,0.376996932830212,0.57993557408426,1.08370968794811
"937",5.86686782923159,-2.07597775879168,-0.236510794961399,-1.77661435666461
"938",1.67903824487924,1.20634044462299,0.180314889810116,0.716399192898159
"939",0.406919848734548,0.863071506133978,0.234289039032632,0.655371794493067
"940",-1.15934526229371,1.93105363302386,0.369830118557346,-0.626346085529392
"941",1.32665457351505,0.998609274593355,0.187146196992024,0.89633111805848
"942",-2.52181760276889,0.561122725394657,0.0418710392551989,1.1899083672085
"943",-4.16724489838113,1.94724147316787,0.70597248792094,0.139164248793404
"944",-0.918607522913045,2.32797177717547,0.766603943965821,0.507895302542811
"945",7.07339800624371,-7.21898888941129,-1.94338099905934,-1.81361109628672
"946",5.50274111221462,2.31060697898577,0.580559952753314,-2.62837165226678
"947",5.47336410196687,0.658597393166067,0.333337590096011,-1.6786203034672
"948",6.41770716205236,-0.799941520374829,-0.182173908062632,-1.97211873319428
"949",-5.26859383052342,-5.33658953398924,-1.82910086513445,-0.805896107516675
"950",3.13425003129151,1.66874722112881,0.824521780858768,0.253565378459413
"951",-4.16339185312445,0.41625721825196,-0.398740886844597,0.768057256963267
"952",1.62142758331577,-2.05825309960082,-3.42883392573793,1.05694182651197
"953",3.55430294507492,0.429303631664089,-0.180915323025231,0.334253560497969
"954",-1.38989531829068,2.01627152086732,0.783947971880692,0.270688221368404
"955",-1.40048877064571,2.23157452281626,0.568341473885943,0.338332321467804
"956",-4.28382811194526,3.02956786004803,0.366162925382598,-0.446470694258117
"957",5.73724252235842,-0.434558200690401,-1.3261696937438,-0.234383897803776
"958",3.09722428474651,0.329623375299099,0.710873355414238,0.96537050111922
"959",-2.50194435730564,2.1569285490442,1.08868128996376,0.188654187126921
"960",-0.678986134652235,0.990230563975745,0.700418779174975,0.927170700375878
"961",-3.60903517070658,-0.675753707025802,-1.48347116684583,2.13399331089123
"962",-3.88750587891255,0.786248237882811,3.13808895422633,-1.7491828924914
"963",2.35514130356474,-0.342232242335755,0.306338134928705,0.949661633097394
"964",-1.60049831785288,2.2525543886946,0.652734513198541,0.240712853217446
"965",0.797087479395486,-0.306828390508733,-0.320738174052957,1.52319289795474
"966",-3.73564986662445,-6.97014503465775,-5.91785224993715,2.09186562498019
"967",-5.00259894433074,1.65540275389039,0.686314238266997,0.634573377386309
"968",3.13318475300761,-1.87883725855053,0.459129390383228,0.720365282040449
"969",5.94877653517343,-4.05492967246157,0.34570471896422,-0.0151555668756714
"970",2.45927346128971,-0.986551153073191,0.114879042798307,0.820475261081115
"971",0.542400412102613,0.479273838066949,-0.419986574712401,0.903615276139792
"972",5.81640202618166,-3.15570662624433,-1.15136300421234,0.142859170474327
"973",-3.93762064508103,-0.0757966953198422,-0.766380962615408,0.465249474179654
"974",-1.59678790802854,4.55266539981749,1.85636920502496,-2.18527183862415
"975",-1.87148865572488,0.922381837483479,1.29066855997865,1.12141612830345
"976",-1.1744044286445,1.2205215422716,0.618882401772943,0.846941559319298
"977",6.5325196580975,-5.03811116771934,-1.85123694917413,-0.105902302970225
"978",-2.80087438754259,2.01478763690796,0.754254871239232,0.450295526603114
"979",-3.34630803853341,1.59124250949665,-1.19663663624894,0.965499034317051
"980",1.11148367229042,1.5396105255159,-0.468614693630825,0.969677830420063
"981",6.18447286680437,0.729923202968403,-0.453173145729121,-2.63432615647155
"982",-1.12504923731567,0.890776402198867,-0.10040759432353,0.577801321003522
"983",-5.24616073018495,0.424077279544999,-0.224436133515901,0.577526511825195
"984",4.89177246867797,3.60476516011405,0.245715024116838,-2.17896777141457
"985",-3.7429106032559,0.609673618060387,0.175696088279377,0.813106423696801
"986",-6.9332624793028,0.524316016127679,0.491925305433795,-0.379463109994116
"987",6.08149602773881,-2.07930610626629,0.551560880110849,-0.139618563891517
"988",-3.20144522638999,1.26248245527366,0.0508443246709902,0.936892405618052
"989",2.37652967515998,-2.4207784973083,1.21926807598715,0.92630699705375
"990",3.19734155430152,3.42446664207812,0.302748228896325,-0.243676417889463
"991",2.62803243849118,1.52551166682151,2.81485400421471,-1.88640609255294
"992",4.01186374042384,-3.45376965382246,-1.77343353956924,-1.75801823981758
"993",-0.441020662083938,6.88573849693384,0.204424271351852,-5.56337292296557
"994",4.8211363554655,-1.91072459043791,-0.157527565544399,0.172436665729046
"995",-1.71163521271179,2.17866748343489,0.665901350778354,0.494738298898558
"996",-1.67571347248862,0.607785903478083,0.226150052453425,0.480925924079178
"997",5.92344970395377,-2.98097460608449,-0.487485740316267,-0.0388248305140817
"998",2.30366339592273,0.257824041273322,0.450275312182536,0.525034875453507
"999",-5.11318485912685,0.739630801377784,1.46122267380381,0.385900802022968
"1000",-5.18631609633076,0.624325891024462,-0.567155167340423,0.284746605595643
"1001",-3.76361336990116,-4.41299688579176,1.54375509216724,0.944153835834118
"1002",-1.58844880541546,-1.6177704759497,-0.36470132653549,0.601075176526045
"1003",3.50273537554801,0.220959311363437,0.0806942772503258,0.235937399730855
"1004",4.09633814938683,0.554127386967344,-0.295514951045214,-0.441775878017875
"1005",-3.92360871385184,-0.251116084088422,3.46393450934997,0.351784326587371
"1006",2.81660127830676,2.44100156529787,2.14222478549567,-2.11489547566884
"1007",-3.77733808915962,0.575054295713025,0.417836387179927,0.74958773544853
"1008",1.26028870797605,1.99249533518297,1.47223736056691,0.410411287591732
"1009",-5.29564497810847,0.162033768445133,0.224502549620195,0.356456666107596
"1010",1.66219590897428,0.909455924248747,0.42102728026822,0.701184465023676
"1011",4.7097354838809,2.00650783136846,0.608477366991607,-0.341163418665573
"1012",2.89715877133139,-0.0452132543642004,-0.222630421313925,0.769971135951286
"1013",5.44491677385379,-1.55987335378475,-2.79971003594826,0.553897554911949
"1014",1.66529858364761,4.13599527907644,-0.2697097187912,-2.16853895360217
"1015",-2.1411929425848,-0.232522769774492,-0.285566939855965,1.06623362152204
"1016",1.21289996076926,0.261683116552832,-1.95838525453321,0.561618549725584
"1017",3.0035326387757,0.0233520505087682,-0.600554085551586,-0.089676172800555
"1018",0.490456876433478,-0.595415827673353,-1.47630568253555,1.69569030910468
"1019",0.477707004393607,1.82875117122236,-0.160152680530042,0.638741491554688
"1020",-5.15430382231539,0.873358089087642,0.12435964468524,0.394191538803086
"1021",-3.57208527368767,0.291917194233612,0.741345386738056,1.68166712185687
"1022",-1.8166220761413,0.691468309218741,-0.464144631408043,1.05986453060604
"1023",1.80091241693015,-0.292709734497831,0.553333916809489,0.597723942401781
"1024",3.3892487439191,0.656339249760157,1.22833328331699,0.442534087013894
"1025",-4.59699669322687,1.41551183896292,0.267149872191024,0.736044107789563
"1026",-5.06117160732733,1.14352167494911,0.83789972714608,0.636012856172151
"1027",-2.72183942508054,0.359974638699486,-1.03590917765362,1.0254492953507
"1028",-1.59013510186499,0.612135284806639,1.05398054049296,-0.0902456673176441
"1029",4.90547555602599,-5.02150776825846,-2.09154145166393,0.733372707095509
"1030",-1.64077084283378,2.59986280718686,0.176030425279038,0.224805128062908
"1031",6.41003362931935,-2.83536657642342,-0.991220584443576,-2.17713617790222
"1032",-3.24549008885279,-2.16029892662923,-0.961396439327786,0.823722436328283
"1033",1.21699749478403,2.95381629761957,2.54538702963029,-1.65339762004966
"1034",5.14202492289437,0.49420174320756,0.125438993637203,-0.727114343122055
"1035",5.27253386432605,4.33696643539148,4.06679290684409,-2.17969191551757
"1036",4.17597337043594,-1.87949622978548,-1.85499171084449,1.16858724356686
"1037",5.9037619628983,-0.261192670114917,-1.93009452705845,0.0886246714110631
"1038",0.0677707494148617,0.119300763637332,-1.83057605217892,-1.96485385350841
"1039",-2.69833235646053,-2.12696329979793,-0.899857143973696,0.581584935667871
"1040",1.80821268153418,-3.80475007604813,1.39174043656832,1.6346907986277
"1041",-1.16602779783178,0.909376300030669,0.626569625385239,0.873393198337606
"1042",-1.66528887728845,1.51163318664167,-0.0609663753395893,0.689331460394636
"1043",-3.29103959776231,2.17620069049932,-0.456856628919612,0.473874147024006
"1044",-1.5290007635273,1.27814848575494,-0.208718485993183,0.912464673675254
"1045",-0.0224638349179149,1.36734943469215,-0.965845474792212,0.456770899667587
"1046",5.25285738730578,0.916591441567425,0.0995387647057088,-1.37957475090445
"1047",-3.47419256490482,2.09025142183862,1.97421802022401,-2.33280921148513
"1048",3.1759869164526,0.270964671833755,0.38138114603614,0.743290700496306
"1049",-3.40411829062812,3.53504326235953,-1.98085807257574,-0.0874755762062848
"1050",-4.69283317383628,1.39241014784219,0.702406772456147,0.689655232232156
"1051",-3.55107953625153,2.95220593428204,2.64895828278875,-2.40121525461644
"1052",0.0517775224047654,2.4008210098538,0.0797210264989197,0.471881795420732
"1053",-4.51027663696682,2.29395541103636,0.448881813336017,-1.25090502089516
"1054",4.36983151138522,3.18916719083332,0.0128012300778442,-2.23039942867584
"1055",4.32008023643836,-0.216236979195971,0.0213101514580705,0.1080968456474
"1056",-4.21720984791147,0.89408765322448,0.13644061019515,0.294501379395923
"1057",-3.76536528172569,0.439776805257044,1.41411824902592,1.0451019609941
"1058",-1.54866253011969,0.872676298912669,0.117430604062596,0.899721581585812
"1059",2.84510414476376,2.28363454106754,-3.62792026717043,-1.97751587107514
"1060",0.0405087431920385,3.00969655153364,1.33935121940018,-1.13956381056901
"1061",-1.37144406368921,3.04588625720023,0.775791255736476,-0.449307967454738
"1062",-1.57441482269626,0.57806783195826,0.129832366067384,0.929956362290996
"1063",6.21818609368805,0.307053822297723,3.14347344733174,0.677859917764297
"1064",4.46671115530545,0.668515866755383,0.0979245220275724,-0.132421087016616
"1065",7.12865248543449,-6.04636980970811,0.265333720195688,-1.29986031087753
"1066",4.33155573370322,-2.36808510069256,-1.48777008491868,0.95563195597969
"1067",-0.0597285614034951,0.324828531641336,1.70466017247356,1.44025663313976
"1068",-2.42620869409595,-0.0281715398562493,0.257133571446351,0.913442773797955
"1069",-4.58719943704473,1.41936792939134,2.10886285685972,-2.37569155992128
"1070",0.29555914348349,0.693401132095964,0.0793609384079792,0.740761404605143
"1071",0.541640468417725,0.508600539958896,1.02641435150524,0.860463346659591
"1072",-0.522099941500002,0.20053121636021,1.44949205647213,0.85118098352725
"1073",6.60720433402063,2.79042291957561,2.88855055020048,-2.67676412063328
"1074",7.24929899387368,-7.11763861632641,0.268769122924259,-0.883084011228963
"1075",5.67757626087855,-0.349607674701763,1.3921879627661,0.139975339075154
"1076",-2.54150412005643,3.3726480091132,-0.535854466905273,-2.41313182841786
"1077",-3.25794757358936,0.70277787794523,0.671682006949102,1.09470847151962
"1078",-5.81622024474888,2.50316558690712,-0.0290556689787207,1.51487365276648
"1079",4.95369608014858,-0.538402132377957,-1.05347557291435,0.34267052627314
"1080",5.77413674401388,-0.364535036597747,-0.400498368194736,-3.41571163204295
"1081",-0.551230560007944,-0.830379657761056,0.355591196465051,1.20087436532873
"1082",-2.01464417186325,1.60026279113395,1.89885383332941,1.18051192268536
"1083",4.36137352329033,1.42256654067657,0.256277959380061,-0.114411821566612
"1084",-3.85461953646446,2.34696399347093,0.36005429589515,0.0766694671252542
"1085",-1.36871645122789,0.542925100384605,0.465043708841287,1.03978876956719
"1086",0.127011620250471,-0.150152817643499,0.473888146596537,1.03994934033339
"1087",-1.12208763815022,1.8132079366296,1.09835469218911,-0.921242930892746
"1088",-2.56064245115742,0.800236649897935,0.124035773842922,0.746747713731786
"1089",2.65023085507101,2.80276326153473,0.388150858786798,-0.116327840654641
"1090",5.47845742576217,2.64208189504519,-0.500613964601693,-1.04800699483168
"1091",1.12355422575268,0.611984228082428,-0.151814816657196,0.0933594603504361
"1092",-3.6290730412576,1.04163895924165,-0.548454756634212,-0.00993014733016751
"1093",0.0944199865148564,1.22272901893982,0.222923519008923,0.99944842651933
"1094",4.26589382909379,-1.38048050806191,-0.638015298498886,0.588193931513592
"1095",0.891379581082471,-0.376297945974661,0.166998393839197,1.12674015108183
"1096",3.79142636978701,3.04208957320299,-3.15074370806215,-2.03085442005363
"1097",1.35334969196123,-6.64197095776892,2.76944444910711,1.10862487900219
"1098",3.45266162050773,-4.4443786728181,-0.665516795423063,0.265668382099371
"1099",0.450061110634896,0.713994607031641,2.16769370186862,0.3949019622784
"1100",3.65908812559318,0.15892711696726,-2.18746088220217,0.916970736798593
"1101",2.51324351014798,-0.528138271772042,0.210270330883309,0.942169951151211
"1102",0.0207792309545645,4.09787729785617,2.21573869712512,0.314857470515395
"1103",-1.1456484311356,0.251332008228339,-1.49448685735644,1.22101230717037
"1104",-2.57088102787882,3.61286766931734,0.509411883937664,0.575938387390318
"1105",4.22090819935673,-2.82674262755806,0.176506263126,0.375551548071549
"1106",5.99908562435223,-0.20452608213614,0.776637865114517,-0.401360829165633
"1107",-0.910261565213861,1.98927798647653,0.122056862266378,0.916049114196066
"1108",4.44781463715714,-1.27927863828387,0.673833157546511,0.561122469513802
"1109",0.138332365771231,0.481718058939384,0.764472403473809,-2.41840944229583
"1110",-9.50042470003148,-4.86036641797057,0.285764179416117,-0.31883662423895
"1111",0.391382695131455,1.75813853003028,-1.15102237613603,0.519673771533721
"1112",-1.57023507949518,0.159630939900289,-0.40298699724311,0.812628834302495
"1113",1.6385807008306,1.06184711208991,0.568253672957348,0.581556225716323
"1114",-4.23862474258477,1.52045865386091,0.304715110698755,-0.218357233558867
"1115",2.9681191114543,1.96732317958495,0.428434788820721,-0.578522675769216
"1116",2.97538719931239,0.290488683382138,-1.01277997418692,0.361578952038743
"1117",1.30875871714973,-0.0483413757942525,-0.364370979677426,0.773408921195656
"1118",2.47838508818859,-2.09817335150108,-1.03610655391791,1.13937528541158
"1119",-2.85291512769908,1.86896590512071,-2.1715575991342,1.1508068447229
"1120",-5.79752401236069,1.13373946803929,2.37634757096199,-0.128341901215674
"1121",-3.37055959942469,0.936439402801385,0.320786185290398,1.03822630315727
"1122",-1.63079751373231,1.97810413176873,0.858766512129577,-1.08317167679471
"1123",-0.448964413769678,1.1521053103927,0.247819968426798,0.211012731572274
"1124",1.78800747673559,0.330673922945213,-0.658682242926245,1.9496476529609
"1125",5.12976594924028,0.0850084284314375,0.196432791570842,-0.0117755054512477
"1126",2.89838640225835,0.0231498275059787,-0.17528857363373,0.776806014195334
"1127",2.00846057978323,0.529125998926433,1.27080415128612,0.364768438373235
"1128",0.488332484009184,-1.06023729997121,1.53829164549448,1.13991310670307
"1129",3.70848515059203,-0.552896726013445,-0.102039499732086,-1.64463951588713
"1130",-8.68062493491092,1.09659741046024,0.388207852830392,0.251650371687266
"1131",0.164151810040748,-6.83687791085309,-3.63847947561814,2.2622193128024
"1132",1.36158509586768,1.1316406985292,-0.278937496349908,0.58401434637287
"1133",5.86834567946564,-4.18272965443741,-1.92088717169273,0.407502670150047
"1134",3.30273524018029,-4.05141150930679,-2.04225924484535,0.877627206337858
"1135",4.66936982371023,0.267217141235495,1.03369669930523,0.193135917493137
"1136",-2.43780065136174,-2.7082601743716,-1.34476333659315,2.34994911499151
"1137",-4.52254683805831,2.31814529394806,-1.4563781085007,-0.730440144240188
"1138",1.76227173759045,-0.774746263637609,-0.487916606947166,0.788864145246807
"1139",-7.13298401475475,2.9098784421421,0.0663261844841601,-0.141873275773209
"1140",-1.16950521463365,1.18271372173804,-0.886608286806871,0.798997623323191
"1141",2.66578237393255,0.9245232082275,0.351620551981617,0.233646771440839
"1142",7.09094802398586,-1.02706438398125,-1.77089893938284,-2.46390787424981
"1143",-1.84568614552958,0.00838040237218068,-0.425726106854758,1.24140135564133
"1144",3.36357606896043,-2.3007894870674,0.250728992579978,0.706011156404889
"1145",1.78676827403716,0.81606234350105,-0.418491046750071,0.314228677842131
"1146",-2.14572314051363,1.72810185700687,-0.451551756506703,0.385376985868281
"1147",-6.86373431690373,-0.486341123102195,0.0308838744650811,0.621755629509468
"1148",0.643138814388017,0.86966923556967,0.0912659678759315,1.12811220701974
"1149",3.6458433619962,-4.79843357963466,2.03012340593238,-0.721705131297875
"1150",1.68367726297699,-0.228325527615879,-3.45237983369015,0.521550068470077
"1151",-2.47226867067609,2.01389009417204,1.47979518927389,0.722961041866231
"1152",0.509938755869597,1.90604881607969,0.779758606454026,0.3179628743394
"1153",-4.40917599328345,1.27078332772119,-0.99649023952825,1.11579328355307
"1154",2.91848085288019,0.786083227164912,0.375367249766141,0.647777754171302
"1155",-3.05175676096044,2.05161525721132,0.875628348429776,-0.583713041580664
"1156",-1.88576408473728,-0.305661041072391,-0.965252041048629,1.27654714862854
"1157",2.28785989051878,1.82351456643363,-1.30449762054032,0.15355913533442
"1158",1.91304923496111,0.648566642268688,-1.24478230834948,0.636839252647251
"1159",2.990053973665,0.626575427200442,0.678441076818846,0.462567151874039
"1160",1.64948265617329,5.16684675933283,-1.96652457182513,-3.56626410993523
"1161",-0.377569803001668,-0.396832052338905,-0.158539923206543,0.852820270110289
"1162",6.52380932535129,-2.58104726048993,-1.24072830798682,-0.122145480785673
"1163",-0.400842042804225,0.967589761768606,0.285406721095094,0.488570660313187
"1164",3.05179401693716,0.932200072961682,-0.213590360910835,0.0511075775633247
"1165",-5.44012813298206,-6.92189760544927,-3.46447707699677,1.54740784077528
"1166",-2.50874260463472,0.58610220275806,-0.692152001496464,1.02290884046609
"1167",-2.04534744814046,0.753435867913574,-1.88478242526096,0.993230354309842
"1168",-2.28588787682131,2.82801229433159,1.97537910316965,0.251006272452707
"1169",-3.05842357038266,0.374069020481808,0.262733494909315,0.173411582974318
"1170",3.11991372808753,0.701577451969939,0.174515367761611,-0.829802441383404
"1171",3.9663081182368,-1.40761050541936,-3.75184047044126,-0.53455450806618
"1172",5.33050168133494,-0.921664601184981,-3.25538803353609,-0.991153886009845
"1173",5.68335465106853,0.960032752833361,0.135397742741882,-2.53765956265463
"1174",-0.566884216747083,0.361779464405714,1.96210533374707,1.19146597472271
"1175",3.63440416217372,1.12442454253461,0.69869193389697,0.320450305779253
"1176",-1.31286069003964,-0.487737834602941,0.335870322815932,0.836039325801598
"1177",3.65056982543573,-0.0568989321744893,-0.0875388317092743,0.660182704159351
"1178",-1.12655216715029,2.18814717176299,-0.22292773556921,-0.894911947656134
"1179",-2.55169716431598,1.31313634009478,-2.47083253504749,1.01524625221254
"1180",1.06016021026574,4.15526519561588,-0.320275750386469,0.134092085073748
"1181",6.34636197975966,-3.84035407518234,0.351863032615845,-2.42105634044637
"1182",-6.79716550588572,0.0101773498843253,0.556015446012722,0.67935197387919
"1183",-3.25790666835766,-6.7168756391031,-4.77467486023,0.62729370468498
"1184",-1.17342924268047,0.108537564055156,-0.105923834277985,1.55408573803908
"1185",1.82300050044393,0.239804889201268,-0.342870795872164,0.0239331212500648
"1186",2.80941398491335,2.30219487246828,-0.390837203745651,-0.26347387431732
"1187",6.95103068203261,-2.96984172166549,1.50233542985742,-0.921512322648789
"1188",6.65665523953537,1.14823078013348,0.487920763370895,-1.94692442231652
"1189",0.655125927240491,-2.24219114674455,-1.98912553410928,1.42604385627378
"1190",3.17862397093431,1.66410254101144,1.5454599718226,0.484548876465456
"1191",-4.9337914825391,1.36466310539087,0.495686416497253,1.89396876226597
"1192",1.63099938436407,0.599263271078187,1.41286143669131,1.16734273308981
"1193",-5.51506313489102,-2.78160519738139,-0.429072996707867,1.30351653653817
"1194",-1.83203585430259,1.88109339220168,0.606467424390752,-0.101733199580761
"1195",5.80198176275193,0.175919931133645,2.65671864937242,0.271190659858416
"1196",-3.96088336715811,1.72676536315164,0.269909630944243,0.370284345536837
"1197",2.21276028850902,1.80538588526925,1.51521782298693,0.764026551257194
"1198",5.78347162064799,-4.87543089062268,-0.167075334131465,0.152130957163364
"1199",1.53214120917118,2.52452662166893,1.48799515651555,0.220347775545702
"1200",3.58822432974279,-1.16046185511771,2.61481007373434,0.642449763178724
"1201",-1.4256219135804,0.316087873537179,4.10193057347194,1.27705908779311
"1202",-3.66866188394714,-0.78565475529862,-0.889892539940931,-0.00429113264840678
"1203",-6.6862776616862,2.46454047863484,0.645942259751739,-0.128208209464868
"1204",4.8476777564538,-0.506461379669625,-3.35292981847711,-1.00312537274318
"1205",-0.0592099192007486,-1.53021052071576,0.854166706880316,0.924605399730416
"1206",0.00263950214696226,3.86723717439525,0.0344136457213177,0.460254682094578
"1207",-3.09629405199913,1.61945700040693,0.632295185125882,1.00083104702164
"1208",1.69135159714286,1.08613933539779,0.684131837235334,0.537571383266734
"1209",-1.83192926448376,-2.16567416931591,2.2258347831895,0.976032268916508
"1210",-1.80503254173048,1.07689217534039,-0.314719111012935,0.368976009062861
"1211",-5.01323191956931,1.8954030851952,1.13236792532804,0.682175050160135
"1212",2.81806579773318,2.2850708840945,0.243121735505903,-0.293179852059988
"1213",-3.57409028554384,-0.688097169564809,-1.29269036832216,0.838029492431121
"1214",-9.76243933491468,-1.84607435750856,-0.100361979880364,-0.132526409545617
"1215",7.45400452928944,-9.50158523868772,-0.554391407823118,-0.659193422081595
"1216",4.43132678444859,0.89762059225086,0.5077020885178,0.00535624350054208
"1217",-1.8830729606882,-6.3767571817891,-4.35251383994405,4.27785949985413
"1218",-0.98520588122981,1.13458331732589,-0.042268239026952,1.07557064764033
"1219",-2.84927237559857,-2.34174147818122,-0.0573172868147515,0.897710300508104
"1220",2.86867433407552,0.370310903896969,-0.636308499467168,0.631014143352432
"1221",1.42885217926382,0.394100098371359,-0.0693798958851659,0.626403373282864
"1222",-2.46426755334174,-2.12397122042043,-1.09381502829055,0.678460873280065
"1223",2.27377499090779,0.695265239056115,0.0820313388753319,0.637731043734037
"1224",-1.58522533475609,0.585243875789644,-0.351362946379637,1.24850827251614
"1225",1.64484563438779,-0.77107249915225,-0.998796267616755,1.3171894417558
"1226",-1.45901440533437,-0.335672949194566,-1.43769583199958,-0.555199351872826
"1227",-7.91124107809942,0.200192460984297,1.2470678470098,0.276981624999914
"1228",-1.65068881578341,2.1743514317744,-0.391379881799449,0.362471622582226
"1229",1.29128092461591,-0.173901387822017,0.173704524616621,1.00047561177609
"1230",-3.76650105609219,0.763239190890885,-1.47010713777678,1.03615013961435
"1231",4.60597298386541,-0.248686790332124,-1.81399942852138,0.457123956899975
"1232",2.78859946597264,1.40508369671864,0.0708298454420788,0.491795359025859
"1233",1.8541420306797,2.51635211434971,0.806408629108283,-2.36544137160566
"1234",2.88825434083508,2.43273575971463,-2.09234738573018,-1.11644865923948
"1235",-8.56082478653641,-1.744659256898,-1.02623092226347,0.086198326106337
"1236",0.423898618789723,-1.5790451569372,-0.551316432766733,1.31143339445913
"1237",-0.571499635570927,2.37026468501907,1.39078190882941,0.751869535675197
"1238",1.9730562486242,1.24649029105628,0.338668462018651,0.906234700549054
"1239",5.63435659301599,-8.95871134702728,-4.98578262910389,1.01138487632922
"1240",3.09525580429081,-2.87241276328771,1.82960230465255,0.86951399199814
"1241",5.21921183585921,-0.551101481530037,1.67540957012902,0.159340737954352
"1242",-3.70610315611744,5.55022235977891,1.02616007795345,-3.66804296516375
"1243",3.00952494826888,-2.73404439324685,0.152000848486422,1.0388812532349
"1244",5.49118217744264,-1.23220284676546,-3.21647194242848,0.0746287506176932
"1245",-3.60950438117503,0.461323370943652,0.170453014572092,0.321674985139244
"1246",2.44576791423533,0.554556211817732,-0.295056903838409,-0.926127023100126
"1247",4.66233082709165,-3.66180021765922,-1.93334382605843,0.757307284109648
"1248",-2.15444724420778,2.80373602527172,0.600901833088521,0.18945642676388
"1249",-1.14090495006875,1.25630862502629,0.20199265471626,0.205849495604697
"1250",3.51534593828151,-0.117348257063392,0.181611063218851,0.347040746806797
"1251",4.97348635416259,-0.314315985981843,0.892095753125186,0.621786672197537
"1252",-1.01100286336005,0.870090144008252,0.216094002958441,1.03428819008062
"1253",2.92504355243409,1.65951087423339,1.7287465531667,0.391276164241912
"1254",-5.15826621917922,-1.39804159359256,-0.957702518932868,1.03492611669674
"1255",-2.89877446482607,1.15526786204831,1.51293292366064,-0.0115856678834044
"1256",3.53115087544761,0.939168505439916,-1.5631543890835,-2.03132858121411
"1257",1.98942356237732,-0.0148192243745543,0.618384422376339,1.08942509125765
"1258",1.64286761068265,0.214330153333689,-0.0296827832248229,-1.66618940005535
"1259",3.84200079213735,0.0455387553432757,-1.032616053623,0.701301731455615
"1260",-3.10211146995524,0.441908990597395,-0.310996036914799,1.1019506126905
"1261",2.65588854342722,1.0454486207042,0.404307776862443,-1.57462244921092
"1262",-6.1451087359736,-0.575417503165222,0.048220055796758,0.960845075383197
"1263",2.59639434971708,-0.0439063685738666,-1.45730688610131,-0.842278617842108
"1264",5.41683352767286,1.42733347733749,0.544298078849062,-1.23312864890894
"1265",-3.8223525282198,-3.71568220403631,-0.703098587738228,1.32834271200588
"1266",5.40176141158904,0.128925735968916,-0.301250644326546,-1.13378632064197
"1267",-10.1583817829476,-3.53944582323689,-0.994904593430297,-0.423750956268532
"1268",2.8407383647537,1.24128023943036,-0.371661664281035,0.323999386167315
"1269",0.352571378855696,-2.29297889326538,0.212679158850146,1.36795066900648
"1270",2.27681492234866,1.02819817022339,0.519233657106427,0.304441742703437
"1271",3.97898874702474,-1.65526221730493,-1.72168787388288,0.712790955321535
"1272",-1.83818280119745,1.14789480554719,-0.921758476653941,1.07834167475601
"1273",0.245459035180472,-0.0630707476029956,-0.365658455036418,0.971545268463812
"1274",-0.567483676455384,1.14443021493155,-0.389730860447016,0.923474340402967
"1275",2.07198801732867,0.762642811598144,0.109156675053074,1.77522734415588
"1276",3.40102201518429,0.571657250192311,-1.447288688907,-0.668879820947108
"1277",0.471524589363297,2.14291474440283,-1.89371346626461,0.233241402491765
"1278",-7.36910305548065,-1.9075742940202,1.67276398280011,0.575614289784585
"1279",3.42878779350272,-2.74932565969678,-1.00869767103732,1.23747108993463
"1280",2.56698689115037,0.305514854163952,-0.74734688595763,0.486259222965881
"1281",-1.07853093030629,-6.58906828394627,0.905720968359802,1.12044604637977
"1282",3.57360420356718,1.0711420960395,-0.441484888584864,-0.69501046717816
"1283",-3.9790424503372,1.68519148199476,0.582885401194374,2.52376260109252
"1284",-3.07466837967402,-1.96921476873074,-0.942737634006164,0.363678343222491
"1285",4.59910356763933,-1.49869650749876,-0.860807989353654,0.567140180917347
"1286",-6.35706814048592,-0.144833640262003,0.151822038296187,-0.585260676181016
"1287",-1.93656997630031,-4.28413093161927,-3.51588235401287,1.45743522247111
"1288",2.30231604079999,1.58053406986766,-0.168569809725743,0.354944865938136
"1289",4.99545714532784,0.706098768257146,-0.622771530159404,-0.970317579457935
"1290",6.87223612241224,-0.0605517561846696,-1.00449860623533,-2.13898176079166
"1291",2.00903908628395,1.51391938361002,1.29111320673289,-2.37889271008357
"1292",4.19393484801121,0.57567514320073,0.30338528456654,0.157233829561593
"1293",-1.63269551912853,1.07350981408905,0.213953892703651,-1.68656756277388
"1294",6.60221160801529,-6.79792225277962,-2.30669940283764,-1.43170996322027
"1295",5.92498036023039,-6.88386566212804,-1.93823842355548,1.9714547506744
"1296",1.95862953026003,-1.94865231609587,0.245089197750059,1.2951025933122
"1297",5.81872167085435,-2.97095553844917,-0.336939730375028,0.0333043428721116
"1298",-5.06888152185843,-0.152358689781349,-0.245260032671416,1.88954303016163
"1299",-2.82276399869239,3.81028419561149,-0.716991046129269,-0.255628673040126
"1300",-1.70885134586066,4.59892981944318,-0.796344086475061,-0.683178117838204
"1301",-0.431832553131239,2.17996810459726,0.912845675435851,-1.43987272757168
"1302",1.69596741044004,0.575653591938833,-0.135134727270743,0.607046757699133
"1303",4.54385495051765,0.759956654313391,-0.403779656267129,0.36956140343811
"1304",1.69692764141442,0.622977273948542,1.15604300343264,0.863631067313827
"1305",-7.22487264074615,-3.30221387600609,2.21406520895534,1.65421697278498
"1306",2.88156290008504,2.87162653631972,1.64683415419062,0.280566930439748
"1307",3.47102123053065,-2.90275323717964,0.420134306304473,0.576560089663548
"1308",4.24332018205534,-0.832535069906286,-0.92072878577331,0.342202944817799
"1309",4.17164361828071,1.52350728358969,1.00899209478733,-0.263366355512348
"1310",4.0689957104564,1.39521014076823,1.358248213125,-0.28422593343545
"1311",-3.25630748139709,1.51951076774869,1.19777550938682,0.886398082813994
"1312",-3.2486853016543,0.190866963065326,-0.351210178168027,1.13371748488005
"1313",4.74305809335915,-3.94736644741867,-0.117705951815418,-0.0845166962360045
"1314",2.95751426022224,0.22303734148757,0.756061538975191,0.444107813853772
"1315",3.67425815227497,0.53954220687718,-0.718392166530389,0.555108068274777
"1316",-0.113977876559139,0.471669964228054,0.16862622267632,0.279731771419158
"1317",2.29360932497954,1.53733688473132,0.168782625408711,0.662356113474778
"1318",-1.85753105428043,3.14679507558615,1.36681890863765,0.0590322191682003
"1319",0.00953010535029233,1.14154894823188,-0.177849987474038,0.829885164706
"1320",-0.401633940522139,1.38186184016454,2.44182846782751,0.570719718576222
"1321",1.6979594388911,0.259546744796614,-0.47439416884368,0.732698291457256
"1322",-0.749812479144581,-4.08050426252187,-0.970630413151502,2.91717580613871
"1323",-1.22546146924265,-7.06802267543703,3.30717427211404,3.90327243714105
"1324",3.01264051960548,-6.67741985247485,-5.93357053920903,0.170995558957183
"1325",1.26614626221747,1.81441144402464,-0.232318281685254,0.533959642491328
"1326",1.5876664373046,1.25434859509073,-0.0441261996751196,0.7707100323165
"1327",-2.16224062160398,0.226777140632074,0.741077748236443,1.89691476451912
"1328",-3.21970097628837,3.33193389332879,-1.97583262442276,-0.973352020463477
"1329",-6.79674644976956,1.15421595360071,-0.0303290178890983,0.0998072386723342
"1330",-5.5568404767779,4.80507023202454,-1.2219591892581,-1.20788459033062
"1331",6.40009742501251,-3.8460438977878,-1.05653402220206,-0.0261236495152305
"1332",-6.67958694123957,1.73213634105321,1.64024293633572,-0.150776267953333
"1333",-6.61856929596662,0.473865970131662,-0.408160143280609,0.688919323837878
"1334",-1.54693539308938,-3.93105318756982,-0.379615993491644,0.449781728731785
"1335",-0.447608590445431,1.20557952077034,0.425720132345817,0.658896958010346
"1336",1.25959573804698,2.35824024660836,-0.438790074470839,-0.556660720244197
"1337",-2.16197957884402,-0.953811207313779,-0.579363874607587,1.05751154390007
"1338",1.70105616986847,-0.652502585814065,-1.17646560509463,0.868753006515673
"1339",4.2434522201586,-0.170643946199475,0.859209302248788,0.453996842035974
"1340",2.07154518282748,-0.40345131063575,0.223807985218531,0.728422656499746
"1341",-4.64777585121675,1.78879456264251,-1.52704683374897,0.237036605981136
"1342",5.61160088803197,0.614966307111381,0.479964222894675,-1.28029999761451
"1343",2.70206671991569,1.0521875287909,-0.505488888956475,0.301972032679006
"1344",1.51192526670163,-0.583808451158408,0.0135084569940009,1.07771593749575
"1345",-0.364784604914296,-1.58509538082448,-0.427802703979747,0.728477924763122
"1346",4.34108509654953,1.76857719726726,1.09409084965897,-0.116049316963128
"1347",-3.54754643104482,2.52683077735777,1.76099010429853,0.26807216236642
"1348",-1.49935750127454,0.792657042806095,0.402496767799311,0.227015083675182
"1349",1.36501514672571,0.538765820342884,-0.37039770010381,1.06711903874812
"1350",3.05691248319427,0.708675791106901,0.166601273508816,0.337191507991411
"1351",1.85635390357871,0.0238451280200048,0.10242225806405,1.33971952487126
"1352",3.92775855588752,-0.334654593680502,0.372604548407893,-0.0165042280546191
"1353",4.81908950873352,-5.97485284292186,0.578451374610296,1.00575995515874
"1354",-2.1522218056437,0.726478114275847,0.608787670393531,1.16786852511966
"1355",-1.17236360598902,1.52587840257002,0.256661660789521,0.629593873175639
"1356",5.05006857792797,5.03021876269614,5.09165627370166,-3.36515713124852
"1357",1.84847573773389,1.8381202076711,-0.635928639892576,0.531761596428533
"1358",-1.71601523142938,0.0800239611486947,-0.899489054134053,0.221871559807693
"1359",-3.03173991760238,1.34522500547667,1.93660265822416,0.577637717460324
"1360",-3.02097283500446,2.39881191029772,0.175030219394592,0.372233015305636
"1361",1.83878236615261,1.9962936575605,0.506420519903191,0.164992585632821
"1362",3.06554598321233,2.91758322444728,0.693367477248909,-1.08793562885374
"1363",3.86060978722319,-3.56882240496674,2.44573299267611,-1.4063596909754
"1364",2.05638986151545,1.76467184220929,0.729104056163566,0.299360668203682
"1365",-3.34867573598715,2.03780318082446,0.81205982198088,1.2192970940671
"1366",2.56087645745996,1.63776662127709,0.474058868213715,0.814330952902736
"1367",-2.84074353015097,0.584332350966855,0.240447652059561,0.672229065788254
"1368",-3.07133627147772,-0.70153545445314,0.0241543202047104,-0.12608760441401
"1369",-2.1486291809199,2.15599520628242,-0.477734465452738,0.273750168215827
"1370",5.51631842608901,-5.32228878820875,-3.48645266406891,0.449090695910738
"1371",5.1785260203956,-4.14715940518107,-0.42294138807522,0.215712948573547
"1372",-5.17611458152572,0.0317565826658584,2.2999680976499,0.690888685805098
"1373",3.05020282614452,-1.61486829716678,0.0539963380030347,0.711723639432607
"1374",-2.14357271629955,-0.475819517232128,0.810625498757506,1.29859588711379
"1375",2.03971381601561,0.106869860320223,-0.88897424403541,0.606956375764567
"1376",3.56026395765351,1.791788084126,1.19326339605344,-0.814754688879835
"1377",-1.64699281451833,1.16383434736365,0.388551971457083,0.959434164409338
"1378",1.65155578601683,1.35571743073639,1.29699443938557,0.287909192150766
"1379",1.97200548383721,0.290521397503073,0.25426133176762,1.03600472307161
"1380",-1.43824860889651,2.06005222214602,0.209954317236846,0.125510195886729
"1381",-3.74566656153941,3.63835864150337,2.76286639811483,-5.03915100852386
"1382",-5.02214663506739,4.14226439198753,-0.184532229651214,-1.83944554161694
"1383",-3.42895309315704,-4.57164684890227,0.521884191553213,1.41610075713193
"1384",5.10506420775917,-1.74310073869845,0.325632996935292,0.648949160829024
"1385",-7.19828419924636,-2.00802362775821,-0.974568540563506,0.262973381298625
"1386",0.119774749376814,3.4820417662881,1.68822071215434,-1.01111858618546
"1387",-4.7683123545463,0.931692452035043,1.29656991176634,0.968307275464345
"1388",-2.5064482124566,-0.693195658644429,0.824368223747354,-1.32822973040881
"1389",3.42865178117765,4.80524946923385,2.63789638842038,-0.7014425745501
"1390",-3.39253910140528,-0.254938460174712,1.42408806619453,1.19661725455337
"1391",2.51524465145774,0.128620593703987,0.786973359620003,0.629953524915881
"1392",-0.241751596983379,2.03331608070951,-0.213854004256602,0.601235946358448
"1393",4.78308312560019,-0.458157424772569,-0.0854922497189725,0.0599663088986761
"1394",-8.58716059246128,0.808293725625353,0.0404776716772996,-0.230739394563931
"1395",-2.49534271525765,1.57724016357652,0.574010883447585,0.604971015556841
"1396",3.42229707009359,1.4787764677478,0.00943583984982699,0.0575542055303905
"1397",0.573363758695477,0.643413951904352,-0.561647790365353,0.513125606453482
"1398",5.25671200388417,-6.54514946757553,-0.918333138286551,0.497170683709179
"1399",0.855952809872552,3.64611557188427,4.42371818593189,0.342141017033071
"1400",2.81243755072947,0.160777292003887,-0.701517852215016,0.875066918243947
"1401",-1.77907422634007,-0.765416954710111,-0.333095432980018,1.50222445686351
"1402",6.12111119852506,-7.59217696620799,-3.91416786650912,-0.0435887075955711
"1403",-2.7832408449613,0.412419733596953,0.13923008550251,0.699413750588207
"1404",1.20584042984166,3.94101634199342,-2.16173216369194,-1.24295264687514
"1405",-1.14234689617038,1.43084923078661,1.68204862924719,0.971953317001176
"1406",2.82191367309479,-1.80562046848564,-2.55788360762358,1.0142945237079
"1407",3.58596083800098,1.28480119074901,0.650214103885317,0.303595039900545
"1408",6.22714957549771,-4.37451161535908,-0.978408213082066,-1.07417617483278
"1409",2.88898937480702,0.463075862255472,0.109215542274747,0.798139072977962
"1410",-1.62635965442862,0.865438888863044,-0.389548833323998,1.08358810866411
"1411",-1.19687779629787,1.38640264096716,0.104959616001867,1.2346769092765
"1412",5.59575663057529,-6.74448132308168,2.64795025955347,0.332619090065309
"1413",2.26524248337284,-0.759391053947959,-0.602685496406082,1.15850243122802
"1414",5.09267171749336,-2.37749383931081,-1.41698249084397,0.315920466938645
"1415",0.0926731665550863,2.17715096692683,-0.223446389204546,0.285742784559503
"1416",0.439915288652468,1.46801871186283,1.74947717250896,-2.27116305547768
"1417",1.98107729623036,-0.251863443504965,-0.91194738152684,-2.89934849629325
"1418",6.67819587542096,-10.2224148391997,-4.81341102524029,0.955210090887296
"1419",-2.69193836290249,-5.43094527424284,-1.73877633407869,1.52349147769976
"1420",4.76650173915047,-4.18533063216068,-0.770453678696689,0.387423221078186
"1421",-6.23339312182975,-1.16116272178442,-1.05789108534321,0.759677466670658
"1422",2.68024250153215,2.43950702420619,2.4406137729365,0.42213494525005
"1423",6.18136176389502,-10.1361029468696,-5.21637132850548,0.430539327018102
"1424",1.850525959592,0.477627841691917,0.35176515599415,0.941135250858345
"1425",1.13634239573057,1.47031104309598,-0.283984465196189,0.228223522983997
"1426",0.505265182834742,1.54139173327436,0.333614964397074,0.631514188176526
"1427",3.64670864778402,0.713997996121728,0.0197151147797112,0.308320207850197
"1428",-2.33734102454496,0.875775718574955,0.023826575315752,0.55645775121433
"1429",-3.90544338015052,0.782883156593557,0.464663069050641,0.23840905990226
"1430",2.26388549648651,1.62291714698888,0.959475022719044,0.254951087686164
"1431",0.0524477925416374,-0.330082875459839,0.257993773687371,0.447451225167441
"1432",4.22463461600409,1.43700885581485,0.0251317625381033,-0.577376837502814
"1433",-1.71118822993285,0.228422821699722,1.7362369906327,0.983740128836496
"1434",4.18030395730639,0.752491150972745,-0.903184606399001,-0.130618898546828
"1435",2.02248870087429,0.141578638140904,-1.18688417324148,0.565514793665236
"1436",-0.606932411467783,0.359750883574364,-0.611187404117065,1.18788129029887
"1437",2.46836898451223,0.631375459648321,-0.166395168084574,-0.0734153222318181
"1438",-2.54308870400321,1.03125679946231,-0.275094991828392,1.01433988464687
"1439",-2.86182150002858,2.19204805039689,0.407966140168759,0.405471639170256
"1440",-3.2075645030146,1.57763566339843,0.390747111469949,0.991761459476254
"1441",-8.5583643025566,3.79913024777749,-3.26390101447375,-0.0521953721338659
"1442",4.03234748247023,0.226516524288397,-0.518373553039664,0.189433669179924
"1443",-5.21694365681425,-0.400037247434125,0.128013432833912,0.104651634755361
"1444",3.64826979277487,0.191722449806519,0.052310801796781,0.283747969453186
"1445",-1.46976766080447,-0.737222140066021,-0.593499401761327,1.58563836919094
"1446",2.51465931261277,-4.13264610647685,0.678630156208436,1.34410101242514
"1447",-3.5970687524383,-1.8839267132896,0.349050118795128,-1.05564241535502
"1448",-0.598339844560954,0.931051052188432,-0.91744989108209,1.08521792504215
"1449",-0.585320187467219,1.83041202324595,0.896134855058973,0.543317348461516
"1450",3.9855341104127,-0.22305115182292,-0.289451212122019,0.327294904927763
"1451",-2.93367017810813,2.86991294084291,1.62732258755572,0.149136023498973
"1452",0.230411461189805,2.23773080781277,0.187140315831389,-0.410917210213447
"1453",-1.54678894504597,1.72258347905891,0.464881862088654,0.977235526207072
"1454",-4.1387443281184,1.00671381438214,-0.224563117510082,0.92975214600851
"1455",6.53637233575198,-10.0176612258828,-3.39653483511464,-0.246905251061723
"1456",-9.13818129690179,-0.900441160361659,0.81029079990317,0.0679235213641039
"1457",-2.40807982948643,1.15417470909338,0.605795891045493,0.845460723739837
"1458",-1.35125384663754,0.907668640228745,0.43890456851742,1.16655558439655
"1459",1.06197167040816,2.99776530736647,-1.17357091755779,-1.68812147329937
"1460",0.186819582294619,1.43103449233611,0.656988209760106,0.726300093618591
"1461",3.77338434364942,-0.583096770715706,0.274701470055899,0.394182271830548
"1462",5.31397144204517,1.66879716898504,0.0335577129352609,-2.26534976375805
"1463",1.17086907397616,2.13207478025063,0.136326880993649,0.354548651459891
"1464",-6.5810973732451,-2.72190303181995,0.117775325687963,0.287175766322587
"1465",-1.80989753245015,0.760355439889945,0.73551298299533,0.609511052378629
"1466",2.49665726112677,1.20275327338592,0.0421905596044947,0.802983157914919
"1467",1.79505243084858,-0.320518388542872,1.30575324916905,0.668109042228427
"1468",0.235493260890186,-2.99304562354679,0.775862058296334,1.55729110217682
"1469",1.98451892928558,0.0474250737464235,0.203824889030902,0.362100519224964
"1470",-1.60176095037799,1.02251150872841,0.138170345375431,0.342963691017741
"1471",-1.35157219111759,2.22952776486051,-0.287998158613785,-1.31516835894723
"1472",3.83181598908295,0.607031734859281,1.37835077691398,-0.0755710527549626
"1473",5.55703502941208,0.0905988906434454,-0.670260949119155,0.0269809223509996
"1474",1.30773852489947,-0.371246246850151,-0.718890798147741,0.892018253784242
"1475",3.15488845514224,-1.31465015893245,-0.602342275541451,0.644030620828555
"1476",4.77881924157928,0.115590825867524,0.258878584031068,0.849685511597689
"1477",-1.82065611457245,1.43296286766157,0.773124955843858,0.751913036832951
"1478",2.88495052678477,-1.13405949500941,-0.950512662935663,0.759689214762227
"1479",4.90938173034866,0.924779238917552,-0.413080103559881,-0.165261901967917
"1480",6.5992665228536,-1.79049539968628,-0.658833851118588,-1.19820456627125
"1481",-2.00081717733301,0.734801612941183,0.381102690455853,1.05594907757886
"1482",-4.44734248551258,1.50717046764275,-1.63940620270686,0.902228616886512
"1483",6.2220707820308,-7.24367772894693,-1.57640381005485,0.0208293569239918
"1484",-0.173103992911098,-4.61137621435071,-1.22915807160827,1.35188991379178
"1485",3.24001476221976,-4.64911865057856,0.803741797874221,0.205236199805228
"1486",-3.92201527164426,0.748437749234303,0.750075063124116,1.433392696947
"1487",2.54955254667363,-0.786331160839937,-0.163353532329889,1.26273412293171
"1488",2.09067292143551,0.108293736236112,-0.682294654006512,0.269031392485399
"1489",3.04817323343893,-2.59481078425814,0.215846331228812,1.00595934662347
"1490",3.42741251473976,-1.05647531093969,-0.577356328194907,0.35887707600063
"1491",-3.7251467148808,2.0574046185667,-0.168308466314831,0.435639570591589
"1492",4.00669724785242,1.33496622785802,0.227756212215319,0.111853385741149
"1493",1.50411578430968,-6.77185089562234,-0.559300991793953,0.773399913755033
"1494",7.14053618882874,-5.07458062286429,-2.52485155762036,-2.38452701812352
"1495",-2.18610826378315,1.01043932148749,1.10143541306722,1.13539634985496
"1496",5.76196892466216,-1.40931864625793,1.48898420382775,-1.21769385297114
"1497",1.81057059141085,2.63816463313915,0.0356056632930504,0.447548117713755
"1498",1.1553713351987,-1.17224833508328,-0.380713670064729,1.41178823656593
"1499",3.32624211446544,1.13171139677815,0.103374402831856,-0.233200563679898
"1500",4.40596352134805,0.35256721464886,2.89940215006482,1.91084358385528
"1501",1.20878303403068,0.695540615966666,0.196128971851836,0.398309141740515
"1502",-8.75616104207204,0.8932931111069,-1.39196622336586,-2.25258022672538
"1503",-6.50531018877103,2.79037121208556,-2.13653184002539,0.745671537296648
"1504",3.1628356205588,1.89298302178054,0.716305512526086,-0.0533864788313325
"1505",-2.48586284572998,-2.11574615468318,0.996715797047812,-0.197853422769969
"1506",0.226274070960183,-2.15272667155156,-1.15683879118788,1.47549614635009
"1507",-2.15116728298848,1.06505968640228,1.49448322574906,0.437636885198857
"1508",-1.44392670907496,1.28792344630206,-0.417009113811713,0.59938326619832
"1509",2.3712200146045,1.19395636215284,-0.0217463150463107,0.215604693661501
"1510",-5.24864709926351,0.941510353304343,-0.377170604896125,0.315970905771482
"1511",-6.26579822711223,-0.630827751103538,-3.36826688071646,1.525706461587
"1512",-2.53072571452592,3.22265546724297,1.02250536932839,-2.40112585513571
"1513",-0.439871946279063,-0.658070698638761,-0.431253313934165,0.764873161921042
"1514",5.71020799283322,-6.70967639836899,1.06123348897509,0.570641739924357
"1515",1.68149682826669,0.637414763417746,-0.631807208054873,0.608527926546146
"1516",-1.8407048233053,1.49137149244994,1.43579288195474,1.29901296906619
"1517",1.99254242765877,0.2095851623027,1.17815049450401,0.966102333245462
"1518",-5.79332171867071,-6.69626569928519,-3.80258696897276,-0.490220844352449
"1519",0.0862295845210538,-0.595457082242689,-0.635970336402149,1.24335624966952
"1520",-1.16599831660472,3.39304553007757,2.69315936210444,-2.17467743971734
"1521",-0.430952667886841,1.56965347291838,0.57623732327428,0.608744198517156
"1522",1.10584646994014,1.85552974906694,0.840849391298214,0.733235394645119
"1523",3.91471297405273,-6.23500171317824,0.398604613538461,-0.338117925116843
"1524",0.322289228645922,1.11595769994349,-0.128002631628075,0.631231119867779
"1525",-1.60325608167138,1.84260205033053,0.55308979208254,-0.338512068894158
"1526",2.12925033547968,0.548508759081376,-0.189586088146794,0.540952216400549
"1527",-2.70000729495049,1.60479415379034,0.656577371232388,-0.758699803809866
"1528",7.0393327468934,-7.34747709507134,-0.373507922522644,-1.24002961825661
"1529",-0.397909740789785,0.472467321307539,1.8335388375108,2.48271916262949
"1530",-6.27814961140478,0.100603917862269,1.47706555079841,1.44884862253294
"1531",1.53488756833145,1.50150742004473,0.214768565577117,0.862257509179943
"1532",-5.4451470610488,-0.46346986871884,0.208863947471363,0.967661167756493
"1533",0.921772631234437,4.50020036150972,2.25540373594128,0.448119140294882
"1534",-8.80067837878025,0.760607219423631,-0.270041105199046,-0.993197707872363
"1535",1.9450197628878,1.36481616220502,-0.276326046184289,0.263675006154356
"1536",-6.23657481356379,2.66774243814537,-0.138090983105189,0.402840316029282
"1537",6.222602970191,-6.79443035496041,2.12612430317335,0.0930808727687822
"1538",-5.54243575798796,-4.11312434820299,1.09842234447987,0.761989928196339
"1539",6.73567123951312,-5.54676569713499,0.0595859062472308,-0.203310484513385
"1540",-2.79614350416315,0.612110284448873,0.257514342346232,1.01068024456067
"1541",0.146489211767635,0.766181403090065,0.439223529732749,0.573515783959594
"1542",1.78578172842591,0.960594951505091,0.749767115248799,-0.225783491652555
"1543",4.56699238959774,-0.212622410152915,-1.29944314229031,-0.413782752612764
"1544",-8.26305662983241,-4.25746133805863,-1.44005039919739,0.777803354888303
"1545",1.85072568553935,0.16347529052678,-0.533918278886755,-0.332973228724608
"1546",1.09925983242419,1.44944717517743,0.855557139674557,1.2357206069059
"1547",-5.0877362896248,0.325404491217719,0.214563240825382,0.427900792187715
"1548",1.69366521102283,0.898058084645394,0.802117090459426,0.5260580567964
"1549",-1.11792227452937,-1.02333842322691,0.380353154725329,0.840007634735365
"1550",-3.35105443745346,2.25785734417995,-0.325891450268019,-0.146736274163361
"1551",4.89959070412849,-1.45797749212711,-0.234628263137453,0.534849083461367
"1552",4.03599487312432,-0.162797253104524,0.521942454952195,-0.267473762151072
"1553",1.30645076726424,1.65864916914268,-0.240122149972547,0.62859078123844
"1554",1.3596556892902,0.828596628081079,0.820382649563202,0.495352304129006
"1555",-1.60515322030537,2.26201312604031,-0.00448007101492207,0.00403865054616872
"1556",-1.02499373584879,3.5370930540198,2.39787430295867,0.748334021720335
"1557",-2.47698661383391,2.79409001657896,0.836324260494745,-1.89085326191862
"1558",5.72285476824898,-2.85988689572274,0.378464546663916,-0.0578247719668218
"1559",-4.65291515822534,-0.853076060259778,1.40703019285209,-2.25211874298321
"1560",-2.50068937791789,3.17557558961651,-1.30810624999224,-1.00606682483952
"1561",-5.35257437202988,0.143618464280793,-0.737860640024558,1.13799078980116
"1562",-2.4353830410845,-0.0188550708136842,0.527702586512199,0.19028219158799
"1563",-1.58421295933963,2.14736090259219,0.603333963413875,0.570013592735564
"1564",4.96925230234309,-0.755564413117425,0.222437738912273,0.189948503050664
"1565",-2.27705539819248,5.07895572599423,-0.855413828645685,-2.29361796586648
"1566",0.350986004410901,1.99879540972493,-0.928848555637179,0.148334555007473
"1567",-1.83030028416319,-1.88584073307542,-0.963468581830932,1.112700933504
"1568",2.11175420092102,-0.373302541525549,-0.330731797227186,0.35588481591392
"1569",1.93191797202558,2.75801153233065,0.642400308431429,0.448144364562951
"1570",2.54762568233453,-0.250800378686979,0.0553838356808501,0.416453639465421
"1571",5.34860385205342,-0.600373449091585,0.156305418420569,0.0797573811661399
"1572",-3.49407361888922,1.33356664680949,0.719005100965572,-0.224225964473307
"1573",4.0323527175295,-0.201882215736438,-0.0668822891679901,0.229725880130826
"1574",-9.98279649820101,-7.66013628762901,-2.23159742373784,2.72044576489225
"1575",4.39404976795619,0.753693524413718,-0.545200424392951,0.126769511335759
"1576",3.4870493828154,-2.13684884650106,-1.19578434430968,0.972415659334436
"1577",-5.23310017514074,-0.0097887723860611,0.0519991310661867,-0.950131674692386
"1578",-3.47105489640733,-1.82359928763325,-0.110560923521872,0.833608215116815
"1579",-3.01737129177022,2.41763758621795,0.505574050222301,0.214604401203206
"1580",-4.87579584829709,3.67197635607122,2.0612956330525,-0.184926871784105
"1581",-2.71617660582809,-0.653839295809445,3.51549566924358,1.04861721815435
"1582",-1.61411868761349,2.0270408598465,0.396018937901418,0.526720332011319
"1583",-0.432473474130293,1.3499343397658,0.396544348515686,-1.69830088418852
"1584",3.96628700863363,1.73677892278518,-2.7844081334677,-4.9056740200438
"1585",0.401692468580907,1.33978509260544,-0.371102130658982,0.170895270898788
"1586",-8.88647344624545,0.493716705379669,0.416857191583134,-0.4073805436513
"1587",3.76408691447869,1.94194390468386,-1.83365885861132,-0.491902688066327
"1588",1.35164404712827,1.05196946336181,-0.616517892495963,0.628790992170084
"1589",-1.37325858162276,2.14033201148986,0.693559824259238,0.234228651675335
"1590",3.45843768240073,-1.83576694285117,0.728220233298148,0.441526566010327
"1591",2.23337397166026,-1.23468259377694,-0.414469246778335,1.61349310909846
"1592",7.47661508039389,-5.78174206829985,1.08799485466819,-2.15260330238331
"1593",0.883904288886452,0.395181315132547,-0.28431349181963,0.333052525391255
"1594",0.394181031580258,2.96518221117268,2.04089422334944,-1.62398388406944
"1595",4.16884072864757,0.915169107955757,-0.598671040504238,-0.840830231749471
"1596",1.96559871290504,0.499966940006698,0.630875616254595,0.991664818980547
"1597",2.86204909571097,-0.347592467505658,0.971489069536185,0.353680648329718
"1598",3.82913608902298,-0.773672846253607,-1.79745851009901,0.844911066487174
"1599",-0.576313624267841,0.849989338674346,2.00556987306026,1.19050018880528
"1600",-6.67693058176503,3.78406862127364,0.384072005388186,-1.66366233160748
"1601",6.02470209818142,4.51627722193257,4.48018832072544,-4.61691992045404
"1602",-2.96228866237987,0.437670875005987,-2.18700920934385,1.15334657879868
"1603",-6.71253072696372,-7.11454674874775,-4.6239338512151,3.30149665564749
"1604",3.87709091342928,0.354543670744418,-0.477293486002627,0.438697358576853
"1605",-3.59632613278568,1.06141032047871,0.686630806317053,0.574955140624246
"1606",-4.47576691960729,2.09212105757451,1.30581603009183,1.43917731683661
"1607",3.50571545761603,1.03098859798264,0.670039926454332,-1.0751019529848
"1608",1.64930920100476,0.398535956620135,-0.453115214021963,1.07156862151626
"1609",-5.00467133504716,-0.219746094260365,1.86878936527477,0.462005858674211
"1610",-2.56936995084418,0.166854047135313,0.539148947187715,1.91466299724001
"1611",4.43244954232145,-0.585223824718835,0.406204423739849,0.317801766886859
"1612",-3.73282996067446,0.189868794897148,1.6198527506051,0.353689805426732
"1613",-8.25859349450602,-5.0817646125534,0.483219312670722,1.07866450579936
"1614",-2.73472578935864,1.64856262291557,0.924889656479621,-1.01537108015929
"1615",1.13185075175655,-1.06867086250403,0.717277799231612,1.0463902019477
"1616",-2.92794378255792,1.98993037663995,0.177031710404214,0.445461666259294
"1617",-1.54300341331614,0.313007772492922,-2.77273825080674,0.0648836403713039
"1618",2.00646579977288,-2.18966450087836,-1.19205041638509,1.56099603850052
"1619",2.22206212458022,1.04879480268321,0.271248254832096,0.377219539899334
"1620",-5.18047768055999,-1.3070524929604,-0.524344611712423,-0.816364171147706
"1621",4.08068595535805,0.338978715046312,0.837333762891388,0.489704378928478
"1622",1.55384272685036,1.75902988640792,0.23891767670502,0.854058810293578
"1623",-4.08656115454976,1.7916350103533,0.909984710301358,0.58223687060545
"1624",-0.81013947001519,-0.467967132424145,0.904585610631088,-0.0375443664291951
"1625",-7.67277101299204,1.54741008349522,-1.97074219258277,-1.72038444978761
"1626",-1.18795245072438,1.72889751558572,-0.489657125655654,0.848172701002115
"1627",5.3287893085559,-3.71689909220146,-0.763723754830771,0.354077365347863
"1628",3.45472022871811,0.706967182121657,-0.7442280062499,0.283387856705163
"1629",0.336294063764155,1.42885964695988,-1.1506114358453,-0.0220487061796053
"1630",-3.15432428233279,3.96230641213744,1.27390681917374,0.206642557562801
"1631",-6.088965811807,-0.750537689978626,1.2636941965895,0.965356262640314
"1632",-5.49318839029949,-6.55979808280361,-2.97267969872785,-2.02097621620419
"1633",-5.05481611869651,3.80282484216863,1.29541684087133,-2.47642157016966
"1634",-1.41435083397383,-0.359504896474592,-0.947235212564564,0.977118505658108
"1635",1.25762771473847,2.0267257551909,-0.461329403376696,0.405597964639873
"1636",6.06095132840829,-5.50728750280938,-3.45964888257221,0.518186362315708
"1637",-3.0120870001648,0.295257985238306,-0.278985465318624,1.60206719840915
"1638",2.07003114106613,0.670301111319273,-0.615724474422425,0.69167287780913
"1639",-3.22625583046882,1.22369336680632,0.235945736779018,-0.835278108674991
"1640",0.00320600854328676,2.21874152349581,-1.05738196824571,-1.93136189366856
"1641",-4.52348822045103,-3.64729352110698,1.58659033486757,0.812283397364478
"1642",2.99380275737369,4.64189260491419,0.994593169421653,-2.25110880099147
"1643",5.14355621627252,-1.73947200109326,-0.527654395246512,0.265146682921893
"1644",1.61207520995332,0.982501824467246,0.546273108055626,0.808686001684271
"1645",1.63703918015076,0.876843478512018,0.179903831341574,0.746085567932776
"1646",-4.15554638367912,0.17548971219152,-0.938580254278101,0.94157265765719
"1647",-1.32874643078913,1.71479513998355,-0.969038924992272,0.353514807903952
"1648",2.98301562608909,0.414268424293484,-0.228732748280403,0.695921941734488
"1649",2.60165385654456,0.0014701129979711,-0.624596675194007,0.932805053380172
"1650",-0.39684251391199,0.659893930802305,0.36344938418113,-1.41685393882791
"1651",5.89097458023371,-4.04504715115514,-1.49257124702452,0.120943568686463
"1652",0.588246074140782,1.31618222900133,1.89808692895671,0.828442796662587
"1653",5.42494415618182,-1.61281170807803,-0.213772802329647,0.154879067983919
"1654",-0.578784977900239,1.11462820974282,-1.97707894976806,0.659169535976724
"1655",-1.61175234416121,1.3131787493274,-0.665522656446179,0.665990339811268
"1656",0.0741178901515206,3.18520039930398,-0.258262478347096,-0.0224002157319758
"1657",-0.447048776007585,0.509165613200745,0.196447414180779,1.39044150184037
"1658",4.21963144218201,6.19750808743342,-1.93141978006062,-5.65684143665574
"1659",1.43889283920374,0.767285861682001,0.126046739369681,0.2861235563637
"1660",4.52010732884076,0.370109845171474,0.17001232874376,-0.341771115337149
"1661",4.61461902988859,-4.13265594540657,0.0668435974397433,0.485928638972246
"1662",6.01967835220136,-5.85258580898805,-3.48670707386725,0.20016723961001
"1663",-0.883490195238368,1.19726160184688,-1.28719824012256,0.764613482813436
"1664",-3.55746064456435,5.75222675941993,0.346905596483712,-3.66068517080202
"1665",4.00335039781326,-0.0984826190093261,0.29227123966903,0.327648367293132
"1666",3.36885315656471,0.374303866577817,-0.453149640655319,-0.170817505615817
"1667",1.32455822697723,2.04514399151032,0.36222970538203,0.433454906585789
"1668",2.75990924428056,1.30157406663873,-0.490426832687078,0.712313273470822
"1669",-0.105533010414142,0.932270642021387,0.525964577601344,0.883915265529874
"1670",-2.56038925345171,2.31407875580357,1.59548711133407,0.337930776960138
"1671",-1.49994859293249,2.08246003854971,1.21603129644201,0.935004794879256
"1672",4.85876331911339,-3.34996121591873,-3.32108564042449,0.574202887836
"1673",-2.0160266006769,4.14529140486315,-2.06537719383371,0.359780915671828
"1674",2.41232040821118,0.850465642217033,1.18011401690503,0.207245649922518
"1675",-1.70005088648684,1.37592110059939,-0.94801775080539,0.921515598815831
"1676",5.20103932934671,-0.208082284694615,-1.47276613657757,-0.117599732931052
"1677",3.70989791520369,1.18857899780058,-1.46983908604223,0.487724216604431
"1678",2.80497273740605,0.727649469944344,0.229806764832512,-0.420420863567446
"1679",5.18034498950825,-0.0598528434242072,-0.469583169348275,-0.735730679198315
"1680",-6.06666950474807,2.90620042903993,1.02088548447065,-0.306108160926805
"1681",-1.62837072390451,2.19650050607202,0.617035415387707,0.169497205135772
"1682",0.995909583166066,0.14766396191438,-1.13862039597903,0.323707905178481
"1683",-7.76012917837441,0.615568763314542,0.958169398035135,-0.0381180640772914
"1684",-4.53993552719228,0.564222134960211,-0.391594662449619,0.815600605261143
"1685",-3.22832100007015,-3.94836501445441,2.81964667264806,1.24893711828276
"1686",6.22732121792717,-5.50588823508755,0.582086532318821,-0.0795840341922434
"1687",1.70500255221676,0.756204478327875,-0.430099985724305,0.554111828890537
"1688",0.596727217086954,1.0697441864853,0.257397997011135,0.0153840708604363
"1689",4.13730760000151,-1.15434643327874,0.675618289044135,0.364730987003098
"1690",3.24768893095261,2.09142566184031,-0.67731481343169,-1.06682846740705
"1691",0.688149573500879,-0.156218510066536,0.347516319729202,0.686288466677894
"1692",3.18558207838569,0.593101153453906,0.195708506364991,-0.650634314935219
"1693",-1.81206872753196,0.407000418896375,-0.0593513332305064,2.07170400265014
"1694",-3.03232071149554,1.31335071421451,0.0397373465710762,0.554042152522552
"1695",1.93910984186253,0.554223067278645,-0.0336869513085553,0.364963400808001
"1696",-2.65880873753975,0.700332578755147,0.944431564826378,-1.11295125114907
"1697",1.19906767702173,-1.94470260556908,1.93448839036179,1.72828499356446
"1698",-0.0395246338845152,2.26965139963109,1.40121228280247,-0.985984359619606
"1699",-1.82095740884054,-4.52176608960948,-1.89617190174674,2.25148072093642
"1700",-1.13940526527405,0.97214975009111,-0.167931394354607,0.382695880620824
"1701",-4.77851470299584,-0.336632227546905,0.601364927671678,0.403739526343988
"1702",6.18793332957595,4.21228785528452,1.24647075504941,-3.34762994443827
"1703",-1.74845450241022,1.46971930793881,1.54257990749764,-0.305358010710427
"1704",0.210195237459062,1.60082642625446,0.236753440112771,0.379536636176849
"1705",0.559073863849303,0.578359706605669,1.15608632084024,0.663897486269331
"1706",-7.05823981705757,2.31309240375487,-1.1109711461511,0.577835582732537
"1707",5.89793574381595,-7.76415232853376,-5.42290412451816,0.154834557129642
"1708",3.27963736533184,0.485008419312088,1.29053458964707,0.0200240982876294
"1709",3.92293432347342,0.459357652438814,-0.528808241149608,0.411535273424766
"1710",0.555219199526543,-1.17276051177123,-2.18004881458684,1.19272239848173
"1711",3.01203328409964,-1.30935903166885,-0.73060595225735,1.28566910598439
"1712",-2.68621627968052,-0.46209403670002,1.15020037820752,1.33526921034821
"1713",1.00836095797559,-1.44495864186646,-2.09436162103095,2.15184651855918
"1714",2.25861026180717,-2.41358675507182,-2.42533469233121,1.0744112409576
"1715",-1.94241891690435,0.0218026535029824,1.04267005863167,0.325652174928746
"1716",3.18689101060039,1.21318673827693,-0.0342496655578659,0.0109281916843333
"1717",-2.15592852562024,1.96735661794454,0.635186184600367,0.95006420762036
"1718",-0.0724636095544348,1.45685681658087,-0.0264301434952641,0.758185669971775
"1719",-2.1905443721558,0.929562957970468,0.193619310235822,1.42795065830161
"1720",3.58376579163825,2.16415633039625,0.650153476335872,-0.325087159537448
"1721",-0.883076233365566,0.178985887393321,-0.900035310160606,1.27694728049577
"1722",5.09638626675154,-5.94762745781446,-1.95504432982093,0.340341765648519
"1723",-3.6328386002776,2.65019559019401,1.38151458973068,-2.43187917500471
"1724",5.0461804225107,-2.45583367828736,1.87452071831768,-1.03126501618323
"1725",-3.94844419685463,0.831315921097939,0.095245151389008,0.598170561857854
"1726",-6.70697249369102,1.94322925865952,0.493680980254589,0.145916611347081
"1727",1.77420180049681,3.59856760081865,-1.96298899134833,-1.69316639071543
"1728",1.94314881110506,0.453416564988054,-0.498701749274728,0.928851287488709
"1729",3.20158276910854,1.24100443917407,0.0897648210610242,0.0731829188113212
"1730",7.35327182481218,2.7359809451943,0.608036836829706,-3.10296524506563
"1731",2.99972387152222,1.56197914380476,-1.81707034003626,-1.19300139458085
"1732",-0.331831181996109,1.49361183090973,-0.716930823984539,0.627416007839309
"1733",3.25780064673699,-0.186881063705748,2.67389885848074,0.615028933508309
"1734",5.36917184719707,-6.12892863789171,0.635212581964894,-0.530841313636783
"1735",-6.61127464371354,1.0946181777133,1.10350632550018,-0.172273659594854
"1736",-3.79570426244157,0.474796258736324,0.241421950318514,0.425172932709864
"1737",-1.0084528823239,3.94153372115141,-0.909605087741294,-0.77660566078803
"1738",-6.74116041302719,0.75469557995747,-0.219176683821224,0.480591339984179
"1739",0.011107029726841,2.76806401857807,2.37849437575787,-5.30235745084436
"1740",-3.92968630684822,0.47433112071755,-0.804942194075501,0.857004521210263
"1741",-0.757526975490065,-1.71990912118486,-0.35603416024608,-0.60065311302652
"1742",-1.89090094102151,-0.506331006102952,0.205753061066723,-0.417168339743384
"1743",-4.15058406314151,1.36833573674452,0.548959024952237,0.448207976539905
"1744",4.16066560918544,0.435574080228906,-3.30258302789111,-0.148899235625879
"1745",1.48634176612841,-0.274761274968689,-0.305827262726163,0.643970159993975
"1746",2.47378945497523,1.59384208089858,-0.711616646108409,-0.549455532272189
"1747",5.13516225918458,0.797619657903492,-0.341318072725775,-0.529639439896016
"1748",1.20547307579886,1.09161151133403,-1.83196683757866,0.618495290299984
"1749",0.114251772306417,-0.46088044796481,-0.433844444856335,1.61878755876445
"1750",0.467397328299001,-0.750901275901559,-2.45580870918543,1.50035152936104
"1751",1.24372679137823,0.539203263486243,-0.134827489372708,0.753182819409667
"1752",5.2930503889485,0.0127342834973338,-1.82568482616616,-0.0482260243975863
"1753",-4.10696416045897,1.40029806083982,0.733866838009128,0.910397709300809
"1754",-1.62073747470083,-1.39690727764903,-0.374426505673871,0.846159263553494
"1755",2.8300120948459,-0.493782112709908,1.49595128945742,1.01243106373379
"1756",-1.16811206427034,1.25483466048645,0.964616686642288,0.621295800145444
"1757",-0.45285710657979,2.63223298984694,0.745975490299227,-0.84002601793873
"1758",3.56220836103251,-1.43572862109004,0.801105064317232,0.955350116565069
"1759",1.55123252796298,-2.62307578449424,-0.925764994750932,0.653866310689785
"1760",4.53054862847409,-0.338154470170394,-0.232757511173969,0.0278282289883679
"1761",3.16321285933978,-0.9392987415642,-1.1571260322711,0.163170480949483
"1762",-2.46534410248566,1.70283157718057,0.550772850847499,0.286851012552669
"1763",-1.61201544922549,0.776264641516727,1.45618285744792,1.07033248162969
"1764",-1.5934028581939,-6.57685264903693,-1.82671732861332,1.20693259444208
"1765",0.943875349240872,1.7550725290741,-0.148645015648666,0.505393667762665
"1766",-8.11911046159499,0.955578644692194,-0.693499357457655,0.629371156275063
"1767",7.06814682994827,-0.215985540853637,-0.541118353948816,-2.70254122122612
"1768",-0.111899898572973,1.19993719054378,-0.176138584267694,1.02510655668902
"1769",-2.17899473862416,3.22156634887563,0.0182849648127986,-0.850675798740714
"1770",3.73734262949979,-0.208423247753649,-0.4762049523305,0.256093090648098
"1771",0.284137966934125,1.83155446727278,1.173271056669,0.0439092930865103
"1772",2.80826117076152,-2.89588720726207,-1.93080855135013,1.39173304264143
"1773",2.22055272064879,1.21383123883181,0.544881356398912,0.585477938511227
"1774",1.87039703094117,0.872656852496105,0.308398044592309,0.363296496949087
"1775",4.68825844069275,0.116678403150129,-1.54642339344961,0.138948769187702
"1776",-3.4210677589926,0.99538625651657,-0.962338632110085,0.156485108586117
"1777",1.58191498696906,1.90976887299716,0.338335586972699,0.418297197292908
"1778",0.827976675783623,1.1466607637743,-0.350692181900426,0.566043121101519
"1779",0.91164380936969,-0.157789584908917,-0.881868657572532,0.991754323017651
"1780",2.18279071821186,0.313229667681466,0.616397613184278,1.17405212055947
"1781",1.52930440903913,1.89545753252613,0.081333988223949,0.729238433401225
"1782",5.67358381616218,-0.0283406469610608,-1.84366268083593,-0.58819446754857
"1783",-1.53212041159374,1.94753356054068,0.470981787476988,-1.73686949019018
"1784",-1.10477501825224,3.34843652717414,1.00477530991286,-1.72921869544035
"1785",3.23028326065609,0.577576701168102,-1.01857015290865,0.638938629124467
"1786",-3.84804595712503,-2.18366067905014,-1.30601349904736,0.526958615431545
"1787",0.20129218983075,1.32610276272796,-0.557218414529849,0.527276970190449
"1788",1.71608946888138,0.889218395765254,0.770337904835801,1.15934059193038
"1789",-1.58794183913437,-1.15329093103379,-0.0949335564318917,1.68795929712101
"1790",-5.18157175989009,-1.37480950107953,-0.586282042132753,1.40982212579195
"1791",-3.24542475745557,1.45483658746541,2.02537435761074,-0.0681293907972208
"1792",-0.0790202464406386,1.44459811913272,0.406209883507306,0.852378412361162
"1793",-7.64535606759907,1.1215978283229,-0.246639905997822,-0.239292316451419
"1794",1.34485112397239,-2.09762253896122,-0.947598396234918,1.21774423721357
"1795",4.71412742665757,-1.54781484902857,1.999182805159,-1.37495792943187
"1796",6.66936931210183,-7.37563126560922,-3.44094152346495,-0.517021899185029
"1797",7.06083289299784,-0.0586089554310101,-1.82378869724906,-2.58322719803355
"1798",-5.55144097616228,-6.88817154927124,-1.99405535228463,1.2570835387086
"1799",-1.57876369531542,-0.0527970520398787,-0.969742598239269,0.889744224732553
"1800",4.28405592043655,2.98434201301988,0.241251059356837,-0.472380630962398
"1801",-2.50445857600327,0.20122983554069,-0.779900461799429,0.546539736160881
"1802",2.19031645702218,0.0497075044992768,-0.307141101007598,-1.35021851455562
"1803",3.91747576724594,1.01321507531482,0.0200360863618078,0.228346561801352
"1804",-0.511608290283866,1.21785423262416,0.446544598872325,0.756206932193695
"1805",1.60425754163747,0.847238653619253,-1.05968255245803,1.04492018316176
"1806",1.70210887345274,-0.464643008465792,-0.59470404703365,1.1594449496093
"1807",-6.4627537569376,0.978900564547857,0.731666464950659,-0.357122329087514
"1808",2.04996400578,-0.431606379287943,1.91637111126885,0.844561129375256
"1809",-3.87004844080298,1.6682363748422,1.17511668131134,1.16768862054307
"1810",3.48530647349838,-0.734914782241793,-0.352328643445245,0.87923111063432
"1811",6.73202792345997,-3.56566432340128,-3.17512549158459,-1.30732575341604
"1812",-5.35545089948713,1.90843913894014,0.465320914697626,0.314773477871558
"1813",-4.11436853517169,1.43124616645273,1.18868354009927,0.678509649432943
"1814",-1.81498879279866,0.604249273480746,-0.389227378081886,1.22017173599793
"1815",3.17401494646971,1.04680295732189,0.362137642144592,-1.96819094107537
"1816",-0.542420997061084,0.561845612378393,-0.764920762645901,1.40793369827687
"1817",4.3937611101499,-3.89188618166062,-1.31112179226234,0.806624598430502
"1818",-1.66388587690113,-0.00581890296548823,-2.22131593956756,1.36823772894165
"1819",-1.80926832667582,-0.0488938666321396,0.855218792494569,1.01953595617726
"1820",2.37669157022909,-0.312546650296893,-0.961856346420636,-0.428536452212272
"1821",-1.33764887855758,1.52606306237696,1.45320928158588,0.651563808267385
"1822",4.23741113203784,-3.44442778195668,-3.10966726313742,1.66922756074896
"1823",2.37458946092637,-0.0900533251510733,-0.325101591965198,0.861459678273192
"1824",6.85179247709703,-7.28773461963772,-3.16765116136937,-2.0410678167437
"1825",1.70065375958885,-0.432531007006401,-0.779983025147395,1.07968061800611
"1826",-4.98003047516536,1.070172868616,-0.173516060633768,-0.800567521123391
"1827",-1.17720778560025,1.66021761423512,0.655933422484366,0.586891774731514
"1828",-4.37732170355224,1.37626727839632,-0.630630269438895,0.445846378821533
"1829",3.73629969269639,-0.469169299941164,0.215089744043688,0.506321101565091
"1830",-4.58541099445461,3.48437543623394,-1.99835589593534,0.0143489106588976
"1831",-6.05941213813248,1.01072513423673,-1.3072009019766,0.843224287646243
"1832",-4.34044919999548,3.39984159215993,0.134081373686771,0.0646903528796665
"1833",-3.78122031012629,1.54531339733186,1.21914788914925,3.22311817889255
"1834",-3.41214083016339,-0.457699761266706,3.68730753143229,-2.81140888811979
"1835",-8.49377455343968,0.480527141037767,-1.07933079604537,-1.14803171517102
"1836",3.25778391703407,-0.426331974847076,0.320310706385597,0.643111856420471
"1837",-2.8736276869323,0.160097707449058,0.235847751400637,0.479360596804564
"1838",-1.85060682560713,1.82937758058235,1.05597466054534,1.19475645043679
"1839",4.43018465177759,0.0256261905602462,2.21298530971556,0.138408677718987
"1840",0.642662287583463,2.59836985266239,0.515131293502874,0.554835982365809
"1841",4.35953556135825,1.58304152083367,0.503129982833637,-0.186440033597758
"1842",5.84329992791228,-3.66751352892392,-4.40864518391801,-2.0402351126404
"1843",-6.57746273500868,1.02196626635673,1.83531361171888,0.581122320875289
"1844",-7.39341681967507,0.812553183546199,0.907483222805021,0.836526131181515
"1845",2.20755347556019,0.219428868466384,-0.305192468095084,0.840240871067715
"1846",0.303665009153346,-0.174791819090519,0.819981142012977,1.26818589456706
"1847",4.1409828683419,1.38637262603996,0.951090897454645,-1.1451956893028
"1848",-7.28552576097569,0.145627390398657,0.768617852631295,-0.0845354668782187
"1849",-0.965377394221354,3.27237293357854,3.59262260221715,-2.08330238860453
"1850",6.36072593855327,-1.54866438670465,-2.62446969188782,-0.374591953388636
"1851",1.93932925006231,-5.42950878586386,-3.52295370952667,1.11065012840179
"1852",1.27636431399712,1.48003673767963,0.268400895717603,0.641067541369914
"1853",-1.39067349094568,1.82387278023268,0.482983915758487,0.842223568080104
"1854",-3.79079108855061,0.326258725139668,0.674310774331257,0.702337436228378
"1855",-6.85778140234758,-7.23878641968806,4.47868953758095,-0.501110834927036
"1856",4.0215671383666,0.955311712791203,-0.645468111279835,0.182357731618931
"1857",-1.25355065086324,1.36445514450442,0.355649095490561,-1.71242126371451
"1858",-1.66928054948162,2.34468353322482,0.164232794646261,-0.41357584948629
"1859",2.35366337667684,-1.4913810617004,-1.52047845729521,1.0785715843344
"1860",0.568351297117207,0.129839694824604,0.198072564607747,0.328789512974827
"1861",-9.50799124253489,-6.20551592380794,-0.927100714756289,0.52861464338687
"1862",2.75561128742822,-2.17059473655226,-0.144266759706342,0.972023598215166
"1863",-2.98801786562418,1.32416066471234,2.0336137400103,0.360409594459954
"1864",-0.902139649755443,1.33869111345823,1.30732521097995,0.638449092003607
"1865",-2.19065353262163,2.59634269368325,0.272847469763653,0.233412648784845
"1866",7.00853091624198,-4.40424344694971,-1.47985326275426,-1.45796744105245
"1867",7.02348188632506,-4.89937080969653,-0.976049908735621,-1.07336619435997
"1868",1.81738538143605,0.77536365887909,0.405299094265941,0.500026518835617
"1869",-3.74448054693097,1.06245541871601,0.361280115270059,1.34577040748598
"1870",3.91396084359998,0.549299378984649,0.520846335148524,-0.509951064853725
"1871",4.08853846240021,0.812425255225909,0.0273573182915004,-0.276550239396576
"1872",-1.80984426050026,1.29288814724726,-0.140966495963821,-0.388330527094213
"1873",1.93716876953702,2.17853019835251,0.139908474921019,0.890737067565138
"1874",1.93716876953702,2.17853019835251,0.139908474921019,0.890737067565138
"1875",1.93716876953702,2.17853019835251,0.139908474921018,0.890737067565138
"1876",1.93716876953702,2.17853019835251,0.139908474921019,0.890737067565138
"1877",1.93716876953702,2.17853019835251,0.139908474921019,0.890737067565137
"1878",1.93716876953702,2.17853019835251,0.139908474921018,0.890737067565138
"1879",1.93716876953702,2.17853019835251,0.139908474921019,0.890737067565138
"1880",1.93716876953702,2.17853019835251,0.139908474921019,0.890737067565138
"1881",1.93716876953702,2.17853019835251,0.139908474921019,0.890737067565139
"1882",1.93716876953702,2.17853019835251,0.139908474921019,0.890737067565138
"1883",1.93716876953702,2.17853019835251,0.139908474921018,0.890737067565138
"1884",1.93716876953702,2.17853019835251,0.139908474921019,0.890737067565139
"1885",1.93716876953702,2.17853019835251,0.139908474921019,0.890737067565138
"1886",1.93716876953702,2.17853019835251,0.139908474921019,0.890737067565138
"1887",1.93716876953702,2.17853019835251,0.139908474921019,0.890737067565138
"1888",1.93716876953702,2.17853019835251,0.139908474921019,0.890737067565139
"1889",1.93716876953702,2.17853019835251,0.139908474921018,0.890737067565138
"1890",1.93716876953702,2.17853019835251,0.139908474921018,0.890737067565138
"1891",1.93716876953702,2.17853019835251,0.139908474921019,0.890737067565138
"1892",1.93716876953702,2.17853019835251,0.139908474921018,0.890737067565137
"1893",1.93716876953702,2.17853019835251,0.139908474921019,0.890737067565137
"1894",1.93716876953702,2.17853019835251,0.139908474921019,0.890737067565138
"1895",1.93716876953702,2.17853019835251,0.139908474921018,0.890737067565138
"1896",1.93716876953702,2.17853019835251,0.139908474921019,0.890737067565138
"1897",1.93716876953702,2.17853019835251,0.139908474921018,0.890737067565138
"1898",1.93716876953702,2.17853019835251,0.139908474921018,0.890737067565137
"1899",1.93716876953702,2.17853019835251,0.139908474921019,0.890737067565138
"1900",1.93716876953702,2.17853019835251,0.139908474921019,0.890737067565138
"1901",1.93716876953702,2.17853019835251,0.139908474921018,0.890737067565138
"1902",1.93716876953702,2.17853019835251,0.139908474921019,0.890737067565138
"1903",1.93716876953702,2.17853019835251,0.139908474921018,0.890737067565137
"1904",1.93716876953702,2.17853019835251,0.139908474921019,0.890737067565138
"1905",1.93716876953702,2.17853019835251,0.139908474921019,0.890737067565138
"1906",1.93716876953702,2.17853019835251,0.139908474921019,0.890737067565138
"1907",1.93716876953702,2.17853019835251,0.139908474921019,0.890737067565138
"1908",1.93716876953702,2.17853019835251,0.139908474921019,0.890737067565138
"1909",1.93716876953702,2.17853019835251,0.139908474921019,0.890737067565138
"1910",1.93716876953702,2.17853019835251,0.139908474921018,0.890737067565139
"1911",1.93716876953702,2.17853019835251,0.139908474921019,0.890737067565138
"1912",1.93716876953702,2.17853019835251,0.139908474921019,0.890737067565138
"1913",1.93716876953702,2.17853019835251,0.139908474921019,0.890737067565139
"1914",1.93716876953702,2.17853019835251,0.139908474921019,0.890737067565138
"1915",1.93716876953702,2.17853019835251,0.139908474921019,0.890737067565138
"1916",1.93716876953702,2.17853019835251,0.139908474921019,0.890737067565138
"1917",1.93716876953702,2.17853019835251,0.139908474921018,0.890737067565138
"1918",1.93716876953702,2.17853019835251,0.139908474921019,0.890737067565139
"1919",1.93716876953702,2.17853019835251,0.139908474921019,0.890737067565138
"1920",1.93716876953702,2.17853019835251,0.139908474921019,0.890737067565139
"1921",1.93716876953702,2.17853019835251,0.139908474921018,0.890737067565138
"1922",1.93716876953702,2.17853019835251,0.139908474921019,0.890737067565138
"1923",1.93716876953702,2.17853019835251,0.139908474921019,0.890737067565138
"1924",1.93716876953702,2.17853019835251,0.139908474921019,0.890737067565138
"1925",1.93716876953702,2.17853019835251,0.139908474921018,0.890737067565138
"1926",1.93716876953702,2.17853019835251,0.139908474921019,0.890737067565138
"1927",1.93716876953702,2.17853019835251,0.139908474921018,0.890737067565138
"1928",1.93716876953702,2.17853019835251,0.139908474921019,0.890737067565138
"1929",1.93716876953702,2.17853019835251,0.139908474921018,0.890737067565138
"1930",1.93716876953702,2.17853019835251,0.139908474921018,0.890737067565138
"1931",1.93716876953702,2.17853019835251,0.139908474921019,0.890737067565138
"1932",1.93716876953702,2.17853019835251,0.139908474921018,0.890737067565138
"1933",1.93716876953702,2.17853019835251,0.139908474921018,0.890737067565138
"1934",1.93716876953702,2.17853019835251,0.139908474921019,0.890737067565139
"1935",1.93716876953702,2.17853019835251,0.139908474921018,0.890737067565138
"1936",1.93716876953702,2.17853019835251,0.139908474921019,0.890737067565138
"1937",1.93716876953702,2.17853019835251,0.139908474921019,0.890737067565138
"1938",1.93716876953702,2.17853019835251,0.139908474921019,0.890737067565139
"1939",1.93716876953702,2.17853019835251,0.139908474921019,0.890737067565139
"1940",1.93716876953702,2.17853019835251,0.139908474921019,0.890737067565138
"1941",1.93716876953702,2.17853019835251,0.139908474921018,0.890737067565139
"1942",1.93716876953702,2.17853019835251,0.139908474921019,0.890737067565138
"1943",1.93716876953702,2.17853019835251,0.139908474921019,0.890737067565138
"1944",1.93716876953702,2.17853019835251,0.139908474921019,0.890737067565138
"1945",1.93716876953702,2.17853019835251,0.139908474921019,0.890737067565138
"1946",1.93716876953702,2.17853019835251,0.139908474921019,0.890737067565138
"1947",1.93716876953702,2.17853019835251,0.139908474921018,0.890737067565138
"1948",1.93716876953702,2.17853019835251,0.139908474921018,0.890737067565138
"1949",1.93716876953702,2.17853019835251,0.139908474921018,0.890737067565138
"1950",1.93716876953702,2.17853019835251,0.139908474921018,0.890737067565138
"1951",1.93716876953702,2.17853019835251,0.139908474921018,0.890737067565138
"1952",1.93716876953702,2.17853019835251,0.139908474921019,0.890737067565138
"1953",1.93716876953702,2.17853019835251,0.139908474921019,0.890737067565138
"1954",1.93716876953702,2.17853019835251,0.139908474921018,0.890737067565138
"1955",1.93716876953702,2.17853019835251,0.139908474921019,0.890737067565137
"1956",1.93716876953702,2.17853019835251,0.139908474921018,0.890737067565138
"1957",1.93716876953702,2.17853019835251,0.139908474921019,0.890737067565138
"1958",1.93716876953702,2.17853019835251,0.139908474921018,0.890737067565138
"1959",1.93716876953702,2.17853019835251,0.139908474921018,0.890737067565138
"1960",1.93716876953702,2.17853019835251,0.139908474921019,0.890737067565138
"1961",1.93716876953702,2.17853019835251,0.139908474921019,0.890737067565138
"1962",1.93716876953702,2.17853019835251,0.139908474921018,0.890737067565138
"1963",1.93716876953702,2.17853019835251,0.139908474921019,0.890737067565138
"1964",1.93716876953702,2.17853019835251,0.139908474921018,0.890737067565138
"1965",1.93716876953702,2.17853019835251,0.139908474921019,0.890737067565139
"1966",1.93716876953702,2.17853019835251,0.139908474921019,0.890737067565138
"1967",1.93716876953702,2.17853019835251,0.139908474921019,0.890737067565139
"1968",1.93716876953702,2.17853019835251,0.139908474921019,0.890737067565139
"1969",1.93716876953702,2.17853019835251,0.139908474921019,0.890737067565138
"1970",1.93716876953702,2.17853019835251,0.139908474921018,0.890737067565138
"1971",1.93716876953702,2.17853019835251,0.139908474921018,0.890737067565138
"1972",1.93716876953702,2.17853019835251,0.139908474921019,0.890737067565138
"1973",1.93716876953702,2.17853019835251,0.139908474921018,0.890737067565138
"1974",1.93716876953702,2.17853019835251,0.139908474921019,0.890737067565139
"1975",1.93716876953702,2.17853019835251,0.139908474921018,0.890737067565137
"1976",1.93716876953702,2.17853019835251,0.139908474921018,0.890737067565139
"1977",1.93716876953702,2.17853019835251,0.139908474921019,0.890737067565138
"1978",1.93716876953702,2.17853019835251,0.139908474921019,0.890737067565139
"1979",1.93716876953702,2.17853019835251,0.139908474921019,0.890737067565139
"1980",1.93716876953702,2.17853019835251,0.139908474921019,0.890737067565138
"1981",1.93716876953702,2.17853019835251,0.139908474921019,0.890737067565138
"1982",1.93716876953702,2.17853019835251,0.139908474921018,0.890737067565138
"1983",1.93716876953702,2.17853019835251,0.139908474921019,0.890737067565138
"1984",1.93716876953702,2.17853019835251,0.139908474921018,0.890737067565137
"1985",1.93716876953702,2.17853019835251,0.139908474921019,0.890737067565138
"1986",1.93716876953702,2.17853019835251,0.139908474921019,0.890737067565138
"1987",1.93716876953702,2.17853019835251,0.139908474921019,0.890737067565139
"1988",1.93716876953702,2.17853019835251,0.139908474921019,0.890737067565138
"1989",1.93716876953702,2.17853019835251,0.139908474921018,0.890737067565138
"1990",1.93716876953702,2.17853019835251,0.139908474921018,0.890737067565138
"1991",1.93716876953702,2.17853019835251,0.139908474921018,0.890737067565137
"1992",1.93716876953702,2.17853019835251,0.139908474921019,0.890737067565137
"1993",1.93716876953702,2.17853019835251,0.139908474921019,0.890737067565138
"1994",1.93716876953702,2.17853019835251,0.139908474921019,0.890737067565138
"1995",1.93716876953702,2.17853019835251,0.139908474921019,0.890737067565138
"1996",1.93716876953702,2.17853019835251,0.139908474921018,0.890737067565139
"1997",1.93716876953702,2.17853019835251,0.139908474921018,0.890737067565138
"1998",1.93716876953702,2.17853019835251,0.139908474921019,0.890737067565138
"1999",1.93716876953702,2.17853019835251,0.139908474921019,0.890737067565138
"2000",1.93716876953702,2.17853019835251,0.139908474921019,0.890737067565138
