"","V1","V2","V3"
"1",0.852462508648185,-0.19139179367686,-1.36596239802878
"2",-1.56635773658103,2.10088654730457,0.344828028581923
"3",-1.62684788124292,1.39832396193417,0.618700785024467
"4",-2.55821883659144,4.17391807371244,2.43217653973557
"5",7.14697518731778,5.53921864354384,1.94222046824187
"6",-1.88682958606955,0.185777029546854,0.509349420863702
"7",4.75242175300764,-0.676930514166256,-0.0842820285212779
"8",-2.27002270375774,0.640116456613494,0.695172758978468
"9",2.82167379961121,-0.941363814786154,-0.620207166765258
"10",2.85540341957136,-3.76192085112332,0.0908309571680332
"11",-1.64761638536706,1.6900605331138,1.47041003890462
"12",7.26412897525919,0.954970403210055,-2.1107974919261
"13",0.699422184312403,0.524677092108019,0.231733941410849
"14",4.22152506922523,-5.81552481026531,-1.82646510774275
"15",-1.22312035267411,0.376402642007067,1.20520879064082
"16",3.07359402583251,1.7595522479118,-0.95248884887515
"17",-6.83038131187532,2.25405119053514,0.253989268550616
"18",4.93978096404391,1.67829190356119,-0.354034014434779
"19",4.49835236561063,0.142668419087135,0.0595735672181645
"20",-2.19644208547693,2.50852973897124,0.66463275816968
"21",4.64915046192942,-1.56571085464373,-1.01633119090358
"22",-2.33212326981728,2.51273933341364,-1.18593782431466
"23",-0.658122425023038,-6.02772061089802,-1.2052747994129
"24",-6.98171405254916,4.77941923483156,0.617957476217512
"25",1.57099394285953,2.24085098879718,0.559901647555954
"26",-4.37122752161481,2.59037376263514,-1.98556651540267
"27",-3.56516366531312,-0.177971864805398,-2.16861158519279
"28",2.79915167951845,-0.677346829216819,0.0355190482501303
"29",7.38142105731147,5.93494954936018,3.6493628725384
"30",1.5401975748913,-1.35869952646739,0.549190280335446
"31",7.1216701442801,4.9455108622198,0.283709881880818
"32",-1.86933303156382,-2.18036328873266,0.529712710443545
"33",-1.60378718277403,-0.225121119066402,-0.365295035590481
"34",1.26587059195041,1.17771990210702,0.221137722118878
"35",5.79490154849118,-6.52153926919305,-1.03125697587327
"36",0.836891218094525,-0.66641567157921,-1.30637165065369
"37",1.34494288730383,0.66710723141691,0.580143917578504
"38",5.76907900536057,0.567946099264942,-0.626933255692674
"39",-3.32321670010637,0.28744870212146,0.149913459883302
"40",-3.56134187529799,2.28528314282118,0.369759179381596
"41",3.63995430178188,-4.03549188322287,-0.618732821363232
"42",4.70027455415888,1.26541719427555,0.341524927813263
"43",1.74090202572702,-0.411525323266814,0.116367097168803
"44",2.52956042006629,0.017129185206945,-1.08339208214009
"45",0.115653689015347,0.674342188660378,0.516729907607983
"46",4.38632411785333,-3.25074291578237,-0.234210802806864
"47",2.91966665627112,-4.9146270506825,-3.6051190984243
"48",4.46612451783882,-1.4216548876776,-0.479625400157358
"49",3.17242087173757,-0.562109556218366,-0.219006060428113
"50",0.410710829659516,-1.67246201455798,-0.239221807520004
"51",4.85554421227705,-4.83248989043209,-0.0703972215514465
"52",-6.95388315253431,-3.10645148554763,-0.437547788636857
"53",1.86530936990989,1.7244062285271,0.548164992937551
"54",-1.43139083962682,-7.16818896190154,-4.63269330918475
"55",4.0596546401461,0.565398126858391,0.404082072728985
"56",4.81218564626836,-0.674462011333749,-3.20125894956686
"57",3.18864176510978,1.42092072769409,-2.10318813596574
"58",6.23385564614443,4.79090100612271,1.02392098845703
"59",5.00148164243056,1.68638872421073,0.702343633467502
"60",3.27593730149031,-2.73772482648469,-0.275212499835813
"61",-2.16122482430795,0.981339359496596,0.740258325833315
"62",-2.57681476866239,1.37145955244186,-0.643384738495003
"63",-9.71163214828069,4.38395616151634,-5.69518062293821
"64",6.19238169682464,1.01697229443205,0.551400662822355
"65",-3.6991360428212,-2.9295779514193,3.26794801455374
"66",-2.76710192714244,1.35661379084667,0.154189227226305
"67",-6.82790417680232,-1.68673698011233,3.65603297367022
"68",0.4106799027439,1.54986409739817,0.493881158565451
"69",-2.17203573923052,1.48503041234748,0.177716380182606
"70",-0.335707272857701,2.85087859706666,1.01897360245616
"71",0.586966931366257,-0.674898318772227,-0.0369034368242456
"72",1.51518123863843,-3.49358369910342,0.530161315765202
"73",1.74433621272831,-2.99191874195976,0.432004092442722
"74",4.43645845943497,-0.184225713405622,0.444121388499011
"75",-7.8941849027296,-6.13487983564096,2.05237857764203
"76",-2.4207594972877,-5.05198466041801,-4.18982633399495
"77",-0.429250678930662,0.312863107297579,-0.147705174908049
"78",-3.56499698162352,1.41877320715006,1.2005921192612
"79",-6.63902916481891,1.55798175550935,0.592748055425032
"80",4.23729794843102,-0.173575002527219,-0.258886399738955
"81",-1.84033105044727,3.59351982452918,-0.1491535148019
"82",1.43942114796555,0.409090139365077,-0.385557325452995
"83",7.21892521669907,-6.72684325631206,-2.36651817640092
"84",-3.67681439805165,-1.28937791998349,-0.299790923546965
"85",-1.20604897951522,-0.558697335666458,-0.98812238899439
"86",3.41746741487918,0.37638262659684,0.370160590594449
"87",1.51170134288244,0.525176601939178,-1.0664164527706
"88",0.102914355615155,0.124088645804272,0.532128859421799
"89",-4.41248193308791,-4.31872053735707,0.847003259809688
"90",2.25642647642425,0.159387054289177,0.687514559650248
"91",1.81276539280101,1.41211812215715,-0.205917827846932
"92",-6.11907584802475,0.417382598546162,-0.714151367387624
"93",-4.42592554429613,1.34590814519157,0.686206066833733
"94",-3.73404141685814,2.55483534020955,-0.620237519568697
"95",7.15252192034998,-2.29308329396624,1.35810416277192
"96",6.1750304958803,-5.19342402593752,-3.44871042116983
"97",-2.96983908110862,-4.57748782391741,-0.836926282339041
"98",-4.09028783038749,1.40391782500521,0.129887475273784
"99",-5.24497624787849,2.11910139832684,1.35721412682763
"100",1.8613953917123,-0.852342055898999,1.47711758189093
"101",-3.74044448925645,1.68558909561163,-3.59589323320888
"102",1.2615238083949,-0.0478939425251368,-0.239802288205029
"103",2.89109581161134,1.37083918173956,0.0410181156254406
"104",-0.694251226791382,2.29045081134382,1.36694377336163
"105",2.23901605382001,1.76004480910782,0.16467592887048
"106",2.0911321979548,0.237386173259782,0.132858280103932
"107",2.13569082198708,0.166124023898307,-0.254086790735537
"108",3.14206410348701,-1.60270459600264,0.877319332757633
"109",-2.60248932590224,3.7499359759348,2.45607200809458
"110",2.07197816613216,1.42821049881337,0.119757816082525
"111",-1.85441138763423,2.30102559486715,0.528101012023109
"112",-1.02089573591243,0.231486925383442,0.709448705183237
"113",-0.19234440615215,0.948600393412705,0.565710658675753
"114",6.15817126246306,-5.94331409339253,-1.84019943891769
"115",6.67476161726673,6.10893688169546,0.729015884853681
"116",2.79563546088366,0.843268488077302,0.876271811464993
"117",6.12305589513347,0.390703095217413,-2.22821380767565
"118",2.80070151640416,1.08405040906947,0.610465240879026
"119",-1.70091902929735,0.651107967611485,0.621388475473092
"120",2.60437779490404,1.01813080200457,0.0684378747359017
"121",1.52810350700711,0.911266977114952,-0.488025965953355
"122",-0.872593522625428,-0.187583789243794,-1.96830896814139
"123",5.8875588427437,-2.18690381645088,-1.95322524863921
"124",1.86451541931787,-1.55868113810711,0.498457387624978
"125",0.116653127919321,2.67994064140459,-0.883762141265068
"126",5.00987745348919,-4.95142245926331,-0.314873413755545
"127",7.12367060167781,-5.09665319790443,1.01641352455889
"128",-5.19546550682914,0.95243474479412,0.462101129433918
"129",-2.06275221208379,4.25719905479814,1.79534999291249
"130",-1.43559511358345,1.00180723212553,0.579065532383069
"131",-0.652249911813945,1.2620416260121,0.843423291088401
"132",-0.257341057966502,-1.20848776005531,0.911010464394254
"133",3.41637496730912,0.704256253014003,0.512420234336083
"134",6.14944071033883,0.155594637650225,-0.892530430627216
"135",3.93711137814036,-2.67467448177029,-1.9625345083956
"136",2.10018164638197,-2.08591827742586,-0.406187789352831
"137",2.79284789721457,-0.301148046442225,-0.258677936612042
"138",0.440928526616539,0.809118032651884,-0.384284855786804
"139",-2.48060819790083,0.15455843264082,-0.187971276915162
"140",-5.38870130790057,1.18410626557885,0.220190243748097
"141",6.161599319082,2.68031810614195,2.0801122463734
"142",7.11029030071443,2.98680279404999,-0.62095024188989
"143",1.58987684817231,-1.5004469873318,-0.274474454652856
"144",6.66118963917053,-2.91627845347562,0.0643738320510226
"145",-2.71739375364646,1.09385967056044,0.410480058473194
"146",-7.50152293927556,0.128283735280531,0.976975018297642
"147",-2.37974069968111,-2.94689454138001,-1.01412162813422
"148",6.00168150415913,-3.10336502161516,-1.88839301912182
"149",-0.958475856542061,2.89873042976079,1.02577379264029
"150",-4.86228269517857,1.75302067633009,1.16276640437427
"151",-1.85560629602625,2.10644679635482,1.0189548074588
"152",2.83849305368006,-3.58888123209433,0.394955805347899
"153",-1.81483149830923,2.34820321140252,0.0646990119382329
"154",3.3888654048552,-0.85861721293823,-0.899866111136
"155",-6.92145058056882,-0.395705791737498,2.35647311309786
"156",-2.59655171338277,0.12092547949957,0.0424479584101145
"157",-1.669193460812,1.23878066793883,0.0113308548704832
"158",-3.18657887559935,2.38275748605881,1.04153832840569
"159",4.54197828649629,0.382094013005685,-0.990326411196266
"160",0.695417408438378,0.285910435650029,-0.353710578389255
"161",5.78265712485496,1.75086771996232,-0.24857762126579
"162",3.94667045982865,-0.859832372586236,0.357455688900539
"163",-1.65703631605005,1.13190673777158,0.0910449012257995
"164",2.12482575903057,0.0217006021964465,0.355878724167097
"165",-1.84429463566322,1.01239002970501,-0.395902657270914
"166",-0.486128131357783,1.14249016954052,0.457680304727044
"167",5.74390218418594,-6.72602639907941,-1.298081128215
"168",1.8657294793424,1.02530090563463,0.123786194718915
"169",-1.6440392557298,1.78550796169548,2.31152939541532
"170",6.77364016215213,-4.37322337492251,-0.995962411245423
"171",-1.6155298893057,0.423163676584568,0.0967104741990988
"172",-0.288730769421645,-2.64027890525789,0.230820324368489
"173",2.13999644993471,0.189857466565053,0.0273312133698951
"174",4.42796089361555,-5.80070150298146,-0.439323251609851
"175",6.19535910858107,1.59443430605207,1.22275980206412
"176",-1.50628477207776,-0.860848420531721,-2.44437534636487
"177",1.52211025922618,0.268524129547605,-1.0201900813619
"178",2.78185305200075,0.669430616365834,-1.81375647449965
"179",6.03392042974048,4.92795473238499,2.33564623272343
"180",-0.297967926713096,-0.90461879937274,-0.368516915922399
"181",1.2664550323025,-5.08223514295046,-3.56798906543217
"182",-1.71657745901954,2.63391873593273,-2.22869701743516
"183",-0.573964712803205,-0.331355116329707,-0.285267755553216
"184",3.21056570838738,1.37179389241263,-0.245736568157944
"185",3.03767331598117,1.80279030222643,1.7483020078098
"186",3.38276917046024,0.50580606252269,-0.478445639530841
"187",0.173841872266984,-2.99173954312157,-0.607212126459613
"188",-2.49769352738882,1.76000496031923,0.360969723661952
"189",-1.21999977941153,-0.36542447965124,-0.374015078399401
"190",-0.508808538059445,0.385979164789323,-1.92637674741708
"191",7.14218326169901,0.287110392845252,-3.19895023312465
"192",-1.40172377426062,-1.02732485538643,2.44362532693722
"193",-7.86353807492283,-1.01336238852541,-0.204241261712817
"194",-8.29185595496901,-4.29281010583431,-4.63753738640893
"195",4.46225149416439,0.26491631771892,-1.92224795404873
"196",-0.551555529826311,1.4170792614386,1.05660477936313
"197",2.9338095282986,-2.99195619222812,-1.11863578947319
"198",-1.22326571819529,0.284439487594039,1.17117272784044
"199",-1.23350077700325,-4.10363062187806,-0.142339126558972
"200",-1.7832280507268,-0.554253354627419,-0.332613538416352
"201",-0.627051544187444,4.07857395119299,0.166694297553824
"202",3.92029034596697,4.24332576580415,0.419500154535748
"203",-1.99560053394826,-4.90891973037475,-1.30166803672742
"204",4.8770772678909,3.2455408009436,-1.06759224353177
"205",6.01792025926395,-1.38761714841542,1.86802275680791
"206",-2.81566266230612,1.82614345078878,-0.0381374949102712
"207",2.14386201914637,-0.75099263042853,1.7583575950042
"208",-1.91257639793735,-0.64662798733729,0.146015498448343
"209",0.928633925150757,0.524459741721918,0.0911410520488163
"210",-1.27360608814635,1.83476608665858,0.268279071151688
"211",3.11608916585945,1.20731735194662,-3.20735809678942
"212",-5.35424796999773,1.7593708592669,-2.20860221453315
"213",6.3138625970551,-7.0002563447726,-0.206703452097573
"214",-0.949024636497444,0.13493367783747,0.0309312634090499
"215",1.12519012125611,1.82264604851385,1.19411699000394
"216",1.85997316480506,-0.249303538663944,0.406317620930686
"217",-1.84095377349636,-0.762471842039672,-0.481073170646211
"218",-9.7654008018235,-2.28605400732527,-0.624019872541223
"219",-1.63013575459759,-1.29217316660347,-1.20192267951588
"220",-3.54228360807808,-2.35150732562024,-0.727458614182148
"221",-3.00624583925452,4.04241070488866,3.29260048414218
"222",1.16910277712064,-0.254846820492107,0.738554223847935
"223",1.19617582850651,-2.29747023805221,-0.620436728163491
"224",1.53541821887242,0.667246107973077,0.130003273171314
"225",-2.11278677815136,0.541638195647367,0.842828140996588
"226",-5.3939861933005,2.67894972143421,0.208723727197491
"227",-0.117141699386844,-2.28069075765188,1.01947745524999
"228",3.94103245943896,-0.00863902320933763,0.0303626579490048
"229",-1.41175606430989,1.37704900654743,0.00556871085200916
"230",5.51615805910984,1.08225669032722,-2.00635538149317
"231",-6.85579467748714,-4.92901325965782,-2.32922571509557
"232",-0.169766826029349,2.68193907526397,1.45370129820007
"233",4.49687861068432,1.06759409060321,-0.439311576863018
"234",4.86606784843612,3.87547768672215,2.20633632238624
"235",1.50966258580944,0.741227170842657,0.315614473989551
"236",9.03138289833089,-2.15679141127096,1.16847071119785
"237",-1.28699270190921,0.384890826265123,-0.624401627929378
"238",-1.22337870142361,-0.0467474776567443,-0.615296922194058
"239",-5.0793072874232,-4.52004838056421,-3.39295808612124
"240",4.50394471812805,1.15901699854881,0.851408403564815
"241",-4.42762963839595,1.06173753803245,1.46005942491103
"242",7.27018548028727,1.73250353893514,-1.94840665838314
"243",6.70902466697506,-1.40528968767269,-1.96220941670046
"244",-0.890185975760223,-0.507158603633427,0.37893417567163
"245",3.94488375327488,-4.6802124849284,-2.00781143516276
"246",-3.34374560908101,1.68877163734698,1.2537958231743
"247",-1.61949041673,0.669635532762819,-0.435568378746069
"248",4.74621624416285,0.25869195297284,0.52298964492275
"249",2.39135402683257,1.37727221131049,-1.06596184718702
"250",1.5382035489787,2.68332395233381,2.75753213441926
"251",-6.11758306472132,-7.16481086001126,2.37651373525104
"252",-1.24919642714118,0.843647574916379,-0.359017582457647
"253",-2.15911473148685,0.587215294722322,0.103321167632982
"254",6.26623795384664,-4.32001942730505,-2.08278051775194
"255",-3.89618489946646,3.41722100801863,-0.409503841165556
"256",-4.81931077154247,0.284045358772153,-1.92343409382581
"257",3.09174302877105,0.759142903387199,0.670140205702789
"258",3.12877858539369,1.65941328813949,-0.0739287831346805
"259",1.31082030500908,1.02691051885884,1.19407967679042
"260",1.780712171584,0.37751960347481,2.48501538506627
"261",-10.8056609922148,7.24562170354119,-4.65479340156864
"262",-3.7902954392554,0.231115446439921,-0.1064436215535
"263",-3.81426664340689,2.4182962964392,0.712955736142135
"264",5.51229868615506,1.82451827582655,0.00948126892919828
"265",1.82872222588357,-0.836043592198559,-0.406162295575443
"266",-3.32669517781584,0.119550820769026,-0.983762291213099
"267",1.52903280277426,2.65476383164252,2.28099617111564
"268",-1.7989982255183,4.90488665797198,-3.35685737153564
"269",3.44350591780915,-1.43697220449026,-1.71048307504696
"270",1.53376199779401,3.02518066709417,0.317643670515379
"271",1.86196451297119,0.255277720128553,0.0683303771064055
"272",6.65598723261411,-1.53683743681766,-0.989653576451635
"273",-2.85147623314174,0.690075376125144,-0.387477073552207
"274",-1.79459372626081,0.812854162304774,0.220340643967857
"275",-1.72327752682739,3.67633086661184,-0.241364593816897
"276",-3.72342042238032,-2.0034594788899,-0.367123791368404
"277",-3.02734375934652,-1.06011488646197,-0.439836838042795
"278",-2.46527658203375,0.679749402291365,0.137895904415833
"279",-0.121151698650957,-1.01831750857748,0.161144943237048
"280",1.57618328007037,4.74993091290006,-0.298936262942376
"281",2.25715971578276,2.64141135343529,1.20798671370371
"282",-8.32843223866534,0.664347868692657,-0.640910219192531
"283",-6.36306447392113,3.56094871128906,-0.758232374975438
"284",-3.70557352928058,3.65331682991141,1.16110806602515
"285",1.7571000282475,0.827603542519698,-1.06589139469415
"286",-3.01726912141401,1.19882093029684,0.664600354387541
"287",0.471945361466713,-1.06801492703381,1.39999498806708
"288",5.22557765446895,1.78091223959,0.578588517227261
"289",6.76356610680019,-4.90739770115236,-2.0150428291223
"290",-2.31871006676808,2.6676832493565,1.49265134533884
"291",-1.87877923515012,1.80804134334618,-0.0197787009168908
"292",1.53709362657401,1.75992676831595,0.323563738431163
"293",4.46871676811242,-1.33017947955769,1.84010342390718
"294",-5.6103775943335,1.72593320120479,0.737672293087522
"295",-4.50549961457452,-0.670822777039281,0.532240579660738
"296",0.46869634502479,-0.19804205971072,0.0664262376310804
"297",2.1024823105989,-0.554024500023379,-0.856221739398014
"298",2.70475083460335,4.26414376949944,2.883807097174
"299",-0.602256368501605,0.0100576365977746,0.623646159246126
"300",-1.62713370031001,-0.89116925997116,-0.64049646595689
"301",5.74534229510102,-1.51925685788182,-3.2119834786937
"302",0.475297669482142,-2.94437079267718,-1.00664526564839
"303",5.17696541332031,-7.02384437770175,-3.2526206904854
"304",2.26431729921229,-0.329920044937854,0.469628139027742
"305",-1.84348422197179,0.0365570493303687,-0.654255426746231
"306",0.0572702998160908,0.805819704919516,1.10840942748351
"307",0.156561852405869,1.48936369318147,0.270719767199874
"308",3.94754754642005,-2.93973527765571,-0.244242384591566
"309",-3.16613134651214,-0.141654581069915,0.0408702987027624
"310",6.72583135552875,-0.949474010336471,-1.96185540947757
"311",2.79205499971918,-2.91907112525698,-1.48679392214936
"312",-2.72517543196883,0.941899243826009,1.01385017896358
"313",-3.00706644128657,-5.24637417045317,0.365350733822644
"314",3.89773338699427,-0.196171231538266,-0.868308878088878
"315",-4.95010482687838,-3.46976381256957,-3.20094422905765
"316",-1.57711771261127,-3.11195622962186,-0.728023523641563
"317",6.11487990888152,-0.328210056250941,-0.936395136643912
"318",-3.36582481545762,0.5236509598677,-1.06642947306613
"319",2.05395806551172,0.262376817150963,0.544292635165856
"320",-1.8680991946692,2.9951146139332,-0.238108894669136
"321",4.65058606704241,-1.67537345475704,-1.86466435135527
"322",1.75179933349577,-0.282204194478155,0.0673046026427826
"323",4.54098192450953,-6.74687856470103,-0.497247236481591
"324",2.34719953506148,-0.0389892759458169,0.130260383661804
"325",-4.9447296047025,4.25450397837397,1.23336045920557
"326",5.52028296936156,-1.46550095590452,0.676527371136548
"327",0.457613170429961,0.126373492329297,0.609712535252234
"328",-3.36271303173971,2.24691249818449,1.34803233746941
"329",-5.22242651128812,1.05106857665339,0.699742371926844
"330",2.79497274383501,0.472385941244768,0.138232587884127
"331",3.96635352067243,-3.41505374590937,-0.369026712734966
"332",-7.87640447899938,0.841187000900531,0.068857925356382
"333",-3.1912982460551,2.98294334875685,1.97028320838021
"334",3.6392984280687,0.339093273870057,-0.0474868147008267
"335",2.23983798937935,0.778302913413244,0.197090878143734
"336",-1.89721945778295,0.0192450718570935,-0.197022176220181
"337",2.94748924021225,1.40927105281313,1.25483924972095
"338",3.62240900447609,-0.193626398680929,-0.186075061706235
"339",7.07100708428238,3.65097865026633,-0.291266787253339
"340",4.61911196463537,0.111598130701388,-0.0964838520060102
"341",1.15914687848329,0.346411552364294,-0.0440436644353357
"342",-7.57946273111025,-4.89834944383202,-0.172038522375424
"343",0.827511331623291,1.81985601580104,1.90425340682137
"344",1.53749658497241,-0.209772089747734,1.5582307009311
"345",-6.84964448836493,0.992114036798463,1.16117762167105
"346",-1.06037125006288,-0.922916177393627,-1.54902774581933
"347",3.95693181929782,0.34273802485446,-0.95820980075731
"348",3.60180926091522,-0.610942557563389,2.42628183174201
"349",0.399641464750896,1.12595902377265,0.700418002405872
"350",0.412217591934274,0.689904214622627,-0.0392668393664716
"351",-0.794170586150771,1.47815308284119,0.852038209760511
"352",3.03636885213771,1.094485538533,-0.191587542366718
"353",0.274235057346413,0.165241125211625,0.00867233880394049
"354",-4.51636423269136,0.261962836240947,1.28164338846961
"355",0.685283936288173,1.42389465047128,0.343082459519767
"356",4.5014797179464,-0.410907341126839,-0.265817204334545
"357",4.50387981121822,-3.22295910212069,-1.33943563832152
"358",-0.467232114566089,-0.52961328488289,-0.258729241202261
"359",-1.61657207654,-0.0446687826014348,0.14185892493645
"360",0.957996451831439,2.64945022847852,2.88223032121829
"361",4.9617820515781,0.319555107518306,0.499432514315003
"362",-1.22163613254439,-3.96106983267404,-0.727143860156821
"363",-4.42669448985817,1.63725945401488,-0.406150447563426
"364",3.08296157160905,1.02217357140187,0.72032945206637
"365",3.1064662212456,1.75931388342366,0.170523515385169
"366",-1.6161397603863,0.157345292271742,-0.0391278544979121
"367",8.36104876449137,1.70295814054646,2.36590748374584
"368",2.3062335400269,2.11121737208666,2.38931310663132
"369",-8.33235316922422,6.82233741421588,-4.6649438102819
"370",-0.130303596197494,0.951873413944469,-0.0748833034633532
"371",0.0482566407128987,2.50900140641926,1.01749848549986
"372",-4.43048691651442,0.376399424153247,0.363580033866333
"373",0.687797635915818,-0.57068628204263,-0.691844770904164
"374",4.53236082632185,1.00512972471466,-0.161486843664374
"375",3.57725475518511,-0.196544683428293,0.548132686632399
"376",4.20811763980931,-3.23081542564164,-0.338931111316798
"377",2.91170848319225,-6.73811737693626,0.70348073337163
"378",-1.57086814854115,1.37259365967352,0.0287159565089922
"379",1.12511724414986,-5.09088829452931,0.708967943528496
"380",-2.87331580547681,0.668479085759985,0.224151530474101
"381",1.97978230565913,-0.406509941489208,-0.11979131260579
"382",2.18919648105508,-0.329738449004778,0.201129613736896
"383",-4.12524882634354,-1.985253316364,-1.8832471530598
"384",-1.41919367461757,0.231006031514846,-0.976485552119058
"385",5.16679324947171,1.55547932055424,2.34225382916229
"386",-2.95262165922151,-2.71960814840218,-1.21189884545248
"387",-3.1698914956444,3.72707963219741,-1.32892558081403
"388",6.7121773344172,-3.44548299562811,-0.439867804396025
"389",-1.67870938945172,2.27949392075769,0.0087719087796502
"390",-0.607976304863993,0.477031975309962,1.06076514632002
"391",4.72644051390093,-0.670067939655895,0.137165602307421
"392",-4.14316504007126,-7.07944073867854,1.33330015766892
"393",1.57604444029233,1.68654906982302,0.309822012861345
"394",2.81301434498922,-1.67578230605686,-0.369014665462306
"395",1.90115654248538,2.29694572762893,-0.327484142636107
"396",1.54029438070024,0.473313287587068,-0.305765186993361
"397",-0.692911277959375,0.378544824104815,0.494540190303783
"398",-3.79169952640619,0.00334199593121651,0.610682479313527
"399",-4.16665906863044,1.8244648745394,-0.645962220889528
"400",-8.32863639091099,1.84544298317453,-1.1959085870096
"401",-4.08742598358642,3.34824400547004,0.608382885074597
"402",3.9503296697827,0.203732191290147,0.540184465173459
"403",1.86648064998871,-4.94440913804599,-1.20131003717906
"404",-2.43088533194751,-2.99734781492923,1.17162494340602
"405",-0.295095887159504,-2.99525695548575,-0.488539480952413
"406",1.05593539557634,0.74568999991129,1.74101554114179
"407",-3.19553221039036,1.83566727240522,-0.0668876707877803
"408",2.84687651099969,-3.56356934528773,-0.855968452809874
"409",-5.19972236100705,1.84035673187083,-0.391022379727806
"410",6.35752553255072,1.41648093812694,-0.619997111849593
"411",3.10514116582173,0.993406976072636,1.29413880805659
"412",1.03450999946812,-0.678279412873386,0.0929796250463404
"413",-5.09534717014225,2.65596008670546,0.620582309191108
"414",-9.63265303559763,3.67389257897043,-0.202889006773598
"415",-1.20457026763098,-7.02398478261507,1.20759885889259
"416",-3.06086042986232,1.76473304015469,0.412376498506082
"417",-7.62228765992112,-1.13617107099818,1.05754299473671
"418",-1.20972826423495,-1.29385975623327,-0.147132305544704
"419",6.25579100711067,4.86616163641215,-0.481628376292728
"420",1.51107016386099,0.578439031578558,-0.366595518393199
"421",6.30892237930006,-2.94110363982755,-1.30650903605692
"422",-3.56645660873259,2.27138475435292,0.579387274679407
"423",-0.175522559985268,-0.201797848377456,0.227557842623185
"424",3.99834243749501,4.79941481420472,2.8824934720291
"425",-0.473705877419501,-1.45259911459218,0.631978468623753
"426",1.10347452286313,1.02231202805615,0.991755520939994
"427",0.413392169306378,0.381987169048262,-1.95370120278486
"428",2.52702148781884,1.19337613907661,-0.669485372945534
"429",-5.16372413365127,1.1990262882384,-1.00840270354186
"430",-3.34037413222641,1.03912800464578,0.666616032863539
"431",-1.4165907598867,-3.30850576177356,-0.258791316548913
"432",-3.37544758085217,-4.2912817610912,-1.93718664675933
"433",0.412818669598227,-0.737859699067633,1.01780912650572
"434",2.64558193175651,0.325351374087496,-0.303440545745942
"435",-1.44764198752449,-1.42788903313911,-0.638808818503271
"436",5.86267802880884,-1.58401934960279,-1.73890302834426
"437",-4.42876217102492,0.669698438707074,0.707103101010955
"438",-10.5490447547414,1.78016844798929,-1.88457239711126
"439",-0.622308002059552,0.18524406144227,-1.44430375720002
"440",-3.53486107824817,-0.0133581508764908,-0.676018077212973
"441",-3.76068017933728,0.694497768646892,1.19566317442957
"442",-1.67930394673093,0.669440173533864,-0.322034376682094
"443",-3.88201389900565,-0.183333433005588,1.01740916952728
"444",-0.412572184132124,1.0878953839776,0.581534262434605
"445",-5.09000491766057,1.82260301351561,0.229957010545253
"446",-4.43214901881125,-1.67551177918223,0.226974182370531
"447",-3.64635377801742,0.993344073667114,-0.264246860576114
"448",3.93400995462054,-0.198468560946806,2.30423575594129
"449",-6.79814826158153,-5.33750477149408,-0.0747204963842712
"450",-5.18643925571577,0.690968523178746,0.707332255772504
"451",5.27414623493123,-0.678308298526484,2.11843970829419
"452",2.64049094712776,-4.90067893706197,-1.44294995907865
"453",-1.43102516022916,1.55299526442757,1.48919360062244
"454",1.62928737462682,-0.5536097194984,0.0376411232789345
"455",1.74333623337856,-5.6585687289506,-1.92957998492
"456",-6.89967082688668,1.8197110882227,-0.199540164917322
"457",1.78425646439375,-0.909253078859922,-0.989422213989144
"458",-1.56730461930598,3.68236585704521,-1.94233536175134
"459",0.182638945888499,0.23127040821471,-0.227917844984074
"460",4.48063744348885,0.880461670104009,-0.520291114346467
"461",-1.26010350259626,0.121081398051282,-0.179828112792623
"462",0.334428153307284,1.02230416391632,-0.653572079062336
"463",5.1714891572259,-0.885962938465267,-1.4743024913365
"464",0.137836562453237,-0.768897192981945,-0.331344257176287
"465",3.48941723695653,-4.08576208816969,-2.14287277983566
"466",7.12513172511908,-0.713801261326013,0.578757030788746
"467",0.786641234625367,-1.64396786731692,-0.16184351338629
"468",4.82412229583928,0.844336104598996,1.05114538395777
"469",7.07694152313257,7.37036357211981,1.84474872859646
"470",-1.66759896486837,0.817294827469955,-0.188153928161793
"471",5.03353518375447,-0.511298304921541,1.15930260799032
"472",-1.45844321446269,3.903376597313,0.885053822451082
"473",3.94472249629989,-4.88428234175562,-0.241380938191683
"474",1.57157345829298,1.06775388525501,0.911597967249857
"475",-3.73958102083151,0.953163544391036,-0.224295815778726
"476",1.81788549195891,1.70950771123976,-0.195993072844841
"477",3.09105745079464,1.7974867465278,0.0366999709535115
"478",-3.56277278361532,2.29329356052481,1.86176300757214
"479",-2.21464924978182,1.23793850998451,1.45944341469666
"480",5.9368638729265,-4.00327161374309,-1.20510760919827
"481",3.7319763021038,0.0812239982007451,0.14752352584673
"482",2.86620169642899,-0.0308819383425199,-1.33417934056047
"483",3.45362177565079,0.966810080228402,-0.305624878830079
"484",-3.56066441663807,-0.0269252804648112,-3.4400417280997
"485",1.86154233013725,0.471906667957321,0.608865741917612
"486",0.0963317283162084,-0.194737954986116,0.0896016281298784
"487",-1.89937830580188,1.36010009002507,-0.439136215981469
"488",-1.98632545767122,1.0223074781646,1.06188159492097
"489",5.99397231164626,1.5196492692708,2.3627935066657
"490",1.83271217179653,0.326019615345907,1.05324586978659
"491",4.34437734001921,1.46333113293407,-0.19511525484044
"492",5.03642137258733,-0.837679283928909,-3.19650686664298
"493",1.96819930190852,3.0249001148326,1.41705590703541
"494",1.58582664732563,1.02225334476539,-0.791778664471577
"495",-0.652105044151049,-6.98238745193355,-1.31420952287617
"496",5.87576248198545,-0.887587938512936,-1.8155602180091
"497",-0.943113291806606,0.269401361703991,1.17110047918047
"498",-1.63828195389444,1.42309721559941,0.580641063774203
"499",-0.235503434522304,-4.29299448576091,-0.64126133400403
"500",-1.4256300938512,-0.86360307405388,0.331630656669118
"501",-1.49054221343353,1.67418238460562,-0.457566196238682
"502",0.408881721861919,0.380627870609016,0.609199890458852
"503",-1.61836738921529,-6.58141929966872,5.15325896257936
"504",-0.519224763908401,0.370149620397013,2.32504742179685
"505",4.49157238247115,1.68776837827589,0.625461663586266
"506",2.52191900273137,-3.03541878879522,0.299732985451099
"507",-3.35805704790039,0.0617767721035824,-0.975805528010444
"508",1.27941792768945,0.658974655751422,-0.988977919287339
"509",0.630390431155496,3.15287939325102,0.260984326827037
"510",-3.14813424597061,0.67360151240553,1.41773990751313
"511",-4.09144501297761,1.93876968337313,-0.894453224138894
"512",-1.25077749846542,-1.21415331932737,0.457347287614202
"513",-6.83913722244303,1.68725849809063,-2.25347836847054
"514",2.37737725676515,1.02219799025913,-1.85565112393404
"515",-0.53887093444477,0.699627468884246,-0.181678519181447
"516",5.00241527874619,-4.91655639061219,0.00873714120572774
"517",-3.56237721928256,2.10746386017102,1.16237421401463
"518",-1.71022852773025,-0.56472256405638,-0.33392030578392
"519",4.90385269421764,-4.39196708225011,0.0620193172214024
"520",-2.49827006881335,-1.68285125634785,-0.0250155023877027
"521",1.81805177868929,-1.09978892683616,-0.0747166840245003
"522",5.43003877835242,-4.30885626210665,-1.8132119444334
"523",-0.239448965848096,0.425959689361424,1.02747138889126
"524",-5.06292793115562,0.665951020924641,-1.5779592038801
"525",-6.62627339805161,1.8332250243805,0.0670364768468733
"526",-5.2038546331965,-0.0362235152569847,2.35329188391613
"527",-5.22130665046283,0.745048439862872,-0.617186148795262
"528",5.78103816947856,-2.02649849059385,-1.94968646816654
"529",1.19609698893338,1.8418183269693,0.29881156460992
"530",-4.4274757934852,1.82468075062574,-0.317630319058116
"531",-3.33051293759571,-3.90383605220187,-0.198744054740206
"532",4.39684309657704,0.979524346554813,-1.31416029159215
"533",-6.9000715397121,2.83259190622296,-6.37259959032166
"534",-7.59230658708396,-5.68354267538045,0.131184912126234
"535",-5.2063174328491,1.49967424694872,0.119148084276716
"536",-5.14810403598641,4.53232912869681,2.35568202476915
"537",1.55897908042211,-0.304914448499874,0.287610132681188
"538",1.55666933593867,-2.02786644326129,-0.379365797074054
"539",3.46714744358436,-3.00940847561357,-0.781802651318969
"540",3.14651370709273,0.100850607131437,0.0368846503253704
"541",-2.1183054550149,0.598805644639776,0.178707452421743
"542",2.13904725576255,2.67535183207948,0.0533334553684586
"543",-1.62849214628269,0.844402968469713,1.2024548973298
"544",2.76340237256708,-0.98602031451836,-0.615449802185741
"545",0.457215414806964,3.71874281895575,-4.4775189405939
"546",-9.76506463631415,1.69784423560304,-3.3711446582104
"547",-0.566284116267068,0.720384792195124,0.85360295869793
"548",3.71990200731771,-0.197399743533102,0.164199277896491
"549",3.11502349715968,0.287440689276868,-0.297900482782933
"550",-0.575984261288688,0.879243355148992,-0.188025519332185
"551",-2.47475763560123,2.36346994528034,1.32702539361387
"552",2.70867198083186,0.284695707996622,-1.72432669567362
"553",0.69779336052722,0.66968936464703,0.135638421080657
"554",-2.8258296907104,0.376389286870452,0.0821592202791796
"555",8.34545539618415,-4.29033701626132,-3.6066778164996
"556",-5.30224207216105,-7.00366497964063,2.58986458627246
"557",6.19202312473627,0.365045241605848,-1.93992455080974
"558",-7.57359213382519,1.74941491443703,1.91205570408087
"559",5.5020843627174,-5.87601190440363,-0.625464990978305
"560",6.04950071192609,0.843198811596639,-1.30406649386742
"561",2.80077654481782,1.00479671275247,0.453617788835605
"562",-1.78181841222956,0.661937133989502,0.540069701388005
"563",-6.32248291345589,-0.327577451105136,-1.64075865059142
"564",-2.35939178045002,1.19520829509602,1.82193725428498
"565",-1.86149739435403,0.408193413524356,-0.633255105246283
"566",5.16280450285569,-0.355348334879291,-1.96682253160799
"567",4.49047312377953,-1.42924099017657,2.10688708359776
"568",4.40549825096922,0.506683240720642,-1.85838817531735
"569",-0.483372087878087,0.690531662364461,0.780603242078913
"570",-2.09819691362717,1.66783720030814,1.01566118691137
"571",2.10149434985965,6.63734965329179,4.8257293646301
"572",-1.64954804221843,-0.934929692314242,-0.371332896500998
"573",-1.42030933316787,-0.669315035236492,0.365256933813329
"574",-1.21873572984975,-1.07698803461251,-0.257834631884847
"575",-6.91273595911229,4.51527188393941,-2.01013860215675
"576",3.11075312749355,-1.4390582937214,-0.279664839473443
"577",1.77819168218706,0.212889536241633,1.09872400878731
"578",3.95394260541186,1.42021952525257,1.41455127744631
"579",-1.74130817343598,-1.64324986946268,-2.19045869104927
"580",8.22886727571086,-5.81951485990425,-2.81094927187964
"581",-3.01547308783957,0.988855270422177,-1.81320718080683
"582",2.46278589047209,0.640712797336223,-0.30550517729235
"583",1.2335704420064,0.639902980775048,0.699866125821553
"584",-8.76488073043813,2.24436834387897,0.165907508339105
"585",2.25924763908786,-2.89717989528978,0.0435042778617313
"586",2.85366746176399,1.02237798160291,-0.632759496614089
"587",1.02031935219566,0.817810530978186,-0.0710241857149911
"588",2.62972410311474,0.119518332722586,-0.61751843200608
"589",1.19596069162627,-0.530225007661623,-0.188953665248055
"590",1.81388707792129,-0.291236010453034,0.0412923295657249
"591",3.40302536830398,2.68140586908268,3.47293517946269
"592",-5.06867949810588,-6.2040881942559,-0.907219375113918
"593",1.5750160518421,-1.65256296475666,0.230857346304356
"594",-2.38752066935884,-7.98578894796656,-0.439436578048017
"595",-1.65164044665572,0.50572791548182,1.0555200691045
"596",5.12562124963021,-1.19413826107178,-1.08970611885039
"597",-2.03490080607761,3.02450559112381,1.32524968904271
"598",-5.06914729196299,1.81664768807709,2.35384416414328
"599",-4.0839743814088,3.8005291107099,2.35111412902533
"600",1.57080003526859,0.286541743120796,-0.255853672286376
"601",5.96200250063065,-0.205385477867977,2.35196260678232
"602",-0.0852237581124184,-1.03856529769259,0.0149189407109828
"603",-0.639015280758911,1.04737058102509,-0.468462276290478
"604",5.81802498067535,4.43377615951286,0.710546260644293
"605",-2.16182511954647,-0.31426482891708,0.272242161921672
"606",-1.70981470123257,0.26064321647859,0.694947821713019
"607",1.76290811841398,-0.885075554952981,-1.97561220764011
"608",3.08159261480504,0.11944496741379,0.671280284686501
"609",0.68941836578456,1.19990941242744,-0.216650087219346
"610",-0.119451235802287,2.66929430901729,-2.17166512182356
"611",3.41707813843568,-0.198265385648142,0.352155121908455
"612",-3.55898853983103,1.43630814289185,-0.319937146712131
"613",0.0666825358712008,0.287202578267113,0.119207394798419
"614",-0.600183625941551,0.524630131780869,-0.189868800633323
"615",4.68639774931174,1.08236541560804,0.480127130955445
"616",5.74301450613633,-6.2990786086111,-1.82636840760898
"617",-2.04646611114509,0.580854605672927,0.0664020256186859
"618",-5.63162985923247,-3.17051713596795,1.91949317376395
"619",5.78703716813759,0.666661653347194,-0.0273103173936616
"620",5.88886345465043,-2.03802522995991,-0.325680094051928
"621",-3.63244195735973,1.83210092598114,0.0550830924544568
"622",2.91241680196995,-4.90433876759921,-2.15808232153546
"623",1.84919348149294,0.820155897672904,0.0362602669196634
"624",1.50956488424302,1.83261484023503,-1.95932503473785
"625",1.7582478765653,-0.636927713054001,-1.8133015501166
"626",-1.22305144848364,-0.673534385595274,0.114363311990697
"627",1.79518703847059,-0.176290947463179,-0.72213765403185
"628",6.00594112013627,-6.39844345621345,-0.701130539158426
"629",0.405923406701959,3.77803300055889,-0.992366598495964
"630",2.79280225727456,-1.66848858935885,1.45451878024233
"631",3.49096536705949,-0.249844742402045,1.35232291527574
"632",3.93290228352128,1.42423153643197,0.65684347653311
"633",-3.37810864284103,-0.85376492721461,1.34999369352505
"634",-4.20638085336693,-3.01840056234901,0.112883239732952
"635",1.16879921959562,-2.89286666696369,-0.484954046183363
"636",4.70878230961056,2.84009349456403,4.57141131415251
"637",1.58046501956816,-1.67534513130307,0.0251717096909447
"638",-1.42666394092162,1.18289828788148,0.844020433497328
"639",-3.73768823954618,2.3069850714593,0.720075704880989
"640",-1.65539733521,1.83679533148547,0.579747011451426
"641",1.86030427741789,-0.142853547486159,0.310684573521901
"642",7.12607498048847,1.02236950060086,1.91373703554434
"643",-2.34654032119345,-0.399991205006287,-2.54750455658791
"644",2.83330299226044,-0.20684394714703,-0.348377707265011
"645",-2.04128874055096,-0.674312284475566,-0.992290878939286
"646",4.40585687332071,-0.999648211699665,-1.96550551080454
"647",1.96246591549742,-0.955390712012326,-0.439057094650954
"648",5.46833386987868,-7.16440890102368,-0.435420921688225
"649",-4.62647920106307,1.57099976070196,0.0115703651138736
"650",-2.50070927424073,0.375150723432128,0.00093863172905944
"651",0.298942725143523,-3.5978218601852,-1.90951789707698
"652",2.79348289107852,5.18426559980118,2.00275706803278
"653",4.24185567915608,1.51479152977219,-1.30572310450007
"654",3.4164421677378,1.38656979641376,1.34467800798774
"655",0.501073342663982,0.565879485200759,0.297351205467182
"656",-7.86883012115538,-0.00709647765612382,-2.68881068617844
"657",-5.07795945507099,2.08886604012252,0.17849060206053
"658",3.76732614743688,1.40056591358181,-0.295509816630551
"659",2.86924907276698,0.94508854236801,0.362805375192816
"660",-4.62575059821736,1.05458556848532,0.749090644780469
"661",-1.87987804891232,0.656172938527712,0.230023377583067
"662",-3.95361576929052,1.19531855833387,0.609676208012564
"663",0.425863845892927,1.22833146893759,-0.367813086376201
"664",-7.54073547017691,1.83412118237372,0.691535831475892
"665",-2.53865739468172,0.138378104758778,-1.06686213965354
"666",-1.21445887706634,2.5681071195571,0.0837085731294836
"667",-0.0843744211765402,1.75970840384497,0.145481433469721
"668",-3.36541170297009,3.78671817295369,0.459777386794691
"669",6.12555886778533,1.19845051817801,1.32576091564398
"670",-4.56239550367404,0.161055595328684,0.20009368098627
"671",-1.42319949335515,0.664999146251694,-0.620131428591999
"672",3.21050133963472,1.53326562533072,0.608849825652515
"673",-0.460612874063563,-0.600495160018107,-0.521188865604125
"674",-3.98613727830317,1.59354226663112,0.608881520390676
"675",7.47300274734214,2.50893968418586,0.711686935783379
"676",-4.00322438372927,0.545801800973798,0.236390088079904
"677",-10.5883114495175,4.30890052002919,-3.38230727179671
"678",3.61039356325015,-2.9746192497875,0.0908215973647247
"679",1.74066773453092,-0.904522928319272,-0.0381776429147387
"680",4.7973878196547,4.75538560598225,1.55137796141206
"681",-1.22314761724081,-0.378411521395832,0.0908224653145647
"682",1.19603311035858,1.65460214148535,-0.469185636342349
"683",-3.77806679207294,0.522697360454019,0.687501187798676
"684",1.53742026609057,-1.64921125145032,0.0760090331781928
"685",1.08344652726206,-0.39903667608775,-0.702442495914729
"686",0.398448740258613,2.20658259273239,1.42624920694102
"687",0.467071433809169,-2.19718411533931,-0.62129540800364
"688",1.54394371862363,3.06416798707066,3.84676184992133
"689",-3.01454434712024,0.00796447384766042,0.982768271821804
"690",-6.73886892396867,2.63100606344459,-1.28097666774482
"691",-2.50809970127628,0.953046709339317,0.548425370715552
"692",4.36050546100452,0.405400006495746,0.0264626863430667
"693",-0.361157739548232,-0.698472335514719,1.14050796721968
"694",-2.06671083503897,3.02417479048741,0.980416922976697
"695",4.2470619459413,1.36916035367174,0.664257430714455
"696",5.47995110364538,1.97849051052929,0.982141045439356
"697",0.412867670666634,0.785301202530431,0.751465587683836
"698",3.94562554078104,0.391814179147923,-0.693938829689431
"699",-3.60873637150877,-1.11173884000087,-1.97232481516767
"700",2.92333465325955,3.58344283987873,1.87139862056493
"701",-5.15467500548404,4.25483428985741,0.72415249089731
"702",5.7414686809435,-1.02371389014986,-0.969954648861576
"703",0.761214731035763,0.290535440344801,0.370756501392044
"704",-1.13055694857299,0.713334227906793,1.01613542553893
"705",2.83464553575575,-0.417087485496986,0.686722158078831
"706",-1.41044191109251,0.251398462455908,4.26588581150696
"707",-5.10620027890421,-1.64769047536672,-1.25527892636252
"708",1.5760209682455,0.247415108495656,0.419729372334792
"709",5.67840559458863,0.802269642797427,0.551197743152309
"710",3.83908593286325,0.158455415124346,1.19224164494543
"711",0.395579897787187,-2.53744627651832,-0.724970520912497
"712",5.38266107363512,-0.254520679006223,-2.16114557101047
"713",-1.19341339703656,1.78454047708624,0.45269096088146
"714",5.06865485453612,-3.17372426647298,-1.03753464765726
"715",-11.2507526813289,-6.03381475828663,-3.25005295107249
"716",-4.1078030495355,-2.26518605544157,0.0435832085310391
"717",3.40037747682809,0.641927680916734,0.43942264566472
"718",1.60235409333342,-0.558341565197376,0.467507627314623
"719",-0.579373670922435,2.11374086041086,-0.364367791889866
"720",-0.11381117134937,-0.209268194390492,1.68166864386205
"721",6.19118145169738,3.93276334883273,4.13195237185603
"722",-3.18298119185882,-0.199560239927706,2.56679601278885
"723",-1.88366898032703,3.0824585641061,1.34609337786866
"724",-2.2177345185174,0.231580386217264,0.106340430011607
"725",1.5372448728347,0.702686071125036,-0.728224536300298
"726",-5.37385457460891,1.82616067205008,1.77712457427362
"727",-4.10298819367544,4.73730953148542,-1.31053826856239
"728",3.65343390940338,0.832134333958561,0.84792830405446
"729",-0.118406750363733,0.522883068451503,1.02362714726542
"730",-1.21619752051799,3.85173262935207,0.581048470616883
"731",-0.544430935254443,0.586236944042671,1.4169876734923
"732",0.046741089979266,2.97297804871909,-0.439792701773545
"733",-7.81669739912177,-0.360856473144825,2.37155528544054
"734",1.53772098830502,-0.860523861950202,-0.234071866772009
"735",6.61072171430685,-2.99069964366104,-4.21428758195071
"736",-0.619981528773215,0.598814465388965,0.419867643773079
"737",2.85769362634469,0.296088878772206,-0.0232650934237956
"738",-1.73433933131557,-1.93933743083481,-0.649592508951323
"739",7.43652046742296,-5.99875040045257,-3.08795217038221
"740",3.93895939314959,1.35299816608456,0.0180183576883123
"741",4.73001328144202,2.94957165620798,0.532309268917681
"742",-1.21623929134145,-0.905371512271994,1.7496872713996
"743",-1.22334353988425,1.44306323806734,0.101140341546304
"744",2.74014925347693,2.54398282658988,-0.366453399409913
"745",1.69316822028235,0.137465153762812,-0.391371419688004
"746",-6.17387339541278,2.69564673091435,0.7047258600758
"747",-2.93852652471409,0.120673556094774,0.573574879770239
"748",2.54794196176541,-1.73408374987102,-0.370171505404064
"749",4.499760722713,-5.41359235327954,-0.406160451458795
"750",-3.19602859871459,-4.92515408398281,-2.17962296706557
"751",-2.24746784041262,-2.89553117834975,-0.744354810968224
"752",-3.18721766953425,0.141552331850107,-0.481290991316822
"753",-3.00200959195771,0.715500954229074,-0.320591294533524
"754",3.0929275953567,1.19539650331855,-0.989625358265994
"755",1.86217497207639,4.245441996758,0.70162056356799
"756",-2.43507839901097,0.194190021580953,-0.186401102970966
"757",2.32548256114827,2.50770233466744,-0.606109601931293
"758",1.24704994994013,-0.886128390927651,-0.478490543791063
"759",0.435262071842885,-2.29484023815837,-1.87567476035819
"760",1.94443422619083,-0.0169297758031546,1.20715356212443
"761",-7.5308345489728,3.59499337394492,0.649889527406015
"762",-0.241743203878669,2.56790720623404,-1.85230588247063
"763",1.22722567083538,-2.68494340492989,0.565714935705631
"764",-0.599985943209914,-0.375250724334817,-0.480353360492047
"765",-8.65739741695544,2.29226956986231,-3.45056742758295
"766",0.073376267064073,1.10073136770641,0.842573486533677
"767",-8.76415805937479,-3.30431489165508,-3.43938704152244
"768",-3.00907707032554,-6.67624032870753,-0.683840589051727
"769",4.18084122633599,1.72304750798149,-0.437789186938231
"770",1.7838915253529,-6.0125755397288,-3.43517224443808
"771",-4.51455990830261,2.66501172579596,0.650935313027467
"772",7.13992918453679,-7.01011091376939,0.499200005451976
"773",-3.67814927553954,3.01979846868066,-2.37322676291836
"774",3.79139578957836,6.06374682500995,2.8811291122972
"775",-4.93003777704947,4.12849327735924,-0.36471967458941
"776",2.62742296783276,-0.556286314507328,-0.186333372608619
"777",-3.81448286584804,3.63438711518495,-0.475427675986728
"778",5.09985427917511,-4.92061542593723,-1.96747379716948
"779",7.26389548004135,-3.08437705558463,-4.31511657716824
"780",-0.118615525475508,-0.748682371584461,-0.202999942324066
"781",2.85860533504814,1.11362356145919,0.0128881346417682
"782",3.04685965432584,0.129749679919814,-1.74985004962786
"783",-2.8688013680488,-4.03833118199006,-3.19682293572664
"784",2.40655862974067,-0.85893086943962,0.353926648630451
"785",-0.597153427881193,1.25993751151067,0.367255170761927
"786",-6.42075840809545,2.5069809247783,-0.781120902047733
"787",2.08930937572131,-0.391450659375522,-0.621881500012249
"788",5.69223781478169,-0.678211483875331,-0.476228704851562
"789",-3.16379537315413,0.829440049957117,-0.783371425171359
"790",2.23794705409623,0.00830018058906526,-0.349980430863941
"791",-2.19646071348678,-0.674561792760717,1.41633661919367
"792",-4.40139515303638,1.71440006273763,1.1942099418648
"793",-7.58701998464401,-3.00632250925541,1.19362224215585
"794",4.25594861271381,1.00328318411876,0.192676659103332
"795",7.14772248691516,6.31077891734273,3.54462348644807
"796",-2.19639728842808,2.26466582155088,1.03687347799962
"797",4.21379553392462,4.8134685353028,-0.221744194157997
"798",-0.376625860091611,0.877495608248978,0.672194133580214
"799",2.80099118840736,-0.558087139330889,0.610344010824009
"800",1.13844610808359,1.38738505941308,1.19387313404204
"801",5.8537946890434,2.95663712491672,3.54249830408575
"802",-6.19244990696253,2.83151335020862,0.514688054645511
"803",4.4033688536357,-0.187275635902555,1.16569921924607
"804",1.58509109978807,-4.7692282484391,-1.79153690426427
"805",1.70214197255621,-2.91700989523682,-1.17957896216582
"806",-1.31439430652441,0.25627189310357,2.33629453874143
"807",4.37400385695254,0.107451250704477,-0.482179958941719
"808",2.8166170384976,1.12799445759831,0.181974452476278
"809",-4.1127912653065,2.07326617477927,-0.301314450207252
"810",2.76298204875599,0.808384678283905,0.526915198252991
"811",2.80015023133883,0.578549069966406,0.842862791320023
"812",-8.86535400099351,0.715186073417029,1.41635840551232
"813",7.34467592924903,-9.78367457465018,-5.99283371538857
"814",-3.52987295615179,1.43209671316627,0.966973309503012
"815",3.41952963096779,-2.7403167510833,-0.29930705413848
"816",0.394990025023957,2.19649732757165,-0.653374223011077
"817",2.79397089659918,2.30732735098709,0.545119923955087
"818",1.57726095152698,2.14957291180848,0.848546958876416
"819",6.32183037817536,-6.63887702431554,-1.94900035705803
"820",3.27704219792538,-1.51035783080983,-0.367136866204942
"821",5.84033784071441,-5.7212248493502,0.0697008326383178
"822",-7.5133850242011,0.754623068776193,-0.299965102338163
"823",1.6750639405058,1.68783547931843,0.745287174272766
"824",-5.79262620670407,0.239967518070022,1.34689016641124
"825",-3.71357926490206,0.586102346626228,-0.406218927835411
"826",-3.86996305797302,3.73626097491901,1.76859328068878
"827",0.0226438272066744,1.8072071698479,0.683255433174284
"828",-1.59547848781405,-0.954926937758453,0.782063229001268
"829",5.1802095393118,0.305687529688962,-0.406172163844212
"830",-6.82149180887796,2.30810739440284,-0.406191351921308
"831",5.76368618234358,-3.47254577554034,-0.0351228954254235
"832",-4.04616498639764,-0.550086948900933,-1.97602941131479
"833",1.00953539757543,-0.158698000787714,-1.06758840360842
"834",1.04353192845301,3.02487254140199,-0.22121900153602
"835",5.00147249658628,-0.50073024741487,0.402538407928114
"836",-3.01747205605244,4.8042704039249,-1.94556279483033
"837",3.12354810508387,1.82858762891674,1.7169014208777
"838",2.53065394047851,0.284822483968709,-0.89982439945371
"839",2.95341299413704,-3.17641925735135,1.16864724207419
"840",2.7999956154505,1.84337778637531,0.850083212258832
"841",3.94740816660872,0.289549830059067,0.274714528161656
"842",4.23541006107343,5.87320989747503,2.88110061914382
"843",-4.47674731448275,-3.98827501166656,1.45991506186176
"844",-0.61104077796129,-3.48379851566731,0.111138150513584
"845",4.43243917208671,-0.142130747254675,0.0660975865063363
"846",-0.549804039831908,0.639739766025687,-0.432351394397099
"847",2.95211754692564,-7.00676046114132,-1.30262317598621
"848",3.81740645494576,0.96600419720113,-0.0242287996725954
"849",-5.40056428292355,4.02578054180056,0.27972930810589
"850",1.86447727616485,0.839349143446121,0.531444010175967
"851",1.19616530947194,-0.675294974899365,-0.65110181832232
"852",1.57643083487252,1.35648920997341,0.041409899530552
"853",6.61300724515302,-0.559221633985738,0.227478451964327
"854",-3.67508116608579,2.30906589887992,-1.20215837802613
"855",5.00286453332793,-0.750917945958921,1.22112923634671
"856",-3.43726772684612,0.272047470480781,0.463678344705518
"857",-6.12838998347926,-0.832399660206863,0.79737358851762
"858",5.57295619908404,0.705072252887482,0.787568276376119
"859",1.08380510792175,4.73828429896641,2.41736671415242
"860",-2.15901607860054,1.05096030526642,-0.364537349821737
"861",-0.852705624873532,0.998029110741151,0.00871869195262631
"862",-3.19650212899927,0.194924978795377,-0.73238833903774
"863",-2.10467359642828,0.288605489437972,-1.02986599193755
"864",6.15047567533192,3.23888960670403,1.1940439326021
"865",1.17012857135303,-1.96117757645123,-1.84994631088883
"866",-8.07199416757013,-2.10186698074269,0.499639125934785
"867",-3.36466249040378,-0.1280467200343,-1.48675412074475
"868",2.80053913679334,1.35776891308377,0.695649358803819
"869",4.39908438074432,0.265617312572706,-0.898956947317813
"870",3.98720889099132,-0.675086842573895,-0.651980844645892
"871",-0.792176689439381,-1.43452200583421,1.24009176877195
"872",6.96823565252056,-8.15165742803877,-3.47445874419906
"873",-7.71051131437096,-0.896824842614112,0.528852286685245
"874",4.0183461638219,0.100048215234247,1.53942753346024
"875",-6.31186618357205,4.93700819751319,-0.0361530511204404
"876",3.65782984578308,-1.55617219365749,-2.16416303946476
"877",2.19701127475549,0.376516931094521,1.16225045653119
"878",2.1560361420152,1.00152060378074,0.424993621317609
"879",4.43583470064677,1.22640805063516,0.362759371266649
"880",-8.32448217940336,3.85866718518876,0.724263809178876
"881",4.69584015248765,4.85725655640558,1.32135200612832
"882",-5.26779479277298,-1.90627467478965,1.77329805214976
"883",1.80487346242239,1.52569550945808,0.4048408403075
"884",2.51411054185213,0.718944603727556,-0.481229301663713
"885",-3.56410135108796,1.0726469733205,0.0332615877601106
"886",-3.33677183950567,-4.90070221402306,-3.35228985881475
"887",5.08591132363827,-0.0214406965110982,-0.117681306519669
"888",-1.58272065313249,-1.06972521322095,0.370412655872673
"889",6.74185713756024,-3.0906832983612,3.50323968848096
"890",3.60109875788088,-1.42983369027035,0.377142415422411
"891",-2.5017988976311,0.510724347962728,0.852130716869722
"892",0.408960323321581,-0.548992320388511,-0.343173675854999
"893",-1.29182519625979,1.54781047696995,-0.359474118943312
"894",-3.34338850475398,1.6868052409961,-0.975905945671901
"895",2.75766589552353,1.75515912429922,-1.92779625970561
"896",4.40063951343221,1.51250588843482,-1.96589581609646
"897",-1.99214220921848,-1.49159805082577,0.847241047348226
"898",-3.01879908182232,1.19490689630746,-0.237997205672458
"899",-4.42906543778239,-0.879170936494991,-0.384347661514746
"900",1.51449858594334,0.111233658578096,-0.0904717358779577
"901",1.74892401974971,-0.676277957682376,0.0470965732270808
"902",4.70044123029751,2.67595603836468,1.01797057945688
"903",1.51437556852535,0.690382660102798,0.397657504273025
"904",0.107097146114362,-0.172291458059104,-0.0376684943362091
"905",1.36656504150971,0.0514361892738072,0.0404103866070221
"906",6.00284206048028,0.150755653366119,-2.19495061876183
"907",-0.553637482879517,4.24810953500845,-1.64827220339837
"908",-1.31078414655052,1.18760046224534,-0.535497202952276
"909",-3.17333330797494,2.26388204115353,1.90610836610563
"910",-1.17074011876519,1.48318915604346,-0.237998021360911
"911",0.0763299352554253,0.512143020717739,-0.084564383908583
"912",-0.00216615360651844,-1.1889373618793,0.320890549577859
"913",1.83518297079453,1.16956820743019,1.76870711467244
"914",2.07822305149373,-2.43253937629673,-1.02220429075348
"915",-1.7117132801013,-0.298507928010676,-0.993415126304534
"916",-4.08206185569757,0.413316792163247,1.3234815935887
"917",2.58734905416729,-2.99527226263277,1.04036641195866
"918",5.75325059067175,-5.62756587347246,-1.30212824910043
"919",0.409348383985369,4.2517181855085,0.532650734406417
"920",-3.18110319495068,-3.1482878869175,0.849864200200302
"921",5.00165867914678,2.84731647831372,-2.16041873482441
"922",5.73833340240172,1.22097747572011,0.714246279582783
"923",-5.08139246092339,0.0584113323902785,-1.86838572440821
"924",-4.05072310349559,-0.196707627923358,1.80608400954966
"925",-4.55699496674328,1.41019750551551,0.61332320260943
"926",0.686603568152208,2.28861494081568,1.05291013365722
"927",-0.38977148698341,0.640573861321352,0.847976716146956
"928",4.44532650637047,-2.71231761056566,-0.888931116687039
"929",5.75467357717601,-5.83375605441056,-1.8682836784285
"930",5.73807483268872,2.08970344828286,0.934247426441452
"931",5.18746713109496,-7.16623385875196,-2.22669967286082
"932",0.125349815482457,3.63676305004723,0.504318680139033
"933",2.09733562411484,2.8899624828234,0.553281309827267
"934",-7.59153194568773,3.09501317410565,0.226509687463336
"935",0.169004173155325,0.553583567651864,1.30314062403078
"936",0.411289175707137,0.296125215873697,-0.182261928131932
"937",-6.60286934460761,0.694246699881856,1.63070388299946
"938",3.38335701869262,-4.28226182833422,-0.368894229568628
"939",-1.88144070023127,0.6694516892006,-0.196130399599149
"940",1.5132665298745,1.93259530150046,-1.81374768829936
"941",-5.20586694037826,2.29787386108895,0.834399439734289
"942",1.12601467941015,-7.34115621735903,3.62910706331509
"943",3.17661604891007,2.10605562028518,-0.478051705639471
"944",5.16806398378372,0.841090664127906,0.46392955004679
"945",1.53757047431346,1.19230971328757,-1.82021481238726
"946",-7.87415954951626,-0.565671070591317,-0.439532945552053
"947",2.84912049730223,0.144225665383561,-3.59708577761222
"948",-3.36744270873175,2.20866105845957,-0.0375038716904839
"949",8.22907170492146,-9.76743074548721,-4.54089384108286
"950",1.52671197191133,-1.42135526943108,-0.223265699915497
"951",3.88381833889254,0.837285478849951,1.64039963517648
"952",3.08180207038652,-1.24624001613055,-0.0931069878735281
"953",-1.22288590387834,0.508818857481091,1.65739604731543
"954",-2.28788122003628,0.658388379410172,0.255351884936514
"955",7.13433939508682,-6.0130755771528,1.88472479367639
"956",-0.599971735000309,-0.884061955295842,-1.01470522724107
"957",1.54064517380513,-2.99107337460503,-2.52037278332226
"958",-2.19641358350367,-1.50979986681766,0.150401897447471
"959",3.624316808965,-0.195826182797845,0.845864721420342
"960",4.41086234851197,-1.47745365718507,3.03832014903629
"961",4.40526969432244,-1.67487046527894,0.172054044164173
"962",2.55675976545566,1.49244539347101,0.467003307341489
"963",1.9165359908625,-1.91183944085881,-1.17866062374802
"964",-4.08569733832657,0.0999200179154174,-1.93496251727804
"965",9.22649681055733,2.29256648502768,3.15320624070213
"966",1.69218705464227,-0.331427122304048,0.0285616058297621
"967",-4.40027111230996,1.36761935829561,0.929059936235615
"968",7.37551037557593,-3.16455331965952,-1.01653982164552
"969",0.0494005793891429,0.721493689759922,0.130557049872333
"970",-5.13419582658488,0.64223371097665,0.484726605132831
"971",6.16830368165102,-0.933875023147269,-2.08410310946781
"972",1.18649769039587,0.669506824499623,-1.886063601052
"973",-1.64621725786292,1.40592138444759,0.0414682050647721
"974",-4.40917886769977,-0.411537404025968,0.175066683881516
"975",-0.638968054845616,5.89851710242529,0.851346072993656
"976",-2.19633408200574,0.437617807689577,-1.95169389936463
"977",3.07092825797734,2.29679127360319,-0.541521949337473
"978",-1.63385477628811,2.01011659918474,1.05349907171233
"979",6.17414772996591,-5.7887669864966,-3.50002983935485
"980",4.41498122703719,-0.337688327827394,-0.978833559637165
"981",-9.77607460370981,-1.22975190816076,-0.290652107126457
"982",3.57849925736081,-4.29067439891858,-0.646413177395379
"983",2.80165740755192,2.24271432809331,0.83598969029594
"984",4.80300286177572,-0.533557854302195,-0.0961720518081793
"985",1.95696260693787,2.10466093624479,-1.93506222963188
"986",4.49079267704871,0.175922208547288,-1.96161644241125
"987",-1.91924428769584,1.33918330198737,0.93452594649432
"988",3.94329125405807,2.19004868272618,0.982342210632492
"989",0.846542829209926,-3.17330543182398,-0.696267607552342
"990",2.92175705051929,-2.36806505473597,0.549422546184734
"991",1.1015006116565,-0.331432494248733,-0.406179078893002
"992",-9.52147581488646,2.3675849797662,-0.337408854801561
"993",3.90056557764323,-4.9373502784245,-1.86029817232431
"994",3.62244929747323,4.15239851218929,-1.97220672875025
"995",1.7491543348878,1.09635012247442,0.17053590383932
"996",-2.18980577080188,3.32640910868381,2.35138334802142
"997",2.23982523606106,-0.191462939530921,-0.980471602719888
"998",-0.0816549138362953,-0.568508354222541,0.498806661157012
"999",2.08289946294833,-3.04135689100513,-0.277670561550196
"1000",4.46285561485499,0.410380053068718,-0.240989813336475
"1001",6.12637420590855,-3.55155861075728,0.846267744156813
"1002",-3.56331458848046,1.76126295548792,0.0648705840819256
"1003",1.52907436823217,0.173768992417592,-0.128686894350546
"1004",3.95064809475258,0.485916042911188,-0.820003658221868
"1005",2.79288441620149,1.11364391825432,-0.943415826195376
"1006",5.63192468270832,-0.891854785919454,-0.635031019576298
"1007",-0.823097937640712,-2.91420773442369,-0.71600910329282
"1008",2.81470341747063,-0.000158000576049022,1.83505389562034
"1009",1.5587415877151,0.587547151275306,-0.09641966021707
"1010",3.37585379000438,-4.93104564055761,-0.989531271700047
"1011",-1.84233390797504,0.376447199029663,0.532618264524109
"1012",-1.59925492653284,5.94078419122959,2.31785545558565
"1013",1.792429998285,0.660207305363046,1.39996559604189
"1014",-0.873747835538962,0.639948869943444,0.0645463808982162
"1015",0.409608438521615,0.661447059012039,0.714994836072296
"1016",-2.379869922172,-0.0331991786318985,0.143467254964643
"1017",4.79952490233288,-0.669422380750352,0.610562395198438
"1018",6.33750265280581,-7.0244370021228,2.57047188879766
"1019",2.02635590393001,1.37517923578726,-0.642394402745807
"1020",4.21684644435651,-3.57837066931475,0.0655034609400372
"1021",1.88905947978345,1.05689680528021,2.6111267801038
"1022",-2.18000721337889,2.50763849441463,0.515873454623757
"1023",2.25427777779541,0.484970227409015,-0.269109290527262
"1024",6.07755666677078,-1.07566626474405,-1.02228669433348
"1025",2.05185028824607,-6.03564695660978,0.848942282615102
"1026",-7.68337459932751,0.995853154722118,1.67986568260675
"1027",0.409514851324905,1.11710293674889,-0.11426982585648
"1028",-2.99127903316997,-4.50449896254737,0.368420784503767
"1029",1.83683053887199,0.674694477561342,0.610234145023595
"1030",-8.86598165354574,4.20746445974645,-1.0666118715604
"1031",5.0025403228774,-6.81727622564734,0.215982477103226
"1032",-3.79648150575099,-0.89301806656776,-0.855719196250722
"1033",-1.79092760618348,0.184028642716217,-0.406150420172061
"1034",0.880625279439697,0.412162742699081,-0.315959676313428
"1035",5.73903203077352,4.92667793739339,3.66873552708736
"1036",7.21737173118783,-4.68867391390641,-0.43590081044718
"1037",-3.71526871519261,-0.550437210080395,-0.97842456429788
"1038",2.51611925629897,4.23987167369612,2.44540930243925
"1039",-0.498460821387632,-0.311032023717938,-2.3227357149232
"1040",-1.7498217923752,0.108704737372417,-0.648484806179448
"1041",-2.50116365320445,0.200882183946644,0.672870968767813
"1042",1.20474495682393,-1.65067730010323,-1.01179374149144
"1043",0.0725528302547791,-0.672942131715242,-0.258258007225917
"1044",1.54029223989365,1.01459122500713,0.260421951565375
"1045",-2.17388122790009,-2.98807181139923,-0.406170582245463
"1046",-5.14604963701964,-1.68095611098548,0.743440724124801
"1047",1.55921662839778,-0.194680252148889,-0.192710519882265
"1048",-2.41611647065321,-1.38781018974212,0.80321649655415
"1049",4.40272593031843,1.82561325848228,0.700124582116601
"1050",-3.56530328881734,-1.52450227381415,0.540098100828318
"1051",1.53444411755517,1.89226201900222,-0.218090953077839
"1052",1.81291898816846,1.04544569699893,0.457092103182179
"1053",3.93993022111282,0.340300330431838,-0.729384906629266
"1054",-0.956051488797378,-0.147637083870259,-2.22290748970888
"1055",1.1961696005612,0.522496176378102,0.0908128824758144
"1056",-9.78402178871901,0.719550692779221,0.419616123707996
"1057",-0.130349903031602,4.86590708393236,0.171884796072819
"1058",1.86041927850354,4.88029201452532,1.90913661575127
"1059",1.89957976460208,0.529999803016232,-0.082064574679156
"1060",-1.49920680587174,0.58093843978529,0.175918756704047
"1061",-4.86176003535065,-6.6180658952206,0.664322213633115
"1062",4.63616136826743,4.2634559035286,-1.99044207009861
"1063",4.39946507826595,-0.683956013445405,0.715803640143344
"1064",-1.58330925125967,-4.92842688406623,0.162391174508878
"1065",-2.24345027384014,1.07024708958739,0.227499045572806
"1066",-0.408563082672079,0.21519721498778,0.536550869321814
"1067",3.41679426177826,-1.68051909863128,-0.258867904284914
"1068",2.93493400122403,0.387906779421787,-1.01140998669213
"1069",-0.20851601208565,-0.191152083884869,0.550722485154495
"1070",3.93237834195148,0.0309966083192852,0.367776588296455
"1071",3.94523023285601,1.81711674907723,1.35346939059922
"1072",-4.11983932233075,0.333448033287992,-1.86926257821299
"1073",1.81412205961273,3.00269260461863,1.10750306699995
"1074",7.23905936677107,-6.84654829994042,-0.183869157701525
"1075",-3.56134143526594,0.980445197637141,-0.388698485053295
"1076",7.18012895590383,-9.84173906584265,-5.01756315936477
"1077",-4.08437711034703,1.09892801255616,-1.52983487778447
"1078",-0.958406951209292,1.24017508651737,0.519027655264388
"1079",4.49338158972379,-0.876112505858726,-0.364064873492261
"1080",1.50992698450845,1.02235667422323,0.851652310547267
"1081",4.08415244606826,1.51407912910903,-0.364327397757576
"1082",0.0338710740982522,1.18192284719874,-0.364011595650956
"1083",1.127291338269,-0.676380628675841,-0.485999077291188
"1084",1.51165033284818,0.953279010981303,0.679199486902947
"1085",-2.50152290981197,1.85004912719273,-0.258793890505592
"1086",-9.41565263376936,2.59369115268814,0.367778339588135
"1087",-6.15235546105689,-0.551242886138152,-1.37092971317847
"1088",1.74376711925664,3.02424418784864,1.45990954650068
"1089",0.755731184128984,-2.71133957336713,-0.367265800308644
"1090",1.74281394448229,0.553087726219856,0.129410434908396
"1091",0.857954575807245,2.6645215226249,-0.309714272337864
"1092",-3.5695077377892,1.02846801787783,0.317307572521735
"1093",0.162094295632613,-0.895883646839809,-2.15945054467742
"1094",-4.09693557819471,-2.14111914188811,1.03249102883317
"1095",3.62615541751933,1.79288134031894,0.58179847013884
"1096",2.68568333915766,2.68198442243952,1.04271058806905
"1097",1.14995383514342,-0.103999441249707,-0.686180203032999
"1098",7.0943190985497,5.99931489582056,2.56846452923046
"1099",2.24014037646779,-2.85660109790359,2.52876008950402
"1100",-0.877519243575709,-2.41294815554407,-0.167339631043316
"1101",5.15228573514174,1.67950807948055,-0.308895115949543
"1102",-4.43078881697707,4.16166931083591,0.207972517453844
"1103",2.22669672913648,5.93714547634654,-4.51808850696768
"1104",1.86624884171901,-0.183767041459313,-0.673495193598425
"1105",-2.98984201982848,-2.91437276117182,-0.00623698424031045
"1106",2.99133193776883,-1.72292675160513,0.680681650803576
"1107",-7.25951597171086,2.51032076400616,-1.11520620387304
"1108",1.11508751052067,2.97616603099536,-0.613367256924773
"1109",1.81540992087118,-0.228409466775976,0.00885105033815621
"1110",-0.121459919000451,1.70400643446555,0.551818849721661
"1111",1.56189553898708,-0.865013935545283,0.00885707815766717
"1112",-0.434263111302254,0.357033364632542,0.175801247438263
"1113",-1.66006744103713,2.28752081549234,3.19928069455439
"1114",-0.575293778086321,1.40572330083983,0.454937687634232
"1115",2.85370082421686,3.83330154462421,0.345905482200607
"1116",-7.55762677513776,-4.9189196596587,-1.84976230037203
"1117",2.65577818114686,3.49669249065263,0.090819455921072
"1118",5.18206925051152,-1.38031146117084,-1.92162213328516
"1119",-7.60750734708845,3.66387021272623,0.13773547821561
"1120",7.32003277522409,-4.70087962522663,0.688064033655539
"1121",-6.78851118058476,1.99538375092058,-0.693759580476321
"1122",-1.8757903491292,-0.379420489304318,0.229156330781064
"1123",-2.19636571748821,0.578605801895258,0.551326371393007
"1124",2.13989452898959,0.786915845340599,2.19469781374086
"1125",-7.05690181156273,1.76264478465609,-0.0973649184842513
"1126",-7.91577866045751,3.80755936883104,-3.20874136889287
"1127",3.82902046811104,0.517726223634889,0.217781827641494
"1128",1.31801847919574,-0.760129087663916,-0.622184648964396
"1129",1.73480259377112,-2.00344603386373,0.182363043790479
"1130",2.51082542862781,-0.554127938799198,-1.30390257440849
"1131",0.69389721179932,-3.81552524116732,1.1516713583904
"1132",5.00158238299101,-3.85053501441272,-2.47402586941045
"1133",-0.607953726305354,1.20089895165002,0.105966313442462
"1134",-3.56314896092395,0.509847262256936,1.35697659991279
"1135",-1.22219586019525,3.01705974851345,-0.177520000301335
"1136",-3.56499107226644,4.84640722531091,2.88131364410223
"1137",-2.71621340571974,0.732482277568217,0.30988354060028
"1138",-2.35609881612937,-0.325750595461499,-0.524755887489076
"1139",-5.61562535469922,1.07851585256807,1.45957873464281
"1140",6.47869708046267,-7.14581964607987,-3.7189480554345
"1141",7.13568053688,-4.91224945340485,0.392413882746445
"1142",-3.16358509524745,1.75939728245628,0.715195545110326
"1143",2.74723137038063,-2.21655307205186,-0.230827727993678
"1144",-2.0314375101221,1.46597255702184,0.7315416175141
"1145",1.2420521323614,1.12470804097574,0.00870809251901794
"1146",-1.69056187042344,0.983595022934519,0.0355393377742335
"1147",5.18755186675119,-0.411119679102112,1.2590603181785
"1148",4.15481865820039,-5.41220439321802,-2.42574323802543
"1149",1.56001528233139,0.880550878085541,0.619787328152212
"1150",5.43904022706602,-5.77366446293024,-0.88260589374477
"1151",1.90706694311779,-5.29556662111357,-0.76058863188995
"1152",6.96750243293177,2.20230899006206,-0.630668101145763
"1153",-9.77751783601151,0.159368194808022,-0.768707431109694
"1154",-1.84559275096421,-5.91562939427167,1.7311826188159
"1155",-3.74487971940724,0.49462040292191,1.12925807223532
"1156",6.18816693212585,-6.72254741627194,1.82399051097813
"1157",4.65058343769764,-3.13829664928985,0.369624888233607
"1158",-2.20034675673241,-0.181398916718837,-1.78550644392487
"1159",1.82536338561707,-0.888141688612482,-1.81584112172454
"1160",-10.5342147265179,-7.19174307433564,-0.364349321701064
"1161",-1.75044351077644,-0.778580833125553,0.332413466764191
"1162",4.39614454006516,-4.4631663072811,-0.0619747113372202
"1163",-0.522552103548463,-0.411747821546229,0.581159514978543
"1164",4.80650119713733,-1.88407110816457,-4.61482175719511
"1165",-7.56896347060596,3.01373750630764,-1.45535389266695
"1166",4.91020205385581,-2.21856992819628,2.41612680107973
"1167",0.676799022665103,1.25471090359263,0.0671283168244538
"1168",-3.00959082193909,-0.762770044593408,-0.068624645029048
"1169",4.46268719419883,-2.57074765928877,-1.50762279656674
"1170",-1.63575138010989,-1.02503260427259,0.290335979333004
"1171",-2.1594951295099,1.86411697017651,2.40254841387762
"1172",5.74982460244208,-1.955098649543,-0.224685346342688
"1173",-1.38961491888296,-0.331367687857166,-0.9927918523006
"1174",-2.54076019313682,1.50976480407127,0.233904364792941
"1175",1.24173765076231,1.00300564373524,0.177907940450389
"1176",-3.56457059497801,1.49376338688523,-0.20882731404031
"1177",2.48205482092954,0.376430154995953,-2.44640941626819
"1178",-7.60693395430867,1.79920417045769,1.05457957257484
"1179",-9.72395895255426,6.90700323313613,-4.2664149890128
"1180",-1.63348626484877,2.54752514471828,1.02536344581616
"1181",-2.54616299716874,-0.388511913562098,-1.0416636652587
"1182",2.25161952666863,-0.073241200799208,-1.42383573873894
"1183",3.89263708283653,2.50789810560727,2.13319600754344
"1184",1.91266139532419,1.1040582908379,0.990458692083512
"1185",-5.40393428679127,-7.29410257790194,4.27229735644391
"1186",7.07076061649305,-1.50024010969849,1.34392006529227
"1187",5.09456333962611,-0.558187222863039,1.41738017648648
"1188",-6.43925207562026,2.42951834081515,0.130003081557459
"1189",3.15424540546716,0.747438791565933,0.223367161935695
"1190",6.69661170122248,-1.4425393395034,1.36102794288749
"1191",7.26881061455609,-9.88379410293348,-6.66020557564611
"1192",-0.615655228049876,-4.44464706741973,-1.4854878303976
"1193",4.74090184555765,2.99718311944692,-0.640404816540439
"1194",2.11976871205074,4.78126740767572,1.34418850271158
"1195",6.08388962580084,-0.142373688574205,-1.52770431985539
"1196",4.41938168687218,-2.71521549960543,0.564484921230355
"1197",2.19273367643283,-4.90281077841776,-0.640517164034657
"1198",2.13452724832925,0.927213452688264,-0.422993654777895
"1199",-5.27998862145012,-1.06797491249055,1.3496446807871
"1200",-4.50035810428026,0.674125842282148,-0.995925446538324
"1201",1.53894988879329,1.35419430907634,1.5951476825446
"1202",-0.106387555401726,0.252533040434389,1.45977133476621
"1203",7.12161002841083,-6.71811877551781,2.90888201430957
"1204",-1.85175196080094,-3.00447542280847,-0.158605934092095
"1205",5.79510915495632,-0.675175914558232,-3.2302546523029
"1206",4.90807535274427,-0.678330813569897,0.0420007668043363
"1207",5.64226358976448,0.22089735891328,2.40570628691823
"1208",5.60614642791969,-3.89967227984592,-4.53740609888979
"1209",3.88122933122903,-0.211023404863367,-0.731530972227351
"1210",-1.86689150883075,-1.37630280072125,0.405845985110284
"1211",-1.81504025535292,0.00757568936754777,0.415786165205323
"1212",-0.577380001323888,0.379620127998605,-1.48648616904036
"1213",3.18223083708533,-0.0506536911624007,0.0672625277761299
"1214",-3.00333024632705,-0.1954055873134,0.141204369411052
"1215",1.561985209781,0.710323869204691,0.357696631508372
"1216",4.48668114655074,1.35791431864086,0.477195821801761
"1217",0.0613171555217821,-2.97476901495754,1.91975271373579
"1218",-3.56186782411576,-0.102661924381577,0.006128548400159
"1219",-0.647539134390028,-1.3821285429163,0.611326107449485
"1220",2.78752304670399,0.953044307543483,-0.261903769594011
"1221",-4.90834425455826,0.00214374006817474,-0.722831714692748
"1222",4.12653286956171,-0.744880120390183,-0.364719690742906
"1223",3.08807270765516,4.01886441295954,1.88770874924086
"1224",4.40676524812794,-2.33226145556761,-0.982024899855523
"1225",-3.74281170198916,0.418188293380097,-1.3053468989529
"1226",-4.58910356717904,4.23281813204618,2.8846029339244
"1227",5.8495073876376,1.10432359512218,2.32356653840778
"1228",0.610956828280415,-0.887959298434679,-0.188095462765473
"1229",1.51871873071961,1.09982884688009,0.132970769287165
"1230",5.49467528602267,-1.5243308420575,0.368782593323779
"1231",0.0545934952884663,0.331869572953079,-0.693469264534625
"1232",-2.62713460537176,0.812527004511082,-0.0750168168052486
"1233",1.21144667048698,1.82861709187106,1.90675673200078
"1234",-1.29161107755361,0.376292676389288,0.699520328567857
"1235",-1.22302569239194,-0.674252638102535,-0.643282847762004
"1236",4.81012726179141,-4.09445379311554,-1.97605238277693
"1237",-0.0447762898269371,-0.101883567514704,-0.9798490106447
"1238",5.65672258322937,1.18241638418377,-0.3004839486941
"1239",1.12592024095454,-0.186674656540331,-0.646259529666251
"1240",1.99083779793546,-3.28719759688705,-0.913828478860337
"1241",-6.21620201886828,-0.348774143511354,-0.984390708181731
"1242",5.579651870816,-4.27738704430031,-0.430125062806154
"1243",-3.13571881663013,0.86870495768164,0.492762831941922
"1244",1.64344573680455,-0.195974753160466,-0.998973681784633
"1245",2.36274001292128,0.0810981145566821,-0.217862329836874
"1246",-5.36696462005773,1.65500923634557,2.39309036296384
"1247",3.95188004075609,-1.84883349171778,-0.258380119319035
"1248",2.2523765171657,1.91127221249953,-0.375796849354967
"1249",5.00183845761832,0.692418631365535,-2.24774221400927
"1250",1.52825705938272,0.0899821997705542,0.302222858006772
"1251",0.116775700874109,0.0490836697602272,0.176096487481672
"1252",7.80444227719357,-9.87844494750243,-1.48379252372117
"1253",5.00173100567516,-0.668081140274777,-1.82602463952507
"1254",2.54376568546824,-1.68470194404618,-0.347255810064176
"1255",1.20953804228023,-0.889922590847397,-0.359908421220304
"1256",-0.146986047991204,0.469003808858331,0.247717075940997
"1257",-4.26645327048218,-3.04001293308548,-0.364030580892748
"1258",5.10826433219527,-1.63958765141804,0.608896060686805
"1259",0.672356434411081,0.00119877638927874,-3.44128497712247
"1260",2.76937954768268,1.38047751835037,-0.216314599665326
"1261",2.81050330220576,-1.45228333293584,-1.85066032824479
"1262",-1.42544487193534,0.640280810310601,-0.370742187553947
"1263",1.04940954314607,0.669600089955579,-0.0373167224823543
"1264",2.14222536464594,-0.887550055320881,0.269828831665526
"1265",5.50755907941835,-0.302870035600827,-1.2060244337301
"1266",3.11272678707468,0.826107032843973,0.0361849167274176
"1267",1.12674916088794,0.172288400227086,-0.188074836995224
"1268",-1.24752387257172,0.590561732447013,0.520726536116541
"1269",-6.52148848578454,1.3816079545649,0.62230665496798
"1270",2.23638315807354,1.41239997091648,-0.3645418289987
"1271",-1.22329255546637,0.00220875540890516,0.715236273692471
"1272",-11.2222622315911,7.5760334936793,-3.59699865269863
"1273",-2.7483927220643,-1.27546878170114,0.311416213463761
"1274",2.91746753442191,-0.878596920810137,-0.40248504982246
"1275",3.87571376835851,1.82603715291761,0.50289176531944
"1276",7.24793936860626,-4.65812699775644,-4.45763645291283
"1277",-2.32770115991584,2.67455855683786,1.3527397322023
"1278",5.00144601014394,-7.16107623753195,2.19617743061237
"1279",2.73638305774666,0.515688449120148,-1.35175010241625
"1280",6.33603565507369,-0.0445980406975534,-0.521604604567896
"1281",-7.63234568858341,-2.98706143367938,-3.20761878355161
"1282",-8.49405360893932,-4.9151016527504,1.34289721366897
"1283",4.44127842622948,1.36227239898802,0.226081631888074
"1284",-4.0979971183837,-0.676339348907389,-0.196711244071696
"1285",0.410758668243007,0.562052305669676,-1.97111241261798
"1286",0.0476223906959926,0.632099878227946,0.579565911917402
"1287",0.406034066566493,0.670989994683194,0.0673641576124394
"1288",-1.42889551027909,1.40508048346622,0.746948868042334
"1289",-2.1963139485088,0.108359567313674,0.436160366150163
"1290",5.07702233414319,-0.675839398526563,-1.48953263484144
"1291",0.411030940652564,2.58103829617282,-0.292485569089346
"1292",6.15500572129341,-2.93137929285861,0.0455262932248658
"1293",1.57599696014869,1.02722992643962,0.732183408452244
"1294",-0.317562828073251,3.65467065181374,-0.195061007302143
"1295",3.91278091339186,1.084540295054,-0.406182933726093
"1296",-5.20426314553409,0.480439724130904,0.934173120540194
"1297",-0.289435479764744,0.803669736962042,-0.439232153641956
"1298",-6.90504197054591,0.482820885756522,2.5763706573908
"1299",-3.81234698455507,4.80714172170697,0.0305722718323001
"1300",-4.37397452601978,1.5189004554588,0.704798409344135
"1301",-3.36473589957515,1.83886434212878,0.13344257335911
"1302",2.79313892223495,1.75561515618919,-0.20681923203442
"1303",0.691795003433006,-0.383684512460551,-0.456682667472748
"1304",6.71988430298378,-5.19162131439458,-6.12351167516806
"1305",-1.58100700534608,0.999194339863118,-0.620211942117937
"1306",1.89794721718973,0.953397640497319,0.60885513080309
"1307",-6.99845169447154,1.34852755429747,2.45685207752097
"1308",2.79276471607858,-2.67740688846494,-0.232251724459009
"1309",2.23883618984289,0.251082715888298,-0.929662973841719
"1310",1.26482393185597,0.258719483649517,-0.406204351155155
"1311",-0.0351397122622578,0.659153169496634,1.22074005436522
"1312",-1.88549759145029,-0.318954475928733,0.305674409389361
"1313",-3.847351379347,-1.5003330378046,-0.510128863490238
"1314",-3.18027076454776,0.107607300101556,1.52325092991891
"1315",6.7728628942497,-5.97297184023826,-2.13587836606485
"1316",4.66247215224211,-0.891350416251194,0.52942472574606
"1317",-1.22235809881104,1.06783849216731,0.367820154173541
"1318",1.81729844283056,3.37956484961723,-0.196964811027295
"1319",-2.50025144404336,1.18265181514091,-0.238088344730127
"1320",2.85758294024045,1.09317411040422,0.0423960364306777
"1321",-3.33108200869679,-2.50095727089987,0.609222955350665
"1322",3.88139157468043,0.118696811755744,-0.62049181136578
"1323",5.15295160473871,3.67121470876635,2.88347700393899
"1324",0.409216405613889,1.10382325224013,-2.55498070900633
"1325",-1.19891737061738,-0.00403221264588292,0.00837120383138788
"1326",-2.08714626030215,-1.68696574743347,-0.64130729662267
"1327",-1.21881967804111,0.313402358886664,1.0206860856824
"1328",2.7572024070113,4.24659780817058,-1.06203417979384
"1329",-3.6973510172314,0.377743862711734,-0.066812110577277
"1330",1.38263136436018,-2.98551963929532,-0.373241014814595
"1331",-1.22321722369188,-1.44103783098623,1.41741113545852
"1332",3.42406553663763,-1.08767982425332,0.206459514263704
"1333",-3.18331834976341,0.200841238236484,0.457446337293402
"1334",3.88764737508416,0.578601915289277,0.948290530662884
"1335",-7.57025686655477,1.50776647221633,1.4918033558322
"1336",2.84309729787589,4.88192676909877,2.35562076324412
"1337",2.28153293244681,4.26355721562167,0.155644131981397
"1338",-5.210812423242,2.29566103289334,-0.942340461448956
"1339",-5.07480331659495,-4.90874663616585,-0.519376239461153
"1340",4.70324462908787,0.00320767780940349,-1.06612073243445
"1341",-1.36260389321018,-0.187902041033625,0.43854616839879
"1342",5.00148994913483,0.119507797351693,-0.620161013473376
"1343",-0.00349149101780642,-0.399473029605656,-0.608831731040245
"1344",6.01643109725091,-0.720717109750427,-1.31091157484099
"1345",1.52224363904699,-2.31056977803904,1.19361507101764
"1346",6.15637461708381,-2.37678914916749,-0.0748291644854144
"1347",2.65002645054971,-0.670465536209386,-0.405352632556791
"1348",-5.10038328316661,2.58181862024435,0.230676828076226
"1349",-0.553313861589014,-1.67821953473414,-0.962563967676863
"1350",-0.125866206125749,-0.676572859191972,-0.709292761481427
"1351",4.20925326767523,-7.00285540145683,-1.67883233523098
"1352",-1.66730068159195,-0.677642116195245,-1.36357058545136
"1353",-3.89739410608554,1.82395457017579,0.609009057557594
"1354",-0.120856291277368,-0.331367396733804,0.550302416951494
"1355",-0.265462611330532,0.814229401135298,-0.637964613005306
"1356",-3.9044493919706,5.00642399108595,-0.213994260159622
"1357",-1.22028661252905,1.04029368762055,1.75674837921601
"1358",1.51130786637972,-3.36180593224325,-1.52305670051948
"1359",0.412871147671227,-0.370589339468816,0.0145683122958428
"1360",1.19604282886446,2.30795492623415,0.846665242101293
"1361",0.0385611363266097,-1.87103540492824,-0.404958993000633
"1362",-2.50637138307808,-0.2968869241361,0.234473332844074
"1363",2.13962809832764,0.366564516037622,0.152741027235507
"1364",5.00202595937032,1.51239138829859,1.47058202340384
"1365",1.26732932910652,0.953129078381255,0.0390755895482432
"1366",-0.815281993185682,1.09585507922082,1.4626186721406
"1367",-5.05839007200922,1.58632943099774,2.19701062858291
"1368",1.53769727654047,-0.292846085691143,2.36905290367358
"1369",-4.25733956234445,-0.191661939888583,-0.402153381258753
"1370",-3.56472131067486,1.03228250384387,0.41446399389233
"1371",-8.32787801379096,1.84387641443482,0.315307461340567
"1372",2.75996281445068,-0.956370011303161,-0.370233127567617
"1373",-4.47907281636294,0.754725988628997,-1.06680562707787
"1374",-0.695728744768279,2.65951911029471,0.485057822099263
"1375",-1.20893922893279,2.24403322224199,0.849263409666859
"1376",-5.10411706973351,0.329863663971882,0.224527381525672
"1377",-1.6120777997125,-0.877056852983469,0.366186776128532
"1378",-2.36309053959899,3.70179769493045,0.130010885047247
"1379",-3.34822131299786,0.665432333716294,0.646338072918416
"1380",1.57124640281725,0.848514737571541,-0.642521511482163
"1381",-1.81860044438901,1.41590653780248,1.40146828446258
"1382",-0.04901496551798,0.66262699962646,-0.622849023246101
"1383",-0.194055163641734,0.841386301229141,0.610587973442594
"1384",-5.06743229438636,1.67141979142943,0.542737406584062
"1385",2.23988419731116,-0.898585914141806,-1.3188167365816
"1386",0.123185238533248,0.669286591445426,-0.188103163059992
"1387",3.94453135037381,-1.90826664568868,-1.57996729848837
"1388",5.00127513776238,-4.79146779774609,-2.18617196230451
"1389",2.55876251869682,-0.56403140817902,-0.214336656916614
"1390",6.20836714698412,-0.947572322215903,1.83446124645612
"1391",-1.62109551435881,-0.515624032915001,-1.94729360164276
"1392",-3.17979191253848,-2.02306563134712,-1.44977651919592
"1393",-2.15947705716315,0.665754928115211,1.91219680486743
"1394",1.92342260733475,-1.91271603758864,-2.22566607776509
"1395",4.36883031489289,4.73784051162382,2.4281068979001
"1396",2.08926052496756,-1.45213403005762,1.17397460987479
"1397",4.35660164898814,-3.43760998966261,-0.751722917602203
"1398",3.94441947074803,3.01997854294032,0.211301804138282
"1399",-7.67948230857196,0.515624657562794,-3.35527329931484
"1400",-2.67585896954937,-1.67544521046264,-1.55964324616536
"1401",-3.74744592587812,1.13866160621737,1.54011987985235
"1402",2.52984999045733,-0.22473630936802,0.0593839165048193
"1403",-1.695198450108,0.072214936851947,0.514647906364328
"1404",1.15666709175397,-0.896290964805843,-0.712461961694668
"1405",5.05702003709721,0.110101971352417,-0.521777335554893
"1406",-1.86217719360726,1.19852387364049,0.617446735482356
"1407",-0.627101386382649,0.273059793470433,-0.732707111634564
"1408",3.28388720521497,-0.6725484373564,0.809570518594607
"1409",1.81999717446749,1.02219284765323,-1.01819164001067
"1410",-3.40679988749803,2.95732667414384,0.532429418497609
"1411",-0.111851170048053,1.76739304038886,-0.374566735574864
"1412",-4.6937585950946,1.47542632504036,0.624223750190651
"1413",2.87280451312853,-1.61311680414825,1.46052129950966
"1414",1.51814081991216,-3.01319320730354,-0.439547734700985
"1415",0.112224038367243,3.02519706054431,1.18693190247274
"1416",-4.42635314771737,0.72964158659819,0.924515577190709
"1417",7.24745297557147,-7.31366748251973,1.04890217010446
"1418",1.3760783378886,-0.00859836278306193,-0.367674759360804
"1419",-4.1482760512319,0.287535376082547,0.113592239429642
"1420",-3.36101948851131,-0.908968099144039,0.851416663050995
"1421",-2.51260835188009,1.68865780204606,0.102605600769822
"1422",-0.520917789443881,0.284392448825158,0.233762530600556
"1423",2.76656984585932,-6.5984837066718,0.71443078037255
"1424",-3.81253312341064,0.593537784656168,1.3579701670479
"1425",4.72219911534661,-4.05484943353923,-1.00320992792919
"1426",3.44555841576053,2.68202006606151,-0.409421991453666
"1427",2.87594586138506,-0.574478976691104,-0.307182199170329
"1428",-1.66620528769248,0.692703093327995,1.77578092676435
"1429",7.12135637484786,-1.67554049700416,2.88448558205595
"1430",4.49817278938174,0.377590341118058,0.410363283801829
"1431",-2.1898121407021,4.19702715337219,1.45974063933433
"1432",-5.96856486624368,1.13271455371795,-2.54314391887319
"1433",-4.94126250684504,-1.44265831603747,-6.03046591319986
"1434",4.39642662085809,-2.98534359176361,-1.02010235433291
"1435",5.16439292421452,-0.670249178850349,1.43388067013755
"1436",-2.2593449864441,2.56431145085166,-0.0504617994058099
"1437",0.0702229403726504,-1.30421563843754,-0.180818138817124
"1438",-0.700582935001046,-1.45023135978002,0.880766177684289
"1439",-1.68821660660401,-4.39147464856874,-0.43903538808988
"1440",-0.290774565290842,0.119358098506273,0.0219478274441997
"1441",0.408968710697381,1.68770767425909,-0.1993860150333
"1442",1.20078584323235,-0.00852967440447918,0.843250185553164
"1443",-3.42262168493384,0.650336242240267,2.35631393704989
"1444",6.15454466909797,0.439718491320339,-1.01302980521853
"1445",5.34478313308757,3.39208525704,2.39107929726689
"1446",-0.62893072878559,1.81567134694482,-0.211643990924639
"1447",-3.67058634473554,3.50373228002354,-3.92570652149582
"1448",-3.23683370001551,1.27408586347124,0.0875450846174075
"1449",4.20755093502433,-4.03730633487327,-0.952087605415322
"1450",6.20284372314702,7.33635553737101,5.66185738566828
"1451",-2.41584101518292,1.01916980330557,0.846724681724806
"1452",5.25193248940137,-0.745256633804742,-0.640847024993807
"1453",-6.96207779220866,2.33488145655858,0.0974900834756894
"1454",6.1712675883086,-0.419844509452786,1.05165529874611
"1455",4.50183331585009,0.670157190957795,1.01774783338144
"1456",0.413119752086486,-1.17719883734885,-0.196347539281007
"1457",4.78037684707519,-1.67288840403164,-0.71477145975755
"1458",1.66685912604191,-0.668430924181387,0.236494247806723
"1459",2.5115367110326,6.72018361502736,0.322880620518642
"1460",-1.38996057815959,-0.678238927439399,-0.136266105413799
"1461",1.80865675191457,-1.68509561919635,0.0127939083407148
"1462",-1.22063420321363,1.68755393756121,0.367093974864169
"1463",-6.46564916104796,6.72713640926269,-4.48608580351731
"1464",-0.125466069113385,1.00036267577086,-0.283292836528763
"1465",-0.806363751615385,0.113032023259768,0.0347821233393595
"1466",2.70688827765016,0.839142897366061,1.88750093901808
"1467",1.25967694314862,2.6674542818762,0.491965037327495
"1468",7.12074264599591,0.697054444803948,-0.246467064519687
"1469",-1.41135970390401,0.134970609482926,-0.6940329169488
"1470",-3.56169291912377,-0.890872104204156,0.089752700969944
"1471",-4.62959598212408,0.674213379643463,0.457027845677766
"1472",2.76683261157757,1.53677384816773,1.00350948184551
"1473",-1.84245571325953,-0.331346882809569,0.362121045128207
"1474",0.729633655095498,0.324300730853504,-0.704276038445248
"1475",3.35574994607941,1.37242468303708,-1.92829565213254
"1476",6.10138465610285,-3.16556568584878,-0.545625667269378
"1477",7.25765563038158,-9.84392800734864,-3.41087253390694
"1478",3.06408903167281,-1.35977820313733,-2.55091471287595
"1479",-4.08807349232376,0.68823998367281,2.2883839647102
"1480",-2.15707160858545,-0.180916889923963,0.617411799666477
"1481",2.35082754940268,0.4543016331743,-0.624209833623804
"1482",3.88093138714911,-0.185664785320538,1.86382702874545
"1483",6.45316325132006,2.26653427232429,-0.43733968463782
"1484",-7.26426149953386,1.3706161481445,1.35830570059804
"1485",-2.57454885678786,1.17066315831492,2.51603434357358
"1486",6.96175090805226,1.83978741949939,0.396969466114993
"1487",4.06104850167249,-0.142213269473987,0.328558372350122
"1488",-0.937068327327802,0.345355538444639,1.04623297729765
"1489",5.4859535030839,1.76601529112887,1.16747527821289
"1490",-3.36361994060928,1.81898324875958,0.367810988159786
"1491",2.21576751955859,-2.8270788067356,-4.4917604291659
"1492",-9.73661815304273,0.700763260836686,-2.17024547722286
"1493",-4.09553682527387,0.690124758353084,-0.934507424365198
"1494",4.44557826887013,-0.185291315803356,-0.516663739116051
"1495",-3.16735115794585,-0.190548919325411,-0.0715742522982181
"1496",-8.03510751104736,1.09215909126548,0.2978708228592
"1497",1.55065508236288,0.236185991936979,-0.660056560766036
"1498",-0.253748784167747,0.640984530317591,-0.655697249892327
"1499",2.83521401517346,0.786970843955394,0.880892709152942
"1500",-4.12849694152745,1.76035907925407,-0.480284035611951
"1501",1.80054742351923,-0.345757299545771,0.00876100906132988
"1502",-2.18241560153074,-0.202987608895915,0.0218428979676507
"1503",2.2839248493267,-1.97449900813037,-1.19436289095047
"1504",3.02304874999644,-1.27365749939801,-2.17261228401647
"1505",3.97883038034883,1.68544550814372,-1.33190948846971
"1506",5.75499226536379,-1.19363723181836,-0.963527933829864
"1507",-3.34809230411999,0.662675953635278,0.220698872852788
"1508",4.39495412205014,-0.972948257976612,0.270952702246346
"1509",1.3467821127698,-3.10389482636465,-0.521657674615783
"1510",0.689159058539834,0.342612888337511,-0.623370282288481
"1511",1.86534118660473,-0.904881893204559,0.235784022379732
"1512",1.54084351105909,0.977276905257065,0.506703465117197
"1513",-0.117208310728958,0.144463936355773,0.500521793328608
"1514",1.81385623550521,1.82978343045847,-0.187429584645185
"1515",-2.16188379915007,-5.82277419783695,0.459643536223479
"1516",3.14151767805894,0.41598197070156,-0.0368971007955125
"1517",5.52912130246126,-5.00958023641762,-0.32093090765656
"1518",3.1839947318351,-0.171827639981643,-0.914104561247839
"1519",-9.78004601677878,-7.30466671669482,-1.00907225977376
"1520",2.09428080576441,2.46860773331953,0.320881112470667
"1521",1.24048826579302,-0.318403747884621,0.410077200893203
"1522",0.66881672154488,2.83577090640944,-0.337941179206748
"1523",-2.15915983016127,1.97669475642118,1.02269434798596
"1524",-7.82516098298586,-1.67015113319628,0.142619279906023
"1525",4.73778533836047,1.84442518006307,0.0953970314829245
"1526",2.23890388334014,-0.853734155945489,-1.48805982434043
"1527",-4.69699866682897,4.26301414168837,-0.702053355329677
"1528",-6.57705159750124,2.85803483729735,-0.523734723528629
"1529",1.5411625932743,-0.814361829131822,-0.74884616843462
"1530",-0.39783756359468,-2.99522909304191,-0.523196366220259
"1531",5.96626487587036,1.15680369463059,-0.472391075909906
"1532",-4.9558725901339,1.75972692838232,0.582011396661019
"1533",2.52285818430068,0.665746133841777,0.231774218323917
"1534",-2.50163869953258,4.83177451480758,0.581854674488814
"1535",1.84689912942256,-1.44933706768877,-0.620039762937997
"1536",-3.19773743811654,-0.194661353452896,0.701469126135153
"1537",3.09557288532384,0.476369834541515,-1.46210376630832
"1538",0.702428313230751,0.648530691486884,-0.291851106022982
"1539",1.77908580696356,-0.89739890575235,-0.525209879446314
"1540",-3.33304464931681,1.82161492345213,0.0592746666909533
"1541",-6.88837800288493,0.237998847143635,-0.438364711056287
"1542",2.23695900983947,0.183328339458873,-0.0375316914294143
"1543",1.60810063773555,2.30062563273707,1.00652724598502
"1544",6.21128887428471,-7.16663917198746,-4.53649909676039
"1545",1.60833610327091,-6.00093361019203,-0.266227423910879
"1546",-0.613669206600385,-0.4633306388909,0.847571035260148
"1547",2.85908487528234,0.733677306418866,0.0651492441146679
"1548",3.9431368652429,1.11464409916583,-0.297706249540073
"1549",-4.39855711823127,-1.93027210204809,0.580177161628308
"1550",5.28208081670688,0.84398307595608,0.439630736256537
"1551",1.87351391699725,1.19447485818058,-0.430025508927861
"1552",2.9833100516563,0.624314094624283,-0.971954888009026
"1553",-1.91607774164044,-1.79645976488656,-0.535371969389556
"1554",3.06684314892579,0.67040222860744,-0.994760901167747
"1555",5.45649650076478,-0.67262781739248,0.0139108423643612
"1556",-5.28995567252291,1.82363332716648,0.580599751783498
"1557",2.88283125626291,1.36132317064856,0.122101095081992
"1558",0.724992364409057,0.640276056927557,-1.30198798982076
"1559",8.15490612621451,-9.80004278905959,-3.71688600005656
"1560",-1.69509172048193,-1.50179332795126,-0.359486473832214
"1561",7.03806827404657,-2.91619415614719,-0.990731498460744
"1562",4.39793372079711,-0.50393040152711,-0.188116622927049
"1563",-0.280144892121717,-0.463965402476094,0.370720184788199
"1564",-0.303110932197394,1.09589597990707,-0.403356970023881
"1565",-5.29304856540822,-6.04593460403549,-4.37185707204245
"1566",1.86638250658272,-0.847906746734305,-0.986996145723794
"1567",0.272165790296412,0.762254880214052,-0.236394426633308
"1568",-8.31345339286379,2.24169217367019,1.16531932892634
"1569",-2.2850357121218,3.41819865997697,1.47368162134779
"1570",0.132087151283291,-0.749144073401183,-0.216466641624823
"1571",-3.38376839071684,-1.64260921838168,0.501915192782496
"1572",1.33640970951852,0.11594371103618,-1.06630929542772
"1573",0.486182949664142,5.88446661996247,1.78792651097506
"1574",3.078272253436,1.42258165862856,0.845864644923855
"1575",5.59657458991077,-5.87275708463186,-0.361039214559961
"1576",-2.95840657584891,2.83902930698155,0.931360274345788
"1577",2.53246976654159,-7.01662679204605,-1.72913321683084
"1578",6.41366238998928,-3.58993752523388,0.407472714253622
"1579",3.65621306458856,1.47598552802378,0.564796655753019
"1580",2.24092119669383,-0.35372801986891,-0.0587456857185653
"1581",-6.19281900413649,0.295120678178058,1.17924663028247
"1582",0.82112395418068,0.231088383850986,0.580336252388924
"1583",-1.22142182652226,-0.321213437603619,0.626481886746564
"1584",-6.85547510226841,-0.457057051042964,-3.34991683384917
"1585",2.85945001791351,0.683458753177074,0.134033619065995
"1586",5.82164562434732,0.662269081210351,-1.95990799052707
"1587",-11.0824038090827,-8.38337269465868,0.126329814444501
"1588",-2.02967295710461,1.68652075407839,-0.288077210080806
"1589",-11.1015720049391,-6.59772848106681,-2.01679494837477
"1590",-1.2204605902176,0.0503161059369295,-0.360423534148417
"1591",6.20252325237534,0.00110777385562702,-1.00462354341141
"1592",-1.65904610092598,-1.6402764086059,0.359913190333924
"1593",-1.51651181563487,3.75889153510658,0.364524263957027
"1594",7.01706722353121,3.13648551135415,-1.19642114645129
"1595",1.78975753383761,3.39631506881323,1.36826754192031
"1596",3.16573849665992,-0.401504244406711,-0.188143392534804
"1597",-8.766991959371,-0.197039079280213,1.41796896343867
"1598",3.24528226295477,2.73634628445499,0.852376456451631
"1599",3.29900356145605,-2.87699503585372,-0.226553552483514
"1600",3.62842728482912,5.9327171662363,1.75779507639388
"1601",5.7382034736475,-1.45686202636722,1.19344991925654
"1602",-5.38396224937858,-0.788264882137171,-1.86307281308961
"1603",4.36230536985017,-1.12723668059041,0.00885928445448885
"1604",2.8871078287249,-2.16180000230041,1.3575335227826
"1605",6.97007993580485,-1.68163489632872,1.1375949982762
"1606",-3.93026435932823,0.608828782358459,0.712526342891586
"1607",-1.22215108405829,1.02129395973598,1.4596289152694
"1608",2.9089757040491,1.69046584433327,1.5632627118221
"1609",1.53405625415403,-2.98861872762057,0.114431034040609
"1610",1.51101343322801,2.56645781217861,1.34791401709455
"1611",0.102467615547265,1.19752901047251,2.13888039375421
"1612",-3.02315769979172,0.722878587528382,0.0373066700138736
"1613",9.51111247908132,-7.25075597124967,-0.0509848328313704
"1614",-3.56305860456651,-1.67547940944368,-0.987673042762737
"1615",-5.06470409908378,-3.4711995672392,0.139218740329681
"1616",4.49547672776421,-0.00150917063398102,0.851510566061429
"1617",-8.32768525798851,2.67338805822755,-0.241612806738117
"1618",-0.241350004066834,1.36014780087139,-1.2697884589453
"1619",-0.694099397635729,0.325028208873403,0.109533022002233
"1620",2.1258355319199,0.952727935520347,1.1735249127755
"1621",1.56107846035266,1.20439853887641,0.335911577518747
"1622",-0.236494768152819,-0.319735822171962,1.33213047362942
"1623",-6.5498209174946,0.717607482180745,-0.0748035452122489
"1624",-2.66538467710219,0.690583789834563,-0.406204450873954
"1625",-5.08710400638801,2.20729854806514,1.31903466030453
"1626",4.5499497175104,0.702657229785588,0.268878119045278
"1627",6.38914701861601,-2.98956110483228,-2.00343727155373
"1628",-6.69494116331564,0.00725325406639157,0.0163426390749542
"1629",-10.3492002066821,0.11786545131605,-0.730258492604043
"1630",-0.143515497823524,4.83114850138083,1.34618196432572
"1631",3.44011554235192,0.746245653269138,0.130001643837311
"1632",-1.84474541742757,-7.14295939742694,-2.3254724093485
"1633",9.86892508242976,-7.15660745301304,-4.34123490600285
"1634",2.41586330899988,1.64436125231405,-0.39159126900424
"1635",-1.71099591909135,-4.7272600097145,-1.01784162383311
"1636",0.411802861663336,1.01466627138102,-0.317316389786235
"1637",1.79820323237757,0.523434317982445,0.138499500776149
"1638",-0.426717171212174,0.00384330590153024,-0.211671293220675
"1639",-2.46355577181463,-2.28736413270328,-1.46573695368802
"1640",-3.20337259174265,1.31885728299529,0.441979133788227
"1641",1.57666478046169,0.516361881702152,-0.239805639824258
"1642",-2.64392812005079,0.416543552028943,1.16160441580545
"1643",1.51568526651531,-1.90811734198321,-0.641320315130994
"1644",4.70191657125309,-1.03618405988087,-1.99034219486734
"1645",-1.93610699457466,-1.70910247567627,-1.99544043303653
"1646",2.58354781882452,-0.352446252895466,0.226570839353891
"1647",-1.67742571214912,-0.561392034982269,1.00393999683372
"1648",-0.605349283908754,0.518981281590124,0.155715229953349
"1649",-3.58393196048935,1.49178117033472,-0.386352345230162
"1650",-6.85144749631237,1.68813505287492,1.18675932566408
"1651",4.90884231083641,-3.39899833361584,0.0673893517269026
"1652",3.95284259576986,0.712291214998942,0.122438199183903
"1653",4.76948082328328,1.07699263046232,0.16687786121737
"1654",3.62227953401435,1.19277163595552,-3.56769063772288
"1655",2.84111521845534,-4.59752299034486,1.20321428628398
"1656",-2.50688977586607,-4.29853615608166,-1.86364932397745
"1657",-2.19117100948783,-0.196989582971234,0.0655177447963304
"1658",-3.36521425823698,-2.33086287631413,0.532846932666813
"1659",-0.58292616672545,2.29035522243877,1.29200475170055
"1660",3.88310514074377,0.525273391898633,0.288473552116089
"1661",3.91779515628657,3.04822445369415,3.06526322786772
"1662",-9.70895174011121,-2.98609241613693,1.91360151185244
"1663",2.80462031641386,2.82785048494737,-1.52883564934517
"1664",1.20460582709397,2.05288455770875,1.75588604618064
"1665",-1.6620869389882,1.04616325534838,-0.406211620729291
"1666",3.44650638367581,6.07553276882572,-3.60518795375681
"1667",2.75866314919367,0.300846267732817,-1.90644314373098
"1668",3.44472749241768,2.99501330899689,-1.33647654633243
"1669",2.49481211894057,0.69906577498101,-0.59997861911306
"1670",-0.949661393439446,-0.49154449041638,-0.705774213487902
"1671",2.08355703864152,-0.457295649044887,-0.328012637682165
"1672",-7.58078150113559,4.26399606865201,-0.981754547227913
"1673",-3.19801800822811,1.63951764199335,-0.00022642076581287
"1674",2.33632884820024,2.66508000717486,0.439508178134017
"1675",-1.21864997135879,0.34151821797768,0.173271107282405
"1676",-4.16015777319667,1.83565141650777,0.715347885096633
"1677",-1.65616063005293,0.00253953592565777,1.02946121054521
"1678",4.44713635163739,-0.570553009994903,2.18387806619572
"1679",-1.06858531560634,0.429435821286278,0.10683542168931
"1680",3.41718726051593,0.951813688275639,1.4932217669672
"1681",1.81530846400522,0.524924981686052,-0.768684503154459
"1682",-4.97462562186771,-0.85417179512088,0.362714979234601
"1683",-2.87791988324717,2.29592934322704,0.146009033570986
"1684",-3.46357140682863,1.73941277154871,-0.724991098755414
"1685",2.23766687865141,-4.81970830141626,-0.183530774985513
"1686",3.44236069727923,-1.33994950625905,0.719281995304761
"1687",1.19616459423467,-0.0607559407931144,-0.730855622839233
"1688",2.38932684664898,1.73487746412547,-0.439323492170761
"1689",-2.54076450555992,0.168866516142786,0.60887423914758
"1690",2.24588571907876,0.640142975727707,-0.171223825463852
"1691",-9.7320503391573,-5.39830871640892,-0.989845802837607
"1692",-3.17767142872483,2.29297363552419,0.900587800530033
"1693",-6.11321372162738,0.693921077567474,-0.989717085366962
"1694",5.5435617705442,1.33003900073626,0.84546581430036
"1695",-3.17499145591961,-0.90194471819724,-0.984283547739219
"1696",0.697032193007118,0.637009070308234,-0.736020886367153
"1697",-10.5468083060777,-2.65121604151122,-1.75587886541942
"1698",-3.74209409753775,1.63987699294744,0.137304645392459
"1699",4.61485494328166,-0.206997739273988,-3.48797756832846
"1700",-7.24202971750595,-6.6822163322671,-1.29346339224081
"1701",0.160226490880621,0.32874555765074,-1.79836669820344
"1702",3.43578849166962,0.640142635073913,0.442197940363723
"1703",1.53933720720913,-0.553829504098644,2.89038138711864
"1704",1.53362972219662,-0.674925067519489,-0.364424376240387
"1705",3.97882237575602,-3.09196500412294,-0.79552664434458
"1706",2.19497897233436,-0.668930033961829,-1.01126452327147
"1707",2.79649094476932,1.33436200831214,0.0962674001883133
"1708",-2.48571669952782,-0.37818634111781,0.156368709776633
"1709",-0.637547518853271,-0.5654883158067,0.353633669712397
"1710",2.79549634522305,0.669245473330735,0.217396562403814
"1711",3.6323848525199,6.88675037773753,5.11476538104163
"1712",3.19471880114974,-2.91437621465595,0.0235486964784494
"1713",-4.4291104424239,0.747033389314885,-1.50062768562154
"1714",5.01328922376112,-0.678206746476652,1.66849733522115
"1715",-2.79955320302471,4.73281414692281,2.20740131401669
"1716",-7.50143911738199,3.16510714372344,-0.994356505096984
"1717",1.74638232654412,1.0769176725556,-0.603409648407789
"1718",-4.36047279408627,3.52926950178309,1.35762459599865
"1719",-3.34878577101967,0.958039040401134,0.0946702671480116
"1720",-1.20185407204484,1.37488789339882,-4.59088385650811
"1721",-0.248007088854492,1.20075642548513,-0.036411296148746
"1722",3.52142147234595,-2.99861844290307,-1.74427132139157
"1723",2.53618680444367,1.78861414448462,4.64167743189904
"1724",-3.01588706654884,-1.91628423534136,-1.31328022886753
"1725",-4.1142436461507,2.7418231538967,0.090807529972244
"1726",-1.6521500244473,1.4038241124642,-0.792013608047029
"1727",-1.4242831640542,-0.676755082579755,-1.14400021656238
"1728",-1.97212456146307,-5.9931902089545,-1.86440861972254
"1729",1.51092280261555,0.733613975031714,0.0648151174404445
"1730",5.16744809586231,-0.14427825405527,0.998484231155877
"1731",-1.22316923107335,1.47948016253329,-0.611267080519699
"1732",7.21927180921205,-1.96822298633838,0.217253507637465
"1733",-2.28513881830542,0.952336080733935,1.11394058020998
"1734",-1.37954713359225,-6.81110170279246,1.05785162541256
"1735",2.52828690019491,0.598616733589294,0.0427720678685469
"1736",-1.72193831397493,0.219653273980167,-0.350290978709167
"1737",-10.6366555458075,7.72651884363145,-6.73375351950647
"1738",1.48871431879239,-0.15219841198088,1.34480513596587
"1739",-3.72031200831944,-2.26956036302808,-1.19275333851219
"1740",6.9757692032873,-4.79389316380353,-3.44340526776731
"1741",10.6040688520528,-9.88968804129223,-4.22732044434348
"1742",5.16500605614771,-9.83527759737168,-1.30750874496638
"1743",1.53776369158344,-3.8348783782397,1.05564669476976
"1744",5.87985642335377,-0.358994002002885,-1.34460386236681
"1745",1.86130570138678,-2.1946558941472,-0.751110613829792
"1746",-1.68085304108572,4.26388068106197,-0.232223760154113
"1747",-4.13004057211428,4.99357822539562,1.2485617050545
"1748",-1.69976495302763,-1.42631722420794,3.02329188588933
"1749",2.24094466555038,-0.182564715287939,0.493261568558561
"1750",1.86484633883646,-4.07785179754144,-0.257316847910972
"1751",-0.612409072560326,0.311245742436741,0.00617919008287021
"1752",4.80663418281123,-0.386306858165989,0.688927813411645
"1753",6.95760879518022,-7.15903159445959,1.04648688967591
"1754",4.40921271623002,0.326586037609161,3.66624785038737
"1755",4.39672758816832,0.721429045220734,0.529804197734445
"1756",1.57653789124849,1.82413580392942,0.0242138651095755
"1757",2.78273693576457,-6.6815332043986,-0.370321555002124
"1758",2.12741037561634,-1.09401661553005,-1.81313470186907
"1759",4.74238101267431,-4.77144162398979,1.35651172925988
"1760",3.07522266379559,3.02049488370326,1.81323179486256
"1761",3.73317445171516,-3.78196694256617,2.8843084854827
"1762",2.79484620224662,1.16793017875329,0.608740056966451
"1763",2.25319906872739,-4.89555674058367,-1.0222510004245
"1764",4.2111684722923,-1.65140057349994,-0.521549366569898
"1765",-0.51071841481946,1.63626024989285,1.19882739995815
"1766",3.07305292407882,-0.868110999288729,0.498337731022018
"1767",5.50512453007518,0.375834519309137,-0.815245733812888
"1768",-3.24903545178721,1.86881454358838,0.6108491496678
"1769",3.53658896201871,-1.66732572690739,-0.982453259154717
"1770",-1.72468190743033,1.40435215567322,1.09441365372091
"1771",0.967259386207139,-3.59364894945041,-1.86376840949046
"1772",2.79710005139266,1.40262516439729,-0.221179908023591
"1773",-0.953017835121117,6.00375187071352,1.81697345951625
"1774",0.85418562752124,1.16529679564672,0.702100114374766
"1775",-2.30324906839522,1.67831920924203,1.06113489934447
"1776",-0.276676224549517,0.267518498097566,-0.370674195362426
"1777",-4.43131175274615,1.64689394372824,0.664813417909032
"1778",5.00284494340465,2.12161947919373,-0.439342883279798
"1779",5.04898721696826,2.7945858702163,0.131646652681905
"1780",-0.0830186622335328,-0.146276794704574,0.338260451677266
"1781",1.84668927770976,-0.0386994833899564,1.47061530358549
"1782",-0.631466038127466,0.286081916750237,0.230208688206801
"1783",-2.60872954537383,0.427206514527863,0.18314096964334
"1784",-0.80027451350945,-1.67961139007959,-1.9911836208863
"1785",7.30395489220683,-4.29184183256373,4.96853578623166
"1786",1.19809690485399,-0.195194761951095,0.886809143257719
"1787",2.53007123414025,0.376271178392438,-0.0950521366540324
"1788",3.88297091551039,1.08641030122249,-0.430928167361714
"1789",3.08969367381075,-1.0744139395563,1.46280886634764
"1790",-3.19397953076204,-4.32107965927751,1.40992145405047
"1791",-3.20269748099109,-2.92386753753545,-0.625158911112186
"1792",1.86212053743343,-0.303460265717513,-1.02092528310425
"1793",-5.11139728561317,5.94102117411748,1.6371252294474
"1794",6.72296004158895,-2.44940912175582,-1.85006805011997
"1795",3.14732945577909,-3.61797874860546,0.49747367265325
"1796",1.86031385919725,-0.181002793071961,-1.06715095638389
"1797",-2.80927844603566,0.654597854281137,0.708004219315232
"1798",-1.64631799204953,-0.760995790518913,-2.4407767203472
"1799",-4.86040658699528,0.575678867396418,0.53264062333343
"1800",1.27858480853187,0.0891428407981635,0.0680078616618874
"1801",-2.64693801664727,3.17256822086533,-0.364359287322649
"1802",-2.18230561908613,-1.02649943442625,-0.98892226375519
"1803",0.260148984924472,0.580491440635414,-0.777409413341144
"1804",-1.65985866890151,0.468520887453348,0.712781925817876
"1805",4.48405982040454,-0.937656565768851,0.232441821045707
"1806",1.8607488603323,0.404725950181587,-0.68327705225014
"1807",0.189502477296881,-1.61092041324821,-1.57871568308248
"1808",3.15217709246369,-0.678109919723453,0.888095305692578
"1809",3.1363690858997,0.468471060288639,-0.857785087661757
"1810",2.61504921297973,-0.813078162312028,0.478018519459477
"1811",-0.955476148202791,0.646206999934033,0.0944643133304355
"1812",-4.62125875009377,1.87026807053989,0.390637861766749
"1813",-3.30660512963579,-2.9530278264834,-0.980769713400139
"1814",4.51600850305065,2.07440567207142,1.18367208918735
"1815",1.28368938168237,-1.06571146805799,0.850164699887692
"1816",3.41724394093749,0.0538863910153165,-0.374140767530272
"1817",1.19610958602027,-0.513705813677849,-0.864175642236317
"1818",1.26616157703364,-0.494038745487945,0.0349031091425693
"1819",4.72738282513242,0.952862284678638,0.220870130879179
"1820",1.75952392588683,-0.194558504814434,0.134477737111407
"1821",1.0898843078898,-0.305684144718906,1.50667810630359
"1822",3.7302600840015,0.669624895617873,-0.485628091531206
"1823",-3.88074042467686,2.71782277017845,1.45939829433791
"1824",2.04797088160625,-0.384762797111175,0.610447416760171
"1825",-1.22284741302983,0.51823963610345,0.504256405959689
"1826",0.185457439258707,2.59177406697971,4.82700837446736
"1827",2.85540886599065,-0.71997151499575,0.0688847231828888
"1828",-3.00255444437607,3.39145000947808,1.46520739927852
"1829",-1.77551401393834,-1.6539154089598,-0.509097321612462
"1830",-4.17871004391069,-0.672294884665935,1.6494214581811
"1831",-0.479574585665167,0.322319636181634,-0.405900524999527
"1832",-0.152396296667909,2.26376766866317,0.503327838387661
"1833",1.75309583242059,0.956892206528774,1.02867414695838
"1834",-1.50901455576118,1.23512797479457,0.894370567937805
"1835",6.23181808205912,-4.47995846495352,0.212302720052378
"1836",6.98972879469355,-7.01575952753971,-4.52728724948193
"1837",1.97725908908403,1.40349935836056,0.777139583233541
"1838",-0.362069403588218,-0.859224537131153,0.385923410081401
"1839",4.40331618144326,4.4640606529918,1.45963224162021
"1840",3.08316610879871,1.842361118058,2.59962928704884
"1841",-2.8215063974615,0.45333820317877,-0.224171290816899
"1842",-1.41079432880179,-7.02060356992404,1.30413903606662
"1843",2.04847709486867,-0.00941846518345166,-0.544331308098328
"1844",-1.62917711173616,-2.59147869377866,-1.85922119689343
"1845",-2.15945238166607,-0.758271814142938,0.852347257428354
"1846",-1.86179419233488,3.00157910077391,-1.51775643446145
"1847",-1.41917912865179,1.01008029918844,1.12123059444671
"1848",-0.414398264561621,-2.72259577571069,-0.473480488858953
"1849",-5.19543510677888,3.83889013049504,-0.160640599386724
"1850",1.548259071428,0.96779919407806,0.15248594582899
"1851",-6.77445096641378,1.0637604329919,-0.143739324460929
"1852",3.02305628197851,-3.01732280049283,0.487746729733295
"1853",1.87411660241651,-1.54829491424034,-0.27202647575897
"1854",-0.643142101082422,1.35853797669307,1.20112235129292
"1855",2.79257518359167,-1.90709736794836,-0.648919556496145
"1856",1.22124300848506,0.578452321419114,0.521521521281861
"1857",1.5136665176824,2.00125472419532,0.367866799238869
"1858",-1.93004129684528,1.02220719438925,0.476194493764036
"1859",-1.04012960372729,2.25536877582808,0.121881701666274
"1860",0.244305997994989,1.72595278222363,-0.361937377010935
"1861",-3.69173634875537,4.27186332273939,1.45949208975766
"1862",-11.1760989994633,-7.24982233199234,-3.19825058857152
"1863",7.24634938314815,-7.0065751823477,-3.76591689776294
"1864",0.929228705908983,-6.95281925077288,0.482132017701985
"1865",5.19018866561497,0.722291562388658,-0.876872010697497
"1866",7.17082565564602,-7.24733228216544,-4.64489075855185
"1867",-3.3292278655122,-0.558110933455241,0.0328446524772627
"1868",6.12680635445547,2.80044861802625,-1.13709655090526
"1869",-4.78811979487961,2.27150053295536,0.458660450967849
"1870",4.44683121035744,-1.67545866522484,-0.0120050587551514
"1871",-8.32600000866521,-7.0093834562474,1.94100750195339
"1872",7.58092463134447,6.98575356540665,3.9734125189743
"1873",-3.36257881985287,2.24744566003918,-0.464531106670169
"1874",3.94080104207949,0.668646326449281,0.695697562781995
"1875",-2.17192221795245,0.668210361553399,-0.52536483216705
"1876",-0.298606811299346,-0.18722848609401,1.019005785987
"1877",2.58933864451773,1.76035885819649,0.367842049482103
"1878",-0.589018659148552,0.143468292140502,-1.63997770025944
"1879",-1.42125909095319,0.691281484904811,0.055445878466513
"1880",-2.49411077410213,1.022696484329,0.571144735166609
"1881",0.567790514765582,1.19358555857366,0.326217497884023
"1882",5.12359285760826,-0.883834031294055,-0.364739706495264
"1883",-3.36240231693478,0.672177012654238,-0.196534560693623
"1884",5.23847639082627,-1.67544867137923,-3.60301422483457
"1885",2.797353358486,-7.16606633714825,-0.952005018439714
"1886",8.37880561398889,-9.86108379578421,-3.59538696109432
"1887",10.4334684581821,-5.10052801497048,-0.869083514065333
"1888",2.76255890614538,-1.12375394403969,-0.0568128937440708
"1889",4.20729106311579,-0.948118049691631,-0.910698757777821
"1890",-4.41101007000396,3.16493763895157,2.88519467968731
"1891",-6.91406682526713,-4.29240303716919,-0.241335341596342
"1892",-2.76577744703219,0.276612287431493,-0.334297952491477
"1893",-1.42436435830204,0.646380455623875,-1.50349714263777
"1894",6.86413932196113,-2.85497357445349,-1.09394995115645
"1895",6.00958369351495,-0.667950990796093,0.355810151162658
"1896",2.76115886949091,1.16989908624903,0.703124661176224
"1897",2.76115886949091,1.16989908624903,0.703124661176224
"1898",2.76115886949091,1.16989908624903,0.703124661176224
"1899",2.76115886949091,1.16989908624903,0.703124661176224
"1900",2.76115886949091,1.16989908624903,0.703124661176224
"1901",2.76115886949091,1.16989908624903,0.703124661176224
"1902",2.76115886949091,1.16989908624903,0.703124661176224
"1903",2.76115886949091,1.16989908624903,0.703124661176224
"1904",2.76115886949091,1.16989908624903,0.703124661176224
"1905",2.76115886949091,1.16989908624903,0.703124661176224
"1906",2.76115886949091,1.16989908624903,0.703124661176224
"1907",2.76115886949091,1.16989908624903,0.703124661176224
"1908",2.76115886949091,1.16989908624903,0.703124661176224
"1909",2.76115886949091,1.16989908624903,0.703124661176224
"1910",2.76115886949091,1.16989908624903,0.703124661176224
"1911",2.76115886949091,1.16989908624903,0.703124661176224
"1912",2.76115886949091,1.16989908624903,0.703124661176224
"1913",2.76115886949091,1.16989908624903,0.703124661176224
"1914",2.76115886949091,1.16989908624903,0.703124661176224
"1915",2.76115886949091,1.16989908624903,0.703124661176224
"1916",2.76115886949091,1.16989908624903,0.703124661176224
"1917",2.76115886949091,1.16989908624903,0.703124661176224
"1918",2.76115886949091,1.16989908624903,0.703124661176224
"1919",2.76115886949091,1.16989908624903,0.703124661176224
"1920",2.76115886949091,1.16989908624903,0.703124661176224
"1921",2.76115886949091,1.16989908624903,0.703124661176224
"1922",2.76115886949091,1.16989908624903,0.703124661176224
"1923",2.76115886949091,1.16989908624903,0.703124661176224
"1924",2.76115886949091,1.16989908624903,0.703124661176224
"1925",2.76115886949091,1.16989908624903,0.703124661176224
"1926",2.76115886949091,1.16989908624903,0.703124661176224
"1927",2.76115886949091,1.16989908624903,0.703124661176224
"1928",2.76115886949091,1.16989908624903,0.703124661176224
"1929",2.76115886949091,1.16989908624903,0.703124661176224
"1930",2.76115886949091,1.16989908624903,0.703124661176224
"1931",2.76115886949091,1.16989908624903,0.703124661176224
"1932",2.76115886949091,1.16989908624903,0.703124661176224
"1933",2.76115886949091,1.16989908624903,0.703124661176224
"1934",2.76115886949091,1.16989908624903,0.703124661176224
"1935",2.76115886949091,1.16989908624903,0.703124661176224
"1936",2.76115886949091,1.16989908624903,0.703124661176224
"1937",2.76115886949091,1.16989908624903,0.703124661176224
"1938",2.76115886949091,1.16989908624903,0.703124661176224
"1939",2.76115886949091,1.16989908624903,0.703124661176224
"1940",2.76115886949091,1.16989908624903,0.703124661176224
"1941",2.76115886949091,1.16989908624903,0.703124661176224
"1942",2.76115886949091,1.16989908624903,0.703124661176224
"1943",2.76115886949091,1.16989908624903,0.703124661176224
"1944",2.76115886949091,1.16989908624903,0.703124661176224
"1945",2.76115886949091,1.16989908624903,0.703124661176224
"1946",2.76115886949091,1.16989908624903,0.703124661176224
"1947",2.76115886949091,1.16989908624903,0.703124661176224
"1948",2.76115886949091,1.16989908624903,0.703124661176224
"1949",2.76115886949091,1.16989908624903,0.703124661176224
"1950",2.76115886949091,1.16989908624903,0.703124661176224
"1951",2.76115886949091,1.16989908624903,0.703124661176224
"1952",2.76115886949091,1.16989908624903,0.703124661176224
"1953",2.76115886949091,1.16989908624903,0.703124661176224
"1954",2.76115886949091,1.16989908624903,0.703124661176224
"1955",2.76115886949091,1.16989908624903,0.703124661176224
"1956",2.76115886949091,1.16989908624903,0.703124661176224
"1957",2.76115886949091,1.16989908624903,0.703124661176224
"1958",2.76115886949091,1.16989908624903,0.703124661176224
"1959",2.76115886949091,1.16989908624903,0.703124661176224
"1960",2.76115886949091,1.16989908624903,0.703124661176224
"1961",2.76115886949091,1.16989908624903,0.703124661176224
"1962",2.76115886949091,1.16989908624903,0.703124661176224
"1963",2.76115886949091,1.16989908624903,0.703124661176224
"1964",2.76115886949091,1.16989908624903,0.703124661176224
"1965",2.76115886949091,1.16989908624903,0.703124661176224
"1966",2.76115886949091,1.16989908624903,0.703124661176224
"1967",2.76115886949091,1.16989908624903,0.703124661176224
"1968",2.76115886949091,1.16989908624903,0.703124661176224
"1969",2.76115886949091,1.16989908624903,0.703124661176224
"1970",2.76115886949091,1.16989908624903,0.703124661176224
"1971",2.76115886949091,1.16989908624903,0.703124661176224
"1972",2.76115886949091,1.16989908624903,0.703124661176224
"1973",2.76115886949091,1.16989908624903,0.703124661176224
"1974",2.76115886949091,1.16989908624903,0.703124661176224
"1975",2.76115886949091,1.16989908624903,0.703124661176224
"1976",2.76115886949091,1.16989908624903,0.703124661176224
"1977",2.76115886949091,1.16989908624903,0.703124661176224
"1978",2.76115886949091,1.16989908624903,0.703124661176224
"1979",2.76115886949091,1.16989908624903,0.703124661176224
"1980",2.76115886949091,1.16989908624903,0.703124661176224
"1981",2.76115886949091,1.16989908624903,0.703124661176224
"1982",2.76115886949091,1.16989908624903,0.703124661176224
"1983",2.76115886949091,1.16989908624903,0.703124661176224
"1984",2.76115886949091,1.16989908624903,0.703124661176224
"1985",2.76115886949091,1.16989908624903,0.703124661176224
"1986",2.76115886949091,1.16989908624903,0.703124661176224
"1987",2.76115886949091,1.16989908624903,0.703124661176224
"1988",2.76115886949091,1.16989908624903,0.703124661176224
"1989",2.76115886949091,1.16989908624903,0.703124661176224
"1990",2.76115886949091,1.16989908624903,0.703124661176224
"1991",2.76115886949091,1.16989908624903,0.703124661176224
"1992",2.76115886949091,1.16989908624903,0.703124661176224
"1993",2.76115886949091,1.16989908624903,0.703124661176224
"1994",2.76115886949091,1.16989908624903,0.703124661176224
"1995",2.76115886949091,1.16989908624903,0.703124661176224
"1996",2.76115886949091,1.16989908624903,0.703124661176224
"1997",2.76115886949091,1.16989908624903,0.703124661176224
"1998",2.76115886949091,1.16989908624903,0.703124661176224
"1999",2.76115886949091,1.16989908624903,0.703124661176224
"2000",2.76115886949091,1.16989908624903,0.703124661176224
