"","V1","V2","V3"
"1",0.237821380001959,-0.363187367804615,-2.48680927012411
"2",-2.09305837740499,4.17813976189841,-0.250481603600086
"3",-2.18430167431908,2.86972982850203,0.740186636491095
"4",7.20190476824383,0.873706182141182,1.26415628270596
"5",-2.81500671699567,-0.0132654037190145,0.679897893993143
"6",5.3323320058841,-0.564669147998032,0.539457835890492
"7",-3.33399654785127,0.939959037518671,1.12215819861331
"8",3.45394512449713,-1.3888151570308,-0.592268988555724
"9",3.56490956920733,-4.91247552884626,1.19830028981211
"10",7.45433670582267,-2.70740914105598,-0.363242648975394
"11",0.192115335765839,1.12619273316234,0.430468904128975
"12",4.83180524398303,-5.75615875460024,-0.825648274175564
"13",-1.58835166196367,0.690363762372085,2.04828131260431
"14",5.35211972238,1.48970408078741,-0.0187314669249651
"15",5.24967039392646,0.284804027418384,0.556656757610069
"16",5.30742396248504,-1.46391399941608,-0.677441793790018
"17",-3.35060552233391,4.71191033456368,-3.25489862521143
"18",1.06885388801098,4.47308671195233,0.66580217133562
"19",-5.04592272427184,3.57388036622612,-3.83398634622865
"20",-4.36875806918176,-0.64884192858697,-3.40995227810137
"21",3.35522852469711,-0.73042252951247,0.484497307581649
"22",7.56089636423965,0.00608388788307007,1.87247009244643
"23",0.968298273991968,-2.61996988306113,1.61884201075441
"24",6.87931062450212,1.00919216127754,0.539451616298663
"25",7.57177659918489,-3.21715704858207,-0.756814077558364
"26",-2.79279596890305,-4.31766650371243,1.37985701799369
"27",-2.11108343302265,-0.646459932815815,-0.744228106207194
"28",0.688235894479246,2.75894978583465,0.188156254619189
"29",6.12292970802931,-5.28029893707037,0.301035200982282
"30",0.234848545924142,-1.2121585206921,-2.42809174989405
"31",0.784137989151395,1.44326384841735,1.19916062903368
"32",6.11706784972707,-0.097589481224622,-0.0360917844087761
"33",-4.16849428863684,0.0117518496773391,-0.0530791014845297
"34",-4.30305766457061,3.57022596583685,-0.459557250843133
"35",4.36227297899906,-4.50714382074215,0.00163188936961297
"36",5.33120906584774,1.27387609192175,0.652646146366265
"37",1.5133804915707,-0.555092538502237,0.524664187712457
"38",3.00374040156793,0.365243666632173,-1.61613415437422
"39",-0.380408855062183,1.42581325943504,0.799959473083618
"40",5.07350729195651,-3.73252882939982,0.648601138709524
"41",3.65127628561167,-5.68876990962552,-3.40240375350744
"42",5.23327717825071,-1.25244808293614,-0.00566220168576496
"43",4.0030529933208,-0.475914090851258,0.0567787609445468
"44",-0.113959943437115,-3.50865516872182,-0.00522958551122366
"45",5.33928958512209,-4.40733575500699,1.14964899271408
"46",-6.3551969890504,-3.87225595208121,-0.677688482459756
"47",1.96401192155275,3.34936165945228,0.7893846641083
"48",4.76489732845415,0.971551357216738,0.930432979232247
"49",6.54851832118912,2.04935777788512,0.853252786905199
"50",5.38415424018511,1.4856944611595,1.21146682906432
"51",4.02184400991469,-3.53112577537733,0.429699067070735
"52",-3.01936152738466,1.48441092416199,1.18672473210957
"53",-3.52988509746159,2.20941403594986,-2.47723799645039
"54",6.44327939825772,-0.253979781781682,1.15215690639648
"55",-4.59629248171163,-4.46941836830082,3.33379878148157
"56",-3.68570573731808,2.13560362061489,-0.440352367445577
"57",-0.114155970408887,3.23895414783928,0.563750442390363
"58",-3.04085411514541,2.8893516173359,-0.375774110874349
"59",-0.730245486297901,5.33662531653084,1.31030245593166
"60",0.110202507701401,-1.28794912292139,0.0405609314512813
"61",0.891847771204282,-5.30385033383803,1.89530979362309
"62",1.53484577510556,-4.54205269547463,1.63517016359066
"63",5.22015946717986,-0.0260162616021387,1.19384080807466
"64",-6.54440141817529,-5.41508633339752,2.07954103372757
"65",-0.776293346926195,0.680412685247972,-0.372942574177652
"66",4.88071309815364,0.0221093561864892,0.0338784864389414
"67",-2.69170839877698,5.57915066049417,-2.05545708946717
"68",0.80646979691462,1.0149168230022,-0.72698356349661
"69",-4.59527285716251,-3.01146309277484,-0.608043908766213
"70",-1.46105151688918,-1.28131319944982,-2.31598115422464
"71",4.10709780441013,0.942072308983494,0.921369924489142
"72",0.876275770871383,1.22326988017656,-2.30578621970831
"73",-0.387399334621127,0.264686102953942,1.14919865438902
"74",-5.04823880852866,-5.27442310996642,1.65203275009985
"75",2.54362508101977,0.681553951635917,1.63632330338603
"76",1.88290107985058,3.06555995306563,-0.558913364052449
"77",-5.89224338277274,-0.0180460774534792,-2.26831337846091
"78",-5.04948884580941,1.48512037538145,0.500450146422443
"79",-4.61223266602417,4.00829357654492,-2.87765608985126
"80",6.36776920737442,-4.29187248715751,-1.61683890885285
"81",-4.87456764191682,1.88214826617269,-0.636931912106506
"82",1.93933395075954,-1.27443436589209,2.83037275307688
"83",-4.63193187384664,2.56793407923176,-4.34355079914789
"84",0.668410045822725,-0.0194629307640372,-0.33205035922145
"85",3.59858686618545,2.66953296131322,-0.000253704477767541
"86",2.34956230751691,3.32849155034931,0.0366819806740685
"87",2.20500389157909,0.73437187126707,0.447485280539438
"88",2.31703772846641,0.681578500539501,-0.263334524005627
"89",3.93839456065594,-2.16182231794458,2.14968025681914
"90",2.18050549686902,3.06043957661338,0.00324796555426746
"91",-2.76867256439283,4.6171166733972,0.0269033098414173
"92",-1.33146478119555,0.291839782382735,1.49722828943576
"93",-0.689247450753447,1.95821881935033,0.930845948884708
"94",6.29510656384733,-4.54918799871095,-0.28921117178959
"95",3.34681337673256,1.77500981703722,1.74761955260392
"96",3.38089445051125,2.13107427681315,1.29904196010268
"97",-2.48360263990194,1.00937635077406,1.03830961110353
"98",3.11511940533839,2.08152893687615,0.0412042302170212
"99",0.914955679670985,2.052553371983,-1.05675370740518
"100",-1.26572401830194,-0.479317836462973,-3.13605858309051
"101",6.14025121914282,-2.19401945013838,-0.807737150450522
"102",1.95991139900754,-2.95988841795394,1.525406229809
"103",5.54263097623863,-4.53072796596029,0.782629543877997
"104",-5.71507400255893,0.847150708755606,-0.00148620574832899
"105",-1.91263987999518,1.83109892025985,0.724966310746397
"106",-1.03639991468095,2.79301703954642,1.38355866735196
"107",-0.704503968966065,-3.00305284586164,1.97326626860031
"108",4.07957131246817,1.41789409619756,1.13231729313196
"109",6.29312607239557,-0.605391876365609,-0.0879009763516441
"110",4.62572226067078,-3.2894178397139,-1.90571923790059
"111",2.22727979525741,-3.52990412228863,-0.0591297158467537
"112",3.34605270811213,-0.177468619837409,-0.042654275590874
"113",0.0525551558127444,1.81573847229973,-0.92570448652795
"114",-3.41852514539699,-0.151314579952992,-0.60032358312442
"115",-5.76139180862059,1.07214304109686,-0.482788974556153
"116",6.30898505726233,0.973198515193885,1.89934145764005
"117",6.85503025916357,-0.121556889785847,0.169117001927213
"118",1.17570099208926,-3.00985328000266,-0.00683327002632442
"119",6.71901399209642,-3.18919381734079,1.15045096488375
"120",-3.60274773099468,1.75701357283523,0.148940840474011
"121",-3.36029607484893,-4.67533058400114,-2.00669965795517
"122",6.17377319647898,-3.24081672303438,-0.714924888531779
"123",-1.31717293594994,5.34783990867313,1.25579394052141
"124",3.5077647045829,-4.81783390406675,1.70469639341805
"125",-2.65964394827029,4.80821299030208,-0.993575100529701
"126",4.04613001488154,-0.870043461582937,-0.768320381458504
"127",-3.53123716733655,-0.2746486019546,-0.253781681350881
"128",-2.43471017960564,2.49453410265662,-0.684112779529983
"129",5.25415288183042,0.661027611967333,-0.715609550524566
"130",0.17564824514885,0.715967280943604,-0.708427136868684
"131",6.12015015699961,0.940529652824611,0.203008817963298
"132",4.70984971799172,-0.759675953451048,1.18022567587181
"133",-2.37623847652828,2.13499252663209,-0.446666196181253
"134",2.28835585147633,0.351143775640558,0.767144456446741
"135",-2.73457455881111,1.61003427703262,-1.36340835102935
"136",-0.81139456483032,2.490464280098,0.540926105067782
"137",6.10864604498511,-5.45947482771801,0.142384003528213
"138",1.96618166387273,2.14112091229319,0.0700681908442894
"139",6.7868326778237,-3.61492467764492,0.206512451610993
"140",-2.14310123301276,0.734248325153819,-0.066442327969004
"141",-0.71416822139602,-4.46870371883789,1.0117675513084
"142",2.32840383758639,0.692765096269493,0.197757645323156
"143",6.45083449275704,0.214129864155841,1.58895838966119
"144",-2.03213405079435,-2.17170729158159,-3.36588576597288
"145",0.911823828273122,0.729639045136245,-2.0209172516541
"146",6.24809463703698,3.01687246644088,1.63334201292141
"147",-0.716875227044173,-2.46190770992704,-0.555447596890441
"148",-0.849179041602259,-0.747934312902793,-0.541492945412377
"149",4.01967072046331,2.2949478062812,-0.304261283776097
"150",3.73930148243954,3.142743523872,2.5105224672048
"151",4.03894755698533,1.07140047392383,-0.569712530444694
"152",-0.338913792055354,-4.97773732703472,-0.616638281137805
"153",-3.44903787603708,3.14801878643232,-0.182453327415217
"154",-1.47836249354019,-0.93100028317035,-0.729149765696053
"155",-0.819877568839152,0.87604839782734,-3.06600498579296
"156",7.1249613705581,-2.16228452739891,-0.722919651651207
"157",-1.74810198654554,-2.94266120421684,3.27410627874988
"158",-6.5441876880008,-1.8052648655535,-0.597226317186992
"159",-0.838147857878753,3.10364981332509,1.72954237510383
"160",3.66451343108781,-4.19551943580008,-1.05446703073823
"161",-1.64041267603538,0.422160718670348,1.92340533325879
"162",-1.68893472463756,-5.67799787010396,0.518770101643595
"163",-2.63205847691925,-1.38880530920493,-0.689776629356297
"164",-0.964735695294866,5.86923222882617,-1.0668025483083
"165",6.23834969761001,-1.71982465967205,2.58864402247838
"166",-3.77656551543403,3.36147649331368,-1.07089526049095
"167",2.33570146511457,-1.15683506559907,2.89181550459647
"168",-2.81814320392724,-1.60513014243816,0.232750394033889
"169",0.265176388201525,1.15388702289238,0.00845005362644063
"170",-1.70337633147289,4.01666071718987,-0.302641392435152
"171",-5.73332507688848,2.01059677174038,-3.75098562221291
"172",-1.29035047572138,0.0222637807124886,-0.0553002453717083
"173",0.445904600009843,3.9202841758077,1.91897820267059
"174",1.92866140750439,-0.244121228811471,1.05569421388837
"175",-2.69844314634129,-2.14340615460422,-0.897100117046639
"176",-7.00413557599899,-2.16015492275258,-0.807394131952717
"177",-2.23035634168561,-3.24313076425109,-2.5921397206257
"178",-4.27105752666284,-4.20203262699455,-1.31689109145501
"179",0.480162680720162,-0.47268755206063,1.76783673604323
"180",0.493221062794369,-4.18745782954976,-0.685200925302299
"181",0.918778079714781,1.46080661078595,0.185090998400449
"182",-2.90913561436165,0.871324908351561,1.37621099803589
"183",-0.656247754957081,-4.38221576681723,2.39176055003763
"184",4.65017832633958,0.287206442157833,0.45250200094538
"185",-1.75116114973836,2.88776073251892,-0.696149270179504
"186",5.24884234151403,1.23689496531414,-0.248814279056172
"187",5.34089244484236,3.38530425097053,2.05144385403299
"188",0.826443829956352,1.76024904925504,0.482745358424739
"189",-1.70819674571003,0.725506679395805,-1.62831734343668
"190",-1.6808763388858,-0.423639399142649,-1.34938580087816
"191",5.25186095527962,1.29956189385885,1.53409429065862
"192",7.51567935614243,-2.15571442435939,-0.189534755388342
"193",6.75735134921501,-2.19460471939114,-0.6874960620917
"194",-1.27134603498654,-1.23443562783903,0.734033166270996
"195",4.69154914963669,-4.96848334358875,-1.95356449943935
"196",-2.1560843776597,1.12578279933773,-1.32635577484887
"197",5.33219837618813,0.309475097310941,1.28173253926366
"198",0.938001384008875,5.10753664464196,3.32599581491694
"199",-5.89156344899089,-6.90267065626455,3.15562376899121
"200",-1.69458660469674,1.57048839196513,-1.06712957287353
"201",-2.97608094298026,0.93230867668488,-0.245478056810401
"202",6.62380830252214,-3.57514534573285,-0.728408079762675
"203",-4.66811912348641,5.11778103375552,-2.87483646719161
"204",-5.31918814554501,-0.187883974344765,-3.35988411276568
"205",3.88440228550762,1.52745623274077,1.43708427513437
"206",3.91345635510104,2.98671278369812,-0.0772502407589342
"207",0.770142706219759,2.20349204112345,2.13391374396553
"208",1.61152421064164,0.976787946210938,3.30509086418992
"209",-4.65923303459237,-0.207705909367847,-0.631755784464502
"210",6.06231897943048,1.22653339306915,0.403596997341901
"211",1.90898679053032,-1.26477094152923,-0.412511989030162
"212",-4.16883487884573,-0.415607689537654,-2.64357001190586
"213",0.915441295543004,5.06248090891271,2.99272929142654
"214",4.21545516698102,-1.74112784928707,-1.61679004839185
"215",0.917912599346009,5.32556112458707,-0.0834853429848235
"216",1.94360469772822,0.747574786555193,0.213236621034294
"217",6.71484452618025,-2.27786369714197,-0.00800364084782451
"218",-3.8419218126413,0.976433480237683,-1.32902086908873
"219",-2.6435774223887,1.41495625705546,-0.0121274449978565
"220",-2.55210177278586,5.65346095646587,-2.4208557145412
"221",7.61927425623639,-1.24789250051657,-0.344260027271323
"222",-4.59740176150773,-3.79122310501465,-0.616034562567646
"223",-3.98986812593895,-2.96114943530254,-0.808625264933902
"224",-3.39212253086387,1.00829800658762,-0.222328177596963
"225",-0.663333429113914,-2.70945392800621,0.60816086030863
"226",2.55253513465482,4.60154761791931,1.78800108506854
"227",-6.63753195077639,0.00641056098787877,-1.61563982201292
"228",-6.10772385934544,3.98610718380948,-3.09766147168889
"229",1.56101843526297,1.93001076798076,-2.1527531634296
"230",-3.98549146858728,2.04879738255244,0.645873766977962
"231",0.0878891684338018,-2.64832194219078,2.69289184303668
"232",5.88942647612282,1.30852140783266,0.93300328523977
"233",6.78417242125592,-4.11321044008048,-0.628172995801058
"234",-2.80550365758593,3.48943052169687,-0.893059536169298
"235",0.921137412095485,3.54432175100679,0.202988913930904
"236",5.23452543564439,-1.2366540534347,2.8527786541551
"237",-5.12492606648401,-1.67795216921692,0.603323677575312
"238",0.0875530495013272,-0.473625217575883,0.19953373049608
"239",2.23294305472619,-0.569583807524754,-1.09750838993263
"240",3.15138099313871,5.59229710523439,3.24015982877043
"241",-0.913312932767028,-0.123394505974494,1.38105613724116
"242",-2.1883052658939,-2.57601612669338,-1.30752381480891
"243",0.0882359731396609,-4.64608432378485,-1.53215218587426
"244",5.83798774521807,-6.06545376918367,-1.51037827209799
"245",2.63951144261583,-0.31938250378143,1.21155904374857
"246",-2.72580993761648,-0.313546049455986,-1.69695960723066
"247",-0.428759338614892,1.73036433831358,1.91902975122199
"248",-0.357961237828846,3.15066045238354,0.0128045434164273
"249",7.92642718385405,-5.43956091399644,-1.09069572304841
"250",4.71018925862549,-3.50772002116506,0.562587668227639
"251",-4.02916671672526,-0.579960883533803,-0.250832961769009
"252",6.77082106065109,-2.13903364509935,-0.684623703131486
"253",3.34583634274238,-4.18174614694699,-1.61664144999403
"254",-3.61288409210593,1.27357290398026,1.37983855620803
"255",-3.97873134887284,-6.06263903288083,1.39027228709863
"256",4.53295033198915,0.00448967567312364,-0.756792113412535
"257",-2.10722024784538,-5.26869935844813,-0.989481735596494
"258",6.28528609035566,-1.00875553376714,-0.16266908129694
"259",-4.17070220805113,0.575946367960407,-2.92220662078839
"260",2.17320331424385,0.847502223810987,1.29919840382419
"261",-2.79080125929538,5.30303899068193,-2.11479463475372
"262",5.31168481585158,-1.73311312947088,-1.27270728771786
"263",1.55809694398126,-0.353111495790066,0.411194844644302
"264",2.78909028981917,0.271973796888217,0.536723717680041
"265",6.06654151896003,-1.46210135260656,1.71869417859728
"266",0.0765039426679714,0.284489646439393,1.38326911743556
"267",3.34663253492123,1.08742829960774,0.450389743297683
"268",4.72268926090143,-4.18392989306023,0.451928770205689
"269",-6.54427741796586,0.319886495801909,-0.674348773745205
"270",4.35991308209926,0.876539618294138,0.203564408327011
"271",2.35329488070865,1.76914955113188,0.442517262915377
"272",-2.81786924638675,-0.373220793596084,-0.573762760569715
"273",3.66746853269812,2.72508456233576,1.99361290300249
"274",4.30495548855641,0.0198526498948398,0.199319285059051
"275",6.84826930522263,0.292622963593728,0.393292530507854
"276",5.25880100538214,0.260343785669751,0.423193198002566
"277",0.47916355981617,0.909540324961503,-0.144266212313346
"278",-6.53108405586543,-4.51792001381731,-0.0529065891868251
"279",0.233057760115372,3.92796381490386,2.86801625900602
"280",0.927259893346638,-0.345686408990429,2.83214383872227
"281",-1.33211875095926,-2.70925224100683,-2.87753595347195
"282",4.71460397659521,0.77517254746942,-0.782203973135132
"283",4.29640493374867,-0.476255155853003,3.23769493437776
"284",-0.147275387591513,2.61776554136811,1.36108774279882
"285",-0.0642254367604181,1.48249878044371,-0.3561139985197
"286",-1.23286272617247,3.12570594138576,1.40044575467925
"287",3.73820404677291,2.09457898878375,-0.201516652635272
"288",-0.291581724841774,0.350696982231651,-0.0487239744413471
"289",0.133980793733031,3.12975696192427,0.22225720755456
"290",5.25142754608243,-0.422947473603598,0.20547858659576
"291",5.25185704394875,-3.56372863528141,-0.726405630975309
"292",-0.80432701139958,-1.21147109969632,-0.459034249473994
"293",-2.14651766374597,-0.470601685065415,0.180302214187441
"294",5.3554707178418,0.319401042099567,1.19100966001794
"295",-1.48361425142564,-5.63360306504299,-0.786763291147568
"296",-5.04956034524542,2.09057159208709,-1.87547621399459
"297",3.87751330932411,1.96616664237754,1.54870409080457
"298",3.89595250097087,3.08777151468191,0.221784024745704
"299",-2.1451004729137,0.0159938288628925,-0.340323796904769
"300",2.74482397111102,3.80584922580914,3.17959488576331
"301",-0.680290616326083,1.9809893164302,-0.540163354479591
"302",-0.489221988476822,5.08253600227824,1.38596764715948
"303",-5.05860926086672,0.00535663356526925,0.016177307839373
"304",0.144316782775717,-1.19191769169508,-1.21469399519552
"305",5.25357332768206,1.09639727052458,0.199239630716536
"306",4.29451674765323,0.00602751094339641,1.40669914207766
"307",4.81370268510867,-3.81117671097483,0.527180328991519
"308",-2.10491756721615,2.84330825668542,-0.665454758077301
"309",0.444936811541059,-6.07775259810014,2.52950309536943
"310",-3.87867590813325,0.94024976337536,-0.0321721926434298
"311",2.13258224136389,-0.477600981194178,0.0454129035920731
"312",2.33780041442344,-0.34571462108165,0.647178835763563
"313",-1.78706851335769,0.267147069026409,-2.42466976176434
"314",5.78322482280311,1.22610841125647,2.52725896843946
"315",-4.04634346401014,5.43082818176173,-3.51125138737492
"316",6.75987805282851,-3.42440345803839,0.6302362489544
"317",-2.44626215750728,4.57416569698825,-1.06279324094525
"318",-0.930517172748897,0.95829296941605,1.89846623031959
"319",5.331772524757,-0.526231988243229,0.733637218928406
"320",-5.03738922066564,-6.91167386988201,2.82810680538587
"321",1.09861693169101,3.38279408282117,0.216558882890569
"322",3.43080413645292,-2.88413452217476,-0.00763690476032325
"323",2.04590698665599,4.45020326752051,-0.774972455761729
"324",0.969769124959671,1.08898610249631,-0.599421720269972
"325",-1.18268505384083,0.727349576371956,0.710261392442279
"326",-4.65940456071584,-0.506682132291685,0.703157527480241
"327",-5.04038806767037,2.86212526144831,-2.85997144824611
"328",-6.63924119055406,1.3141566161565,-3.08308016102532
"329",4.71126628333326,0.619219819557142,1.36124004292003
"330",1.97006124051327,-6.00488261577264,-1.03486581357662
"331",-3.3752813451155,-4.94660752746168,2.37984340636505
"332",-0.71603355822248,-5.06071699995785,-0.494239585607507
"333",0.359176867878989,1.75697478572449,2.84003530200605
"334",-4.11102732660083,3.22806829512971,-1.19848404753574
"335",3.53609475590732,-4.76631180521394,-0.54888052000673
"336",-5.71556358862892,2.29399015376524,-2.05695240775922
"337",6.64437015888295,-0.120184913345309,0.0141300665573241
"338",3.89491300660354,1.81047116033152,2.19968151766886
"339",0.329129662562514,-1.38865001906426,0.449617888902862
"340",-3.99350078693864,3.09774606678722,-0.0560737326334497
"341",-6.53418944792367,-2.01475146843247,0.739112737508576
"342",-1.46477188391561,-3.17304752107387,-0.00851513350464173
"343",0.860848294925292,1.23507466091937,-0.717996253592161
"344",6.63342265572853,-3.13339391651707,-0.238143738034309
"345",-0.68799272576091,-0.500849719135416,0.519772654152451
"346",4.74911172647707,5.29984728896873,2.86515570769485
"347",-0.806748350529874,-3.32418302383212,1.70130781477676
"348",0.423761458339867,2.17646673863343,1.76783288823432
"349",0.000271735351918644,0.94077537729078,-2.99662490732741
"350",2.97914086538742,2.52055302353516,-1.10024698527842
"351",-5.71142338792646,1.22088444059239,-3.01402553693886
"352",-4.16923793727264,1.4249570764503,0.652860408377791
"353",-1.76442271290733,-5.38755191585336,0.0207801462061632
"354",-0.0312196846783404,-1.57873453645257,2.05552271485891
"355",3.13257925620134,0.94141274254423,-0.358602860714457
"356",-1.98155204281922,-3.31429360320984,-1.10016708138826
"357",6.13831533917484,-1.77640836557912,-0.711487715132073
"358",-5.05111429710587,0.662810011934751,0.649379351713075
"359",-0.959301884047352,0.275567616303487,-2.86841667782482
"360",-4.26633206281605,-0.510589837179547,-1.90197371472282
"361",-2.44698392758467,1.07828515298414,-1.01167631186487
"362",-4.66734665097541,-0.714310406260366,1.36699471249087
"363",-0.763191213305386,2.24096047972645,0.920427922189494
"364",-5.54305041072937,2.25605221656204,-0.661932123081278
"365",-5.06583200564697,-3.34666155388192,0.234539728597018
"366",-4.54344631149527,1.10629744468039,-1.0982068196946
"367",4.61611903393635,-0.0200607021013079,3.07645349513368
"368",-6.16568600311773,-5.38829919476304,0.0411031816570952
"369",5.88947159764897,-0.781537921922612,2.84724555609082
"370",3.13096152544858,-5.70174137745968,-1.2814855481889
"371",1.22994048980724,-0.652833933442744,0.393026258362776
"372",-6.26180849963041,1.66743471709902,-1.27952375016727
"373",1.62347291332869,-1.79348990645632,-1.35611861924998
"374",-0.329086574282665,0.452212307173323,-0.505906198463166
"375",5.24026564959202,1.08078477432418,-0.36228612100653
"376",-1.69851415670808,-0.027231613481423,-0.440789674432527
"377",-0.233319793809308,2.13323644549943,-1.71559180777517
"378",5.8200103086052,-0.926401689852848,-0.75680172282478
"379",-0.36823640314065,-1.80749606913437,-0.459942091901741
"380",4.28776224066374,-4.56753172029564,-2.42921350086808
"381",6.90205929633098,-2.71117045397978,1.51246646257164
"382",0.225620198638163,-3.35735363184781,0.203979757559216
"383",5.335092806493,0.943005341490034,1.72537749367387
"384",-2.43277452176263,1.43371577636508,-0.72692572957925
"385",5.56177251066749,-0.487485651758872,2.00267537239686
"386",-1.99086858109909,5.82612385498513,0.604817238893907
"387",4.68981691779413,-5.20546178203298,0.824082532559744
"388",1.07000537467205,2.27405863833093,1.72645289992513
"389",-4.62927539225578,1.07022366514997,-0.962614586961546
"390",1.90059318167163,3.36827737621193,-0.596058458377873
"391",3.88386445559349,3.13166778494028,-0.0119678449492681
"392",6.1415729596289,-3.41241391456134,-0.245461743811746
"393",4.4631575852679,0.423812456370752,0.622013421314796
"394",3.59402473791277,0.284882740129336,-1.6451452379292
"395",4.24128166528825,1.58407489391304,-0.295372400637374
"396",-4.29635503502609,-0.54037324606745,-3.89385370940232
"397",1.94043659246043,1.1019196302911,1.38144022219709
"398",-0.389904318758983,-0.474403873042012,0.199168348938734
"399",-2.81790775879141,2.53830249128059,-1.69118455767393
"400",-2.84447275581983,1.67734967483851,1.63683604963328
"401",6.14311612481226,0.670956875013451,2.46976566175572
"402",1.91089228741301,0.940544738673881,2.01537579814221
"403",5.05253305477425,2.0489633108734,-0.00357373845584562
"404",2.12531485470396,5.13762724479689,1.92341948614797
"405",1.17018630007114,2.14794324425554,-1.61435881384679
"406",6.13993498918525,-1.24524894488787,-0.733309965974824
"407",-1.28826000665407,0.422867160517888,1.95874352274378
"408",-2.34331261956945,3.00542016836593,0.629015280396601
"409",-0.697527636220148,-5.71199351974585,-0.601311954736156
"410",-1.84174076826585,-2.17219509166493,0.658426645135053
"411",-2.01855539430732,3.21044283606463,-1.8984189726208
"412",-0.125553549054188,0.939034499977051,1.34497171496927
"413",-0.823773481588684,0.723883154909369,3.18250803216894
"414",5.2458609536358,2.04727221671126,1.15279474000002
"415",2.92970324583456,-4.46526967432778,1.40392137968029
"416",-4.16975897477016,-0.472818821492402,-2.56536440891996
"417",0.750025819059293,1.42423327759085,-1.99915662611902
"418",0.120268287006053,5.40521099138752,-0.430457803425808
"419",-4.87965109530277,3.11593914972964,-3.03668558956339
"420",-1.69515593603447,-3.12115894686915,1.14889649696427
"421",-6.16870690300719,1.47973828226549,-3.8214996440104
"422",-0.83190371670429,1.44781515371206,-0.600686774630416
"423",5.47486702548498,-4.47389970217576,1.24147960603855
"424",-2.51212390209235,-1.44581113577459,-0.684814208361856
"425",5.34664747156736,-4.17753751588914,1.1995312216359
"426",-3.45106496350547,-3.71184966720313,0.00804721274851361
"427",1.9007933338254,-2.12429535686024,0.388140207919053
"428",6.00184460745906,-3.59119782638195,-0.715005986690849
"429",-0.69878809111619,0.945321515698767,1.86644125975508
"430",-5.44149929281496,0.445896552489925,-3.2036371527179
"431",-6.14317988768017,2.06005480320185,-0.818542000218878
"432",-5.71804602448565,0.679710696945631,-1.98999836540773
"433",6.11978264528839,-2.15059803890323,-0.815782970278656
"434",0.489807903992744,4.09859125497411,0.0074910252006139
"435",-5.04963299378057,2.76285957059971,-1.69210715585139
"436",-4.16894737138025,-5.34680885298531,0.010310549562927
"437",-6.53117339797097,-5.2724829243124,0.382527693456278
"438",-5.71632209600772,1.49574602326426,-0.70531044228385
"439",0.999010239727701,-0.468202801485134,0.680116289953082
"440",0.987975065354187,-3.72926990356964,-0.156296710519763
"441",4.27581364917524,-4.04536307036581,-0.455836892135373
"442",3.97381957703484,0.49317335216082,0.414628193163586
"443",-2.91192567704388,0.940425355601625,-0.0125907846328678
"444",2.32589813001759,4.83386645864396,-0.340257279521219
"445",-2.20733360751735,1.49022858758999,1.91243723319078
"446",3.29539558908619,-1.49662682304901,-0.598187557461933
"447",-0.845398177677697,1.48533263373037,1.64454235708847
"448",4.46180786396485,-0.00245742411593081,0.663108238420816
"449",3.9026656089301,0.875919274761552,-0.235682126462531
"450",-0.850173188082514,1.79587276786035,-0.684445851245379
"451",0.185417835153214,1.44648788639773,0.0423716169943617
"452",-3.7951193573046,0.293377048750236,-0.287219033265461
"453",-5.72734814070413,-6.76709635164537,3.2162469581209
"454",6.4421407431281,-0.57986326628901,-0.71488148976359
"455",6.05553231071562,-5.04813727438323,0.616726205033185
"456",6.25527925438453,-0.113762082281657,-0.512536877712682
"457",3.38213695139435,2.04879546847767,0.741577124604876
"458",-2.63054342284126,1.01783986001193,0.676887500822487
"459",-6.10225724774602,-1.08827992097785,-3.16026576241942
"460",-2.78012831332173,0.690725342883921,-1.80588432198854
"461",5.24524331782999,-1.26005996367048,2.98357053073768
"462",-0.810363739933998,1.42466295713365,1.52854203218791
"463",2.23051111443253,6.06315267596474,3.56480981981462
"464",-2.34998834011016,-2.88187090719401,-0.682585770150626
"465",-1.79677493232,-1.51727567405636,0.679272591335541
"466",-1.47430561723372,-2.98438274005427,-0.33696322556093
"467",-6.29429215567283,5.09763215393992,-4.37187595225492
"468",3.89931554135224,-1.8752488414026,0.12051342630638
"469",1.6030270068138,0.691038485071852,2.17015386544764
"470",4.71266493480659,2.10035061597681,2.0745835914424
"471",-2.58700374752377,-3.56305900042105,-3.3753246245086
"472",-3.98430144774739,1.27314596602966,-3.20293745921195
"473",2.80869425351247,1.34602728219628,-0.459656732802256
"474",0.634514511864739,1.2935651101253,1.52723232014081
"475",2.57790680683604,-4.19250070150497,0.750037860069126
"476",3.55904328136156,2.05760924709912,-0.822667215693804
"477",0.31955103311805,1.88923411445747,-0.366987695564367
"478",3.12686459450217,0.569546835199537,-0.75678617316546
"479",0.483907258733433,-0.854136391027692,-0.0350502386285357
"480",1.89578046342603,-0.343491661846576,0.379576518417361
"481",4.06281299238762,4.0215456896021,3.34173686384591
"482",1.07684574564834,-3.28838843306592,0.993077035507939
"483",-2.3512281943417,0.875837566028558,1.74853398105659
"484",5.63065834537186,-1.22467175306081,-0.658600229011159
"485",1.06846859714285,0.861268849144122,-0.395628399697062
"486",6.14224686129528,-0.638214352246149,2.82846211783245
"487",-0.630497692280181,-2.71875435904976,0.223672497280415
"488",-0.988807069274229,2.12641466982227,-1.49762949073278
"489",6.12817885340743,2.76337460151153,0.71065708065832
"490",-3.02011352954667,-0.970973333308394,0.438677675924029
"491",-2.51085607288255,0.272666844440612,1.32561571230397
"492",1.56421957880726,-1.48047877557727,-2.87708608167355
"493",3.87012334130935,0.577734274989506,1.63238994922435
"494",0.150981002311032,2.86182093979712,-0.715177061011313
"495",4.09728917360822,-0.0111091565195283,0.977581845406499
"496",-4.28169251943089,2.14769229979721,-1.56899394339254
"497",-0.396922210211626,0.681571597214754,0.0615040559067715
"498",-0.90707860459193,1.00894387599198,-0.588512022405224
"499",5.32943639231654,1.16794817086118,0.922927593496596
"500",6.10827315953309,-5.26858083620541,-0.345249048210002
"501",-2.87560605235786,0.927493202079648,-0.333261962441663
"502",-5.81156382195937,-4.4006957062904,2.40875811506978
"503",6.12114445074328,0.0159004269418334,0.52281543094492
"504",6.14028619241774,-2.16198822494294,0.583060011224348
"505",-4.51828111944586,3.12541786188974,-0.873394022131557
"506",3.63686038281799,-5.63592378405277,-2.61744639673327
"507",1.91876334254361,1.89815717537741,-0.00948820165302892
"508",1.5616510747584,-0.854093788182968,-2.53415041041514
"509",-1.56367440699716,-1.64567800999064,0.311877467941113
"510",1.66437442530007,-0.0845964068435093,-1.08867138559302
"511",3.34604025391401,-2.78545161958394,2.82120814547024
"512",4.28788128837607,-0.113854171839383,2.46150375408508
"513",4.61268924866342,2.16334475327732,1.27119812108123
"514",-4.17538755190789,-2.17009284952333,1.92329355378788
"515",-5.04196813782229,-4.48982357729189,0.381337157136786
"516",0.480132217305471,-4.4861315612496,-0.372261667792515
"517",5.33139227222176,2.942231578915,3.37480071291155
"518",1.16288598906988,-3.30942676198466,0.563208661045839
"519",-1.84909638229638,2.29652091143325,1.37025420794345
"520",-2.36657537508556,3.91303800648163,0.46647048177625
"521",1.93114611206508,0.0178529278169898,0.68713720424668
"522",6.90825814242107,-1.26793766451219,2.01654630881195
"523",-3.35353951507295,-1.24269309990609,-3.4102007552039
"524",3.49022603279289,-0.114552930939914,-0.245499929451974
"525",-2.87298854297219,-1.78436624054413,-2.42564202126062
"526",5.15821562736511,-1.09211578610376,-1.65736702610165
"527",2.12171762407041,-1.78484718228572,-0.376128433137506
"528",-5.29426038815533,2.0311420048957,-0.808674918361742
"529",-3.45964107364131,0.337020819623032,-0.461645437451332
"530",-0.280140335937048,-5.48074125986965,-2.90237459146594
"531",3.34622598483827,5.93556280113056,2.23668245536983
"532",4.08126456723788,2.28477696174818,2.07680210196541
"533",0.0909025314377059,1.18119520200048,0.461349356946171
"534",-5.53932052793565,2.86098815332852,-0.726851779874431
"535",4.46436442457892,2.13534318552428,-0.276276286021727
"536",3.59458320410637,1.82131970839912,0.657658077187062
"537",-2.80680075538538,0.996511777623247,0.00735828712916871
"538",-4.71408018009299,1.49176073201101,0.450879675430975
"539",0.0309316299091471,2.89130957138849,-1.0611428975692
"540",-3.50774608341787,-0.211052244117474,-2.8724534955238
"541",-1.46955531801582,5.09824407765211,-0.807339509670774
"542",-0.629812482693992,3.56448833280783,-0.317090114638065
"543",6.28770857023114,0.131366065562555,1.7018227292737
"544",-5.18379320091998,-0.418109373106954,-0.0664843920805947
"545",-1.82191981705047,1.10382394089177,-1.68654735605009
"546",4.01966858051345,2.79371224774494,1.15010310629234
"547",-0.800930562468523,-1.28102399931901,-0.959826846464858
"548",-4.74545084821158,2.15407255334656,0.389395650332042
"549",7.56399507090871,-2.3029936266035,1.19104521393889
"550",-4.76193329105336,0.423911558861401,-0.0497059087534333
"551",4.29706504723195,-3.62978588986634,1.02809844497239
"552",1.51191606142985,-1.78792479558161,0.371665369329773
"553",5.33363956041647,4.12060458769583,1.53321675435269
"554",-1.59811615755468,-1.01044230373503,0.0765056004657546
"555",0.487042443562309,3.38155025661571,-1.32730063368247
"556",-4.65773915834306,0.423068979620144,0.688878090077136
"557",0.926100317258798,-3.30234125662814,0.616881422352992
"558",0.402315428242748,-0.623746250183586,-1.2284781334196
"559",-0.148849104190902,4.60203157664341,2.29506662081579
"560",0.0873849483442776,-4.18547870907744,-0.726636248323125
"561",-3.98368608018044,-0.475033794949069,1.5059198726712
"562",-6.15794034749201,2.99066275558947,-3.35806429585626
"563",-3.48355542716355,1.37078046409729,0.603277303885375
"564",5.05353191698244,0.850578244732047,0.434216315221473
"565",-0.739393331709695,-1.75626453474363,2.20398624134547
"566",4.95451890728817,1.88747946011255,1.29259322657425
"567",6.04082638351263,1.38494313732603,1.36124813796388
"568",-0.0285289889287384,1.77752789868104,1.5662091161205
"569",4.69951747434745,0.940149577818373,-0.693687841420216
"570",-4.47539991537761,-2.96696859543922,-3.36752445375993
"571",3.65856987881178,5.10146178882752,2.45986669441012
"572",6.10762380729777,-1.25306522049758,-0.270792366771725
"573",0.221011647676447,0.731587303834539,0.676940747179015
"574",-1.36525957227365,1.42508233221174,1.70065416733999
"575",3.49476286344369,-0.472867914968904,1.72440900352618
"576",-1.75076042277248,0.287802077013309,3.58820072052962
"577",1.09749477834534,0.721421413356526,0.905537316645703
"578",6.08491399911669,0.350151306903279,1.18324017638938
"579",4.46681429470387,0.615994924052383,2.19479635652698
"580",-0.152634341307709,-4.41901304753288,-0.876989789576452
"581",-1.44615594722706,3.59050810077987,0.198936624684352
"582",5.59018793259761,-3.34016755419099,-0.386741184816267
"583",-4.97731238341032,-3.79595236338276,0.0134075281353317
"584",4.05969330114755,1.22789322774989,0.928721767376789
"585",1.19268981978028,-0.741300963160189,1.22378514196263
"586",-0.856276807160379,4.47983371910086,-1.61587977203862
"587",-0.653560823961915,-0.501602078552886,2.84257512054683
"588",6.43845699783858,1.43810890605238,2.99663117442065
"589",-3.31934182576655,0.0164557192155585,-0.0544051826550351
"590",0.923435422011827,1.58568825279499,-1.50020877109189
"591",4.39889962306292,1.45142519297767,1.67491310001878
"592",-0.658247423533377,1.0391946154583,1.85149252296307
"593",-1.47131337488311,5.80792145358716,-0.0541978866676394
"594",-0.834640692456489,1.08867110145636,2.43159490438824
"595",0.930669439349457,-1.50923037238169,-0.0183024251924271
"596",-0.956636867827509,1.08610377820724,0.60668388314304
"597",3.57264881960944,0.928874623189781,0.0847442209057525
"598",-2.57951376147833,-4.18602373444405,-1.07545080978161
"599",4.63144444180113,2.06248547298096,0.112941880090568
"600",5.33184946088782,2.99566031650878,0.663583602924682
"601",-1.47135561211293,-2.67286076028147,2.8605014404589
"602",-1.66828363202846,3.08564502848183,-0.480044236077095
"603",1.39164737819776,0.496753983156815,-0.650608931173587
"604",-3.95173494506049,-0.324459088731233,0.714481613441893
"605",3.08896768610896,-3.27054298366062,-0.0128849769563252
"606",5.25046170154169,-5.37934667120654,0.712243409127983
"607",-3.32767513408519,-4.55960526227281,-1.23504818425835
"608",-4.09822693463662,-0.315543576542766,-1.34775528747194
"609",-3.97549858584871,1.00847356063352,-1.1064097141638
"610",1.94518400542681,5.67926557930128,0.625867300293945
"611",-3.37678274825528,-0.115842927176773,-0.59846616371864
"612",0.644337030082588,-1.80241278054612,-0.678876337128492
"613",0.0444216457949968,-4.30329000266989,-2.89144410267097
"614",2.11040421511845,0.275147746687337,2.4143975762539
"615",0.629891076742195,-4.39717916359478,1.77472133549066
"616",-0.906484020851853,-0.854683439993285,-0.875170327125653
"617",-0.395337820383408,2.36770910034971,1.52480267658312
"618",4.46518615915979,5.95057903193994,2.7949211467433
"619",-5.32625714907237,5.33390506650754,-2.87770026371401
"620",3.1257982747465,-0.535564397237536,0.0671243841551732
"621",-4.66218781949861,5.26700035080037,-2.9531267391041
"622",5.61277433578502,-4.45995047109376,-1.05415403089335
"623",7.45197177498665,-4.18848378360543,-1.41409459795159
"624",-0.658634254639999,-1.7829076502601,-0.180704594323781
"625",3.57572973877882,2.13536783959141,-0.00116603940492518
"626",2.80216519689895,-1.22256915221978,1.13285877222734
"627",-0.898882220278265,2.83632173952564,0.283067151580329
"628",-6.11549562381575,2.89700401010696,-2.94906682753704
"629",2.20051687639549,-0.473600575503851,-0.759865420963943
"630",6.08981887001971,-0.903387066083168,0.1505228738926
"631",-4.01849575059508,1.08917121030407,-2.5563818938369
"632",2.34470776671304,0.34753696114884,-0.372941701528705
"633",-3.29830436110626,-1.79515666262746,2.36568565324589
"634",-6.53113662426422,-3.5690766173941,1.18832887903728
"635",5.02169299566369,1.32211856137944,0.568204902580541
"636",7.2139040717986,1.42696709775562,1.72479370193624
"637",-0.744953150209781,1.84592783178294,1.28683898623307
"638",3.38569153607126,-0.50266282532902,1.63934641677169
"639",0.477086140872039,3.07193290005624,1.98942280617477
"640",6.13629877253799,1.48820832193731,2.9572983584176
"641",5.13902263729269,-0.0126392860790953,2.08550135385361
"642",-7.35042166310995,-5.62953957353912,2.15732485889734
"643",1.16918478970464,-5.77872834306822,-2.31100719341476
"644",1.41436338238499,-4.4526137819186,-1.58515114789462
"645",-1.7180638478277,0.304845692669838,3.14564755746696
"646",5.06172056915316,0.306781473640127,-0.291386171751283
"647",3.44043175055146,2.1959484620067,0.416929134171937
"648",-5.01082539520696,3.12516283527665,-1.80792375358024
"649",3.29224786970797,1.68686942049726,1.09206370469689
"650",3.37176494680694,1.23187348170462,1.71833533622198
"651",4.12401743108456,-3.50800658412167,0.418794887714207
"652",3.34635915147775,4.06355960391395,0.670076335920342
"653",1.15677599050433,4.18435615391586,1.38381318531601
"654",6.63633008763271,-5.06804674120304,-0.252306165690251
"655",4.02188074237986,-2.08544614820988,-0.000485609195982602
"656",-6.52375192256086,0.351289858975619,-1.05530556671692
"657",1.34581851167018,3.38172345935971,1.38684614386056
"658",-4.59695222985986,0.606079312059355,-1.34984812114456
"659",-0.544713248390546,3.85452654641907,0.993115673777417
"660",-2.10987988353269,-2.89254405951012,1.7321459019736
"661",5.848637552015,0.0840349832146797,0.00416104921281318
"662",-6.16797126537591,2.66945312675539,-2.28482394690315
"663",6.11584364945311,-3.32749878836972,1.02801904512998
"664",-4.80335435163814,-1.39657214259663,-3.38178193796448
"665",0.312271907418581,-0.193461658957225,-2.32061412618794
"666",0.339727732840406,5.37184673412034,-1.19806329553963
"667",5.38326562328517,-0.476344986807472,1.19973644756556
"668",3.90935308913755,3.15955262264061,2.47902948982831
"669",3.01433544401995,0.879895120731996,-1.23765018411322
"670",3.66874818645639,-4.46901746745641,2.54739638113497
"671",3.36920444514624,3.43053096606396,1.4376012499622
"672",4.71013530145645,0.729235095916896,0.701963835661497
"673",4.86644260557773,5.63552851688394,2.6458662210644
"674",-5.10357888852493,-5.05195796132686,2.21440097160732
"675",-0.939734396026161,-5.4460606808095,0.925859150632787
"676",5.21846374834366,0.015743066469389,0.602456659421983
"677",-0.837285666341558,1.15532498668054,-1.09450851037932
"678",4.46607416003152,1.4867262630644,0.0708495669457937
"679",1.95971440078062,1.94000004676849,1.03819351633063
"680",0.492765667946218,-1.24498671651524,-1.05354572903054
"681",1.11708971227405,2.95610732739228,-0.195646759257597
"682",6.70191553747573,-1.49921899583,1.03843545930437
"683",-4.59519368531474,3.65757437255205,-3.34757170592649
"684",5.51851692827555,-0.644470843305778,2.20380721222555
"685",-4.20420043595757,-0.11401146438546,0.445888092683706
"686",-5.89648579044821,-1.81604823715395,0.740750304946055
"687",6.06968823685191,0.331827427856299,1.51655563090302
"688",-2.9657161245377,1.8511000536619,-1.3334385330971
"689",-1.25936844684603,1.97696124679099,-0.510444954623761
"690",-4.11252053453406,-0.190440470657415,-2.32069738222195
"691",-2.90503385480596,0.284245936724199,-2.85928270944209
"692",6.29336085013843,1.22797198841638,1.28716088883619
"693",0.480265623959955,-3.80328114116212,-2.86016343374143
"694",-6.56226655398096,-2.93142088949831,0.230351438662008
"695",-4.17046269423154,-0.576930520576248,-3.08332108635511
"696",3.37820537846549,2.66956900982277,1.38161230395737
"697",5.10597151387703,0.59679622027052,-0.71284395682085
"698",4.74058641043262,-0.523623863525361,-0.514193303427799
"699",-1.23193890308867,-3.31142538627992,2.46004831827505
"700",-6.54312048338043,-1.73288755017689,0.207377255149538
"701",4.75426193880351,0.370011196700682,2.54385902445768
"702",-6.10082710218075,5.72411609619495,-2.87540627466913
"703",2.33816223311822,0.978688316644407,2.19154696727046
"704",2.33626511726143,2.07817853123299,0.680768468499983
"705",5.21989630621755,1.48707393097705,0.669977440056604
"706",5.33084242872357,4.72301816854528,1.21442943747154
"707",-5.72338918221689,-3.34868042823712,2.05311922812917
"708",1.78479194453748,3.13600278843098,0.563570711224402
"709",2.85404761693547,1.58449435156986,-0.742906176616431
"710",-4.34495414446187,1.40746432969619,-0.691956691186701
"711",5.6030969873779,-0.151014272264719,0.458022873936431
"712",-2.10803185739887,-2.99472482838706,0.902889810954742
"713",4.29635029766823,-1.66234224452146,1.36115623372145
"714",-3.46347212866335,0.695262905778783,1.37989258430725
"715",-0.125055342045588,-1.04829693502071,-0.532017924409087
"716",-1.70993688888449,3.140958315183,-1.3893821458698
"717",-4.16932675752985,2.85342845102764,-2.9972724562414
"718",-2.8475174689303,-3.42134323556105,1.76990298650209
"719",-3.98650519394075,1.9761163949429,-1.09550791909061
"720",-5.05243215726028,-2.14946192832091,-0.767731713304475
"721",0.889037742351116,0.345434501626498,-0.0405538412712511
"722",1.55651220755807,-1.13332953909771,0.444360306291822
"723",5.33121265505892,2.82195451014126,1.32443343168842
"724",0.888531361146611,1.53237559623133,0.659764950905998
"725",-0.385104103735372,-0.391227981986192,-0.0330116370285443
"726",0.793006256010241,0.27885899861154,0.0684985917465732
"727",-1.71676385764013,2.420632140759,-1.88328282123724
"728",-1.41697539272076,3.1248107625921,-1.05449451265383
"729",-0.39463869433495,1.03162484296039,-0.37080722101736
"730",-0.563760073410432,-2.97785859527901,0.873902175669754
"731",1.91207227829286,2.66939382859772,2.83854489979337
"732",2.18303607615623,-3.79306788138172,-1.31210973227904
"733",-2.51667269835325,-0.854451973101334,-2.43800129040275
"734",3.10722848175648,-4.4042362890314,2.47840998701606
"735",6.11257301465575,-4.57239526153571,-0.0247705362861639
"736",-0.122595660720429,5.91217579880207,-0.078635173139792
"737",-4.08881358606099,-5.10047750237607,1.85360498809945
"738",6.10630677601963,0.693379080429602,1.3602091041278
"739",-5.54038355970918,-0.492745015909731,-3.34343141099725
"740",0.139406939457461,4.82484651040173,1.63541848944397
"741",-0.749678178010235,1.21994175909503,1.63438330198637
"742",5.22390085537282,-2.93701814981494,-0.373715897841812
"743",6.11317076624607,-4.69068861165422,-0.51237624590281
"744",6.1061981590674,1.21590948457479,1.29984459827722
"745",-0.37508828044968,5.64694083038368,-0.0175491923102305
"746",2.2202740955842,5.04969583378932,0.616767291105075
"747",-0.344317989489002,1.09501847390688,2.33280667150722
"748",-0.110294158405138,0.722253097733121,-0.362124716538048
"749",4.03964014767408,-4.88776799189042,0.465499631713569
"750",-2.80864539153471,1.02187087483733,-0.726504235186469
"751",5.79751330667064,0.72111142233733,0.978522781125451
"752",-6.54426176188644,-1.2325473547115,-0.890030398292753
"753",-4.17103559826456,3.55517222390781,-1.30754494615593
"754",0.914228514485394,-2.84651461563209,0.0126052523515479
"755",4.50471128533193,1.42482846133798,2.50783227747155
"756",3.87131480545896,-1.57828648041948,0.447650416964997
"757",-1.50438648262728,0.942611032416236,2.78784660209239
"758",-3.33900172429227,0.956765334625111,0.0100741908663014
"759",-0.906441285857569,-2.16598885338713,-2.3205579426427
"760",0.973555385236797,-4.58190814630351,-3.16963830195735
"761",-3.2569238304952,-3.44598112397057,0.451489517813074
"762",4.30925554475366,0.0100226526103709,1.86587559101537
"763",5.18815647398885,-1.44953259306668,3.33891589931094
"764",5.15368603270294,-1.78630901347203,1.03800217159807
"765",3.0930537554288,3.02857312726518,0.667045653563957
"766",2.0788411930892,-3.4314899399839,-1.56690676716649
"767",7.18979060436479,0.745138132540562,0.209982586304061
"768",-4.85440180757959,-0.474950407833198,-3.34907486988053
"769",1.38916367215061,-0.474886654492591,0.229709221202847
"770",-0.481548571626525,1.55052253389586,-0.00284106685769252
"771",-5.69413451565908,0.350537531118026,0.0426189034643743
"772",6.33832800029568,-1.72249921282475,-0.837409184105569
"773",0.48190834146958,1.46318536399252,-2.88272504994662
"774",-2.34801468386858,2.90471852026677,-0.660603063829491
"775",-5.04793167714767,-1.26599991613947,-0.00153386787933741
"776",-0.988711376775625,6.06873569183524,-0.613355058166732
"777",-3.18712083138261,0.66782278279213,-3.20060343100842
"778",6.36390561114567,-4.48257489314113,-1.62103294617603
"779",5.20141345538031,-0.24807465419739,-0.714784298864499
"780",-7.01822797061548,-1.39846042960042,-0.685945668731803
"781",4.29461244706293,-4.7294690022724,-0.0189068420296292
"782",3.39672439462422,3.64490422111532,1.36106282763158
"783",5.3339447856947,-0.475424157046989,0.516242052847223
"784",-2.81826215462054,2.31172476323332,1.3799391111234
"785",4.67444243004935,3.12459130859956,1.43378822214181
"786",0.236691208761293,-5.26993726577976,-0.713569902365047
"787",3.65543290987339,-3.50399889272344,1.74804559629298
"788",0.421940263959954,-0.544673691364903,-0.683679556906448
"789",-6.9027211194904,1.30281801275729,-1.35014531452503
"790",4.53869794876298,-5.41281645181838,-1.32629404198745
"791",1.55663914632732,2.37674784266772,0.199678137938382
"792",2.35323696534848,-0.052808165291627,-1.33085760098268
"793",-0.627618497691654,-1.24402505894663,1.17270790595596
"794",2.18493107170544,-4.52436681320898,0.419978481568832
"795",5.23170308937498,0.720078899040369,0.0397350945024946
"796",6.28789352648137,-3.34594458041769,1.92333323454249
"797",-4.32732467340916,2.91513304189661,-0.780978160626534
"798",0.91546301612627,0.591490325101609,-0.0711932473329684
"799",4.71138955305046,0.964627614536271,-0.745432413167293
"800",6.0732110355004,-1.20098160260482,-0.00524916118915944
"801",-1.24626550421351,-4.63898393696179,-1.00904229719764
"802",3.43531790871737,0.350170214699176,2.86904336543669
"803",0.99497680666196,1.27347436345549,-0.24550750580218
"804",4.03079999805918,-5.62011948594074,-0.458531665957672
"805",-2.71336929582685,0.535225912886787,0.699590216807056
"806",1.65102795226353,1.42668136614588,2.47317065548269
"807",-1.26609290184589,1.08919137044598,-0.239700380637167
"808",-0.120947332646964,1.3424145843415,1.53050554743098
"809",-3.36032237272636,-0.476113605763194,0.0137049063721205
"810",5.33375572902946,-0.536165943140539,1.6259886242267
"811",2.16180336172835,2.92696022311163,-1.24661657404621
"812",4.82548821783956,-4.19573085668491,1.15234665229907
"813",2.02000182084696,2.20398175239676,3.3318467956836
"814",-3.06463542140847,4.78298653914923,-0.0170738581076333
"815",2.51751488957075,1.13852934153475,-0.368328755159936
"816",6.26821684418413,-1.52689834821898,-0.296866068523087
"817",-0.121540525159122,2.56602785725918,-0.593577165052177
"818",-3.97181117624087,-5.69293313308187,1.28799264105566
"819",1.91285911498291,1.48892989384986,1.37977994424553
"820",-4.65998873697518,-2.40179263665626,-1.87473748791353
"821",-2.64033382050291,0.00893847711667799,-1.05473895808209
"822",0.24572269202148,0.998431413722473,-0.691535298540066
"823",6.10660024768577,3.3838781276013,2.8384274685029
"824",-4.59702940181598,-1.41585283083354,-2.43460195470945
"825",2.87350991009468,5.48094426033051,2.91448721042419
"826",-0.816007280128552,-0.62050245416989,-3.20516662102592
"827",-2.59615403188223,-0.180613055390423,-1.67180048033474
"828",-3.46123864471611,-0.116717921598984,1.1489647700106
"829",0.564904445589876,-3.32829259554553,-1.61647548049018
"830",-0.395532725865453,-1.38865992886554,-0.347086250593904
"831",0.969736597909115,2.12895056140851,0.421349387340626
"832",-3.0463597632149,-4.88432540705231,-0.47975395119519
"833",-5.7011012677256,-3.31173974393995,1.08582380235695
"834",1.00304461144311,-0.207751370462448,-0.0567652507539809
"835",-3.36999308848076,-3.28868109110522,1.64931392569116
"836",5.13406302185228,2.29239297687535,1.19587555860552
"837",-4.37188669845625,-3.33230289744962,0.925404667427252
"838",0.918269050106194,4.09827961956932,-0.744398860346007
"839",1.88481051239315,2.20461157632076,0.679739139446851
"840",4.63833801787066,0.850732420321739,-0.715011008190129
"841",-1.31029260652113,-0.47292142738701,-3.23908467682606
"842",0.492951439742147,1.16650585176794,0.0146722917375792
"843",-7.02270474953897,-0.113724782790627,-0.362922994105818
"844",-0.680376416418488,6.00813997174058,-1.40935526506675
"845",1.9320090925464,5.95260146999606,2.39552713435967
"846",2.04253040727326,1.2312512356194,-0.0576902393389048
"847",-2.02602899037118,0.982079880156083,0.0054715984787713
"848",-5.32158199362124,-6.53748868934986,1.76277279295527
"849",5.10890827671585,-0.558262827313651,1.77628084781729
"850",-2.10811711831881,-6.0647302601488,1.33674623329317
"851",-3.32654913743211,1.83520686423908,-0.166990329055077
"852",-0.76004178143738,0.316182404795821,1.08093611880341
"853",4.09013630994961,-2.57439778005733,0.237110214647475
"854",3.66475634057111,1.00800549928098,-1.33552391431346
"855",-0.69045367496528,-0.474835067024142,1.28520964730181
"856",4.6110669195432,0.35180620619779,0.993534159605324
"857",4.69527105353127,2.84451687208773,1.90947192757639
"858",-5.03441185734956,-0.0309782646562418,-3.3136905298077
"859",1.8960633007368,5.13689463414748,1.6115489690069
"860",-4.30305331098859,1.15993246587564,-1.48039048738976
"861",-4.84860210280516,1.2889370246663,-3.20381398386329
"862",-1.31697738336107,2.75908205346038,0.605633015350833
"863",5.24687748522011,-0.742549128565669,0.144532027943059
"864",0.83290634602638,2.19302341088014,1.70073767166552
"865",4.77194103470293,2.12109713571594,-0.298439676881392
"866",-0.536093999201718,2.71915675771413,-1.06915754166269
"867",0.473808199645384,-1.25108428452289,-0.723102510946
"868",0.875028967587809,2.08305647917907,1.38357800405754
"869",-3.46250177089586,3.56456053364062,-1.61717423318519
"870",-5.90740159970587,-1.26600490706004,-2.94019746574533
"871",1.53128867331621,5.22499002579423,2.17338054739368
"872",0.220017755406446,-4.43099740197056,-0.0783703576960905
"873",1.52533088278761,1.23433812699226,0.213595116344996
"874",0.238869912514525,5.12364994578758,-1.32733583762221
"875",-4.40443895881556,1.27308405254692,-0.108255741769254
"876",-0.352037019034489,-2.16599404322305,-3.16112201671488
"877",-4.90429996535072,-3.76758687312687,1.64248754520044
"878",4.31339963821519,3.00363508837539,0.992850900097354
"879",3.14532203283734,4.60542939469182,1.529354262387
"880",0.478240995002411,-0.116453954929202,-1.30997763806206
"881",6.85228148826279,1.9778903453979,1.45342008078751
"882",2.35466808074482,-4.18077184676217,3.33599793375496
"883",-1.26729812994822,-4.44749916493529,0.203734853399314
"884",5.64916529074006,1.33739884386666,-0.000313954102189427
"885",1.96886401861351,-0.0399627993658661,-1.01003740322765
"886",-3.97131736628122,-4.51290792112793,0.182519606598842
"887",3.7003148278488,-2.9395576063986,1.8956523537693
"888",-6.4785237864907,2.28734199080939,-3.18925858194536
"889",1.897613443698,-0.246168708706838,0.201773721778279
"890",-0.663904518348948,3.50400750115075,0.649993418339633
"891",1.0485416150654,-1.47216793003925,0.393048890545654
"892",-0.780230965967431,0.721053826837243,0.206659696552404
"893",-0.849833289610037,3.07432886064002,0.444852622927611
"894",5.85474260620436,-1.25005867416297,-1.06588570727102
"895",-6.16442678677618,2.09403012226119,-2.83509060117281
"896",-2.80197541866691,-1.18371328250154,0.417919777756565
"897",-3.21489705714317,0.874972798664944,0.676428733328214
"898",2.32813478401325,1.79373562240918,3.12938845432091
"899",-6.3961931130105,1.47965703898245,-1.05562860635367
"900",4.46647066099254,1.00835849798648,0.616798129870418
"901",0.773095017491611,-1.40757982431147,-0.811562313002386
"902",1.49703992455296,-3.59044333719236,0.996536595385284
"903",2.82221838569073,-0.539813484295698,-1.68470154447362
"904",0.169397404502965,-5.51000465961684,2.80470819968557
"905",5.39394226650581,-3.58977463543448,-1.69861012403264
"906",-0.930449261688937,2.75884136815245,-0.326487333492806
"907",-1.48541065713114,5.37912068455463,-1.60328220349477
"908",-3.60121021783537,1.08446676617692,-0.000376914244254564
"909",-3.35548475019812,-1.04413603126318,-1.32697541019978
"910",6.67166315973315,-5.70264537145808,-1.61084658779832
"911",3.17429424863128,-3.44813711009064,0.415787257638714
"912",-2.86800808278703,2.91147380101727,0.99910426433202
"913",0.640695120121338,2.65331050052533,-0.337105965986265
"914",-2.46065062167602,1.58828395501621,-0.511500044549852
"915",5.87274092188245,-0.519603624962316,2.15568795109368
"916",4.79439307779675,-5.6768999951056,-2.32133999919133
"917",1.01660846872739,2.04904232242554,1.36179833345038
"918",6.00906057735021,-4.994917629568,0.393534440084925
"919",2.0585637705508,-6.06540723581099,-0.235772564381223
"920",6.83320067095498,-0.154519046993284,0.0448180555081773
"921",-7.01904096690819,-0.476205379305661,-1.35885719899447
"922",-4.64557696717775,0.35312014961999,1.38579300845084
"923",5.3116770119977,-3.46902768504508,1.54787322164918
"924",-3.31446858689886,-0.582129901245569,-3.08816596951851
"925",1.90738269368368,-1.46802930838347,-2.470306253705
"926",-2.5968222436266,-2.14677396691763,0.621586136063679
"927",5.08329310288635,-4.47370401246554,1.04029430833609
"928",-0.825017984647059,-1.11514134061916,1.37987540932397
"929",-6.53101102281041,2.97872568225035,-3.39341259532562
"930",5.34761454536768,-2.1629997404471,3.18550600942688
"931",0.131026025148828,2.91482449194032,-0.286958816599806
"932",-3.98040395991255,-2.1483321334678,-0.251065000172581
"933",5.23162198905398,-2.87278949227146,-0.975751159790997
"934",-2.30901684260084,-2.96909608092654,0.63483114639282
"935",6.11113386543922,-2.13978677279885,0.635174624920889
"936",-1.7444096127708,-0.864028298632218,-2.41676771541317
"937",-3.50941074029902,2.79620557903257,-0.33660472829178
"938",0.640465957361734,2.09606421451053,0.197285829307557
"939",-4.35546877936881,2.19331655144574,-1.20087237031453
"940",-3.51368780969073,-1.21871345833334,-2.8109244325967
"941",2.48521280452804,0.219925890215953,-2.01478895283711
"942",4.52260794798604,3.39190463509455,2.63318952395379
"943",2.0705439690162,2.29204789550259,1.76979712017078
"944",5.60910206807382,-0.53483673624115,2.41245126025004
"945",3.99262408035648,1.49503466020638,0.539456666346455
"946",6.74740298453751,-2.24568158138009,2.19027838688203
"947",-0.951681013974673,-5.8190001576417,-2.43119443550002
"948",2.2754948430241,5.85482361488938,1.5229864392849
"949",6.27113719484059,-0.714989426405687,-0.615039355569759
"950",5.21295485541981,-2.97687195574629,1.72492929039042
"951",2.3379641837389,-5.7596377263363,-0.0283794883755134
"952",2.31396609633171,2.04032009146032,-0.726326799229048
"953",-5.72479059511192,-2.35171611615618,1.56780018551623
"954",-5.12110874630859,0.659244507855993,-2.87782350513804
"955",0.949341143993758,2.97541154466819,2.73182151082083
"956",-0.647571760497655,0.507378996520452,2.51483625760235
"957",-2.76437314339287,-5.08997790532984,0.206965553386944
"958",5.3472906265722,-0.595959137095294,0.650005063337048
"959",6.07382868556642,-0.21438041093024,2.86425423724476
"960",4.49945718145308,-0.0482779335624142,-0.704917580096571
"961",-2.78884882736899,-3.28777832325877,0.904037608777257
"962",-2.65980967799772,-0.382771464562649,0.616795286986182
"963",-0.851499401200123,0.775331818920239,-2.87714878959138
"964",4.00868185990792,0.279338401628318,0.463353541906357
"965",-3.97625581059394,-0.812993182058407,0.000983005849987434
"966",1.05006452980996,1.59407625623784,0.608943032156278
"967",5.24317589985182,1.48588509586119,0.832557216815209
"968",-0.401613468466739,-4.85006660612918,3.21694856896685
"969",-4.30826128848664,-0.579570479632494,-0.374436878824483
"970",-1.01945221232033,-3.26933789739883,1.63344324345416
"971",3.34311912926728,1.94434477417657,-0.381558498383454
"972",-5.32420902489408,-0.543816456197978,-2.09058261199163
"973",4.78540612736744,-0.58523956706176,0.00289112986514784
"974",3.88152295075865,5.2719320861685,2.40612067682932
"975",5.16522297893961,-2.74277363634781,-0.560195867063383
"976",-4.63921466134001,0.284398654270135,-3.07570393577373
"977",6.13532553170681,0.405504718076968,2.47741880060816
"978",0.115763482957917,-2.06311808805508,-0.00850313574512561
"979",0.90640928233205,2.51649553994071,0.00918037626664333
"980",6.05060952269966,-1.49615082674635,1.36591298846834
"981",-0.446715053719013,0.724001084507236,-1.61542523305949
"982",-3.53333223359595,1.22192859552474,-0.714250308401645
"983",0.618392918267607,3.99937295041155,2.86752761759592
"984",-1.70985978642393,0.672744992791507,1.37981334362131
"985",-1.55445015463436,-1.70285337565289,-1.33511646022839
"986",5.33433205740704,-3.76472745775457,-1.33883363295266
"987",-0.597866363256853,-0.263319494569002,-2.14370789992721
"988",6.07722525717785,0.711350787829118,0.170142214506172
"989",0.455600394221528,-0.250048014969935,-1.19840032453714
"990",2.13951865775619,-4.95658182494951,-0.732897746966087
"991",-6.08794048997503,-1.17775576915601,-2.41616177989856
"992",6.07008823871525,-3.54623260529075,0.602846668442232
"993",-4.00161421640303,1.18949880452251,0.39342927284876
"994",1.26578072750246,-0.204617097167672,-1.6171440227846
"995",2.79707702034157,0.425617098799797,-0.0562066514722606
"996",4.71186646802203,-2.30768065719813,0.429160004000948
"997",2.49441147321913,3.60287214096323,-0.763250047033656
"998",0.915035920508635,0.305964144962308,0.634509786054201
"999",-0.37979317128053,0.0183207709267078,0.424249520853421
"1000",5.40838255488327,-0.545685750801107,-1.08625288198996
"1001",3.08703244746581,-3.14095952050698,0.00260996190714934
"1002",0.603948196710501,-1.86332821685822,-0.351881384949775
"1003",-0.685864215343946,0.968717047551686,0.413589676974743
"1004",-5.04340924408935,-4.49600571501364,-0.462072240349864
"1005",5.61861147791628,-1.49578375600842,1.70004712584447
"1006",0.129996211496693,0.00850151518132611,-3.38632771482292
"1007",3.33150249392283,2.7630534400374,-0.370133045820065
"1008",3.42409378186741,-2.14709652758065,-2.30638736406854
"1009",-1.84042295157702,1.03734829912285,-1.06661325879259
"1010",0.34894406894493,1.46041737977016,-0.278236203082094
"1011",2.33428778486075,-1.38865595468596,0.929891665557315
"1012",6.05916985839892,-0.503213563019146,-0.636095740718688
"1013",3.90086385999662,1.57012432944049,0.131323027823183
"1014",0.466608229114079,0.462250173927448,-0.285119370856734
"1015",-1.69398433096255,1.01523033968807,0.685583216818883
"1016",2.33998511980971,3.0000354450114,-0.71396403951281
"1017",-1.65002414053973,-0.255821365167497,1.5296066575699
"1018",-3.65068915647096,-3.18137564957727,0.56605452413432
"1019",3.64690346300136,-1.14480515149424,-0.238514820271916
"1020",4.48826395839679,2.99765995899298,0.695636342858799
"1021",7.33903518474845,-4.40076935012888,-1.68069027906306
"1022",6.63952972187973,-1.18864905686802,0.205514834764968
"1023",-6.76564527771925,-4.38916238660647,1.19406775117005
"1024",5.22219298898986,1.55352824165022,0.562810307810839
"1025",-4.91143185589228,-1.79571036349262,-0.542943008797563
"1026",-0.113656723653682,1.14007362566332,-3.07987172512349
"1027",-0.493476468955626,1.22365580528672,1.14918465513997
"1028",-0.137958963448915,1.42599949917653,-0.0483705502410208
"1029",-1.86497354957332,2.9827092275711,1.2125765950049
"1030",-3.16944344786544,-0.278879759769369,0.601712364794559
"1031",5.59692743113827,-0.603649553623087,-0.807598682645209
"1032",-0.111930953887155,5.10358726394844,-1.33705935222662
"1033",6.2943884732687,-3.00461184849221,1.12543647144737
"1034",1.09634699748277,2.20019491379246,1.55437122320114
"1035",-0.723723697208952,5.6762958986847,-1.62105067716724
"1036",4.56348761773267,1.74526871559098,-0.410515103001179
"1037",-5.71608582987993,0.0784134808009935,0.729594357221754
"1038",-0.714374741088052,1.60641268344231,-1.23548875398882
"1039",-4.66192689592405,5.94348290093332,-2.86574364157626
"1040",-4.17047782124869,3.17400844407932,-0.728286781842727
"1041",3.34613212283662,3.14664813634472,-0.421580653636352
"1042",0.160753411242713,-0.61744022475929,-0.748765444236197
"1043",-2.10778362829319,1.75945955742579,-1.92051976721188
"1044",2.03903440064338,2.05722672385356,1.29551138204423
"1045",3.34603000969607,-3.63613349748767,0.445930259213062
"1046",2.34874550934878,0.764762581631019,-1.328723298301
"1047",0.683462037128831,0.714769795924327,-0.733057830966315
"1048",-0.590091974735118,1.26668617192973,2.19640921346637
"1049",-2.81343436019695,-0.921600499797589,0.461252057013267
"1050",-4.66545716944782,-3.31127917465707,-0.902256478638891
"1051",-4.08753204380572,-0.430343193837452,2.20455811416598
"1052",6.78662742462922,-4.50668976038464,-0.545359106365913
"1053",5.32587371235962,-0.854334560359484,1.5086589276959
"1054",-1.48593135031936,2.11209860289825,0.365940927569859
"1055",-3.45803136822162,2.07150532928545,-1.0663902875377
"1056",3.57227478024901,2.12879135265406,0.0153032567273644
"1057",-4.16896413939452,-4.38493774830352,1.37325799368176
"1058",4.49978643654155,0.426957806825106,-0.590666653238233
"1059",5.64962744900102,3.02733505689252,2.81761218129488
"1060",-1.45323957223947,-0.242889061706785,-0.170639074237684
"1061",-2.89617260642095,-3.78601849075662,-1.09391030868534
"1062",-1.47457504292621,0.558464872022878,1.76947455936167
"1063",-4.59621094399651,0.179043714030855,-0.630964681292669
"1064",0.799595813975728,-4.57798812997778,-0.010094237562749
"1065",-1.6230449191953,-3.32785185038609,2.54463831002921
"1066",4.15836065760749,-1.28311965229679,0.930173028134152
"1067",-4.09222385854086,-0.173493178956796,0.468684443966494
"1068",4.51248188956389,1.05444535418941,1.7986185832234
"1069",3.52332373582799,5.81516424764072,2.54132158378491
"1070",-5.71683907041867,3.02806844604587,-3.08624322033519
"1071",5.33127302356977,0.0166430981690575,-0.735571937542115
"1072",-1.73542374048943,-0.51207149733227,0.693844512662925
"1073",5.38496132562992,0.0204973737593503,-0.248506728973881
"1074",-0.564777545771865,-0.85489122147575,-1.06617456329674
"1075",6.23242776136559,-1.24269569591084,-0.513498716665054
"1076",0.911893527673769,-4.17226365277708,2.54329959133584
"1077",6.2946990019011,-2.70785697715712,0.87520060053175
"1078",3.13399156349693,-0.622111242715386,-0.354986787711039
"1079",-0.839013417356814,-3.60429269245005,-1.6164295062337
"1080",-0.67206875263089,-1.4867942603936,-1.33462150617105
"1081",-2.43241241713278,-1.82388918467668,-2.87681647330066
"1082",-0.662786080532667,-0.638939760211878,1.32939567325051
"1083",-0.707098512224216,1.63161721770237,-1.67321558161529
"1084",-4.66856962754888,5.97758506203671,-3.16645612399366
"1085",-1.47928306383549,2.0907356824669,2.80383784292127
"1086",0.866658294569584,-5.2582306408296,-2.320662054833
"1087",-0.028338063265603,-0.621080580633901,0.0383384723837256
"1088",0.487463181557008,4.98523079884598,1.2993873534334
"1089",-0.532493400101359,-3.8079899208454,-0.43246178949967
"1090",-3.47954873227683,-0.984646243298469,0.338062141268996
"1091",2.32743145339263,0.964930960429008,0.457214345969273
"1092",5.43704047100664,1.36790243842692,1.92631484357993
"1093",0.694889251315902,2.07991318527094,-0.136428742517942
"1094",-1.24264417826017,2.20554366545974,2.45920062148849
"1095",0.930309166838734,-0.467424449456697,3.26675069439073
"1096",-5.04319061093716,-0.836026778267402,-1.0358842614351
"1097",-4.35884595818932,1.27385192764095,0.0151179305416668
"1098",3.269637439179,-1.46493351768784,-0.169334390215483
"1099",-5.1053054600452,0.863116152391013,-3.03017756962865
"1100",-1.18725211607361,5.15240627528423,-0.00100252921821549
"1101",-1.46397403837105,4.58980559415579,1.15456671325187
"1102",-5.6764565510412,-0.151601898782383,-0.207500848163796
"1103",-2.13178481635382,-2.2647497783493,0.7117876335149
"1104",-3.35690762546977,5.57135312668328,-1.43106754058836
"1105",-4.16946915906361,0.817085263360365,0.680608792447383
"1106",1.06935552137049,2.04627867592005,-1.32728893924803
"1107",-0.601285949870318,1.27320175855057,-1.60970282628393
"1108",-0.689375054475242,1.79214711979348,1.16104089479129
"1109",2.3535047201365,-1.40891383609882,-1.72958118301988
"1110",-0.376276053031013,1.36091781500632,-0.555593157272428
"1111",4.68776361709337,-2.57221734340722,-1.34000682867651
"1112",5.36409009602712,-4.39619502986397,-1.57223446141805
"1113",3.09398180836141,-0.55268913652366,0.00614402208357893
"1114",6.483842006472,-1.78412727390359,2.48075161144798
"1115",-2.16134610481235,-1.25934721216725,-3.15409594824499
"1116",2.09358848720287,-3.43598309440534,-2.97992750235279
"1117",5.05677107119531,5.03525979075814,2.45928221662927
"1118",2.20039662655996,-2.5873126817331,2.46698042347256
"1119",7.68696370850491,-3.54672517141371,0.462800166023258
"1120",5.05329014236439,-3.90142584835539,-0.164283664637811
"1121",4.68656179961963,3.72715307494612,0.208335201845846
"1122",-3.54864480449924,-3.58569678274299,-2.98726012727804
"1123",3.00654602874378,-0.144159371414641,0.438302585345311
"1124",-2.46627925426492,-0.208063383010729,0.740251850698716
"1125",0.47891470164184,-1.99679691962617,-1.06913483554848
"1126",5.58077416990427,-0.0216784763349958,-0.0837184654981486
"1127",-2.78122732576625,2.20558596139499,0.720362793613379
"1128",-0.964792790409362,0.426269335663623,-1.80444470649169
"1129",4.02210830578211,-0.545171039048594,1.89332189999061
"1130",1.90313492268253,2.13018761954615,-1.91422936702578
"1131",-0.651979576727897,3.58402135486339,-1.40935534123081
"1132",3.59523477878081,-2.38220444558743,2.8261136955584
"1133",0.904030406433418,-4.80223566365965,-0.102699646961105
"1134",-0.382290814031051,5.39810185487899,1.6325095791529
"1135",0.796908108258262,0.0808083590091499,-0.629575831377575
"1136",-5.03804160518418,-0.121489878744101,-0.302484496434764
"1137",-4.16984626482294,-2.70841133380262,1.52579357590907
"1138",-3.48712464999331,3.10292774111066,-0.69552172208181
"1139",-0.824406712843901,0.572196954322429,0.423421765675415
"1140",5.33168119029701,-3.78756212199625,-0.338122716923082
"1141",3.59581046639173,-0.530143701888604,-0.035589502316046
"1142",-2.43029688950141,1.22629915740796,2.78983955040321
"1143",5.24956949619449,0.655977236580436,1.01287387343998
"1144",-5.86584409130805,0.999570314897225,-3.73095033375538
"1145",5.08546912017873,-3.33209316993163,-0.66035583754148
"1146",5.75623490965583,-0.592605980613972,2.41910839856985
"1147",-3.33100392190697,4.96346021095498,-1.37239451696697
"1148",-0.396084205111294,-3.00221282082383,0.00551518791993833
"1149",-1.18950118592992,-3.33063994297034,1.93886363737229
"1150",-2.45780355999226,-5.75859617127371,-0.247694394942977
"1151",-0.714767168321684,0.078039962880495,-0.030967161199552
"1152",-0.125002179554394,3.46339258974148,-0.779694714422872
"1153",0.532654103479872,0.0458878035795689,1.77328866845318
"1154",6.29428388538939,-0.47591678263649,-0.300479290825909
"1155",7.56380920113721,-3.30820031813524,-0.807446536091001
"1156",5.9334998122094,2.32945598012165,2.34197409160513
"1157",-0.968373034052928,3.8051388262997,-1.0761293043732
"1158",-4.13179968376032,2.04887335285125,-0.648238038100521
"1159",4.81293752674637,-4.39337419529209,-0.355696813697462
"1160",6.4698264814245,5.51909076869791,3.25173118226233
"1161",-3.36989445669126,1.50465433841963,1.1996245808965
"1162",5.88945096047797,-0.839388460514524,-0.0443432423722725
"1163",6.35130011260524,-1.2365321587436,1.84041629424922
"1164",5.25162622063269,0.94095827832246,1.72803923203484
"1165",-0.0146869559484594,-2.8852244365554,-0.00499660804331099
"1166",5.33293399208934,-1.71733722202252,-0.245402214540202
"1167",1.32504898360332,-0.885181583827172,0.71242032470001
"1168",-1.74451501523934,-1.80095777457013,-0.139009328408451
"1169",1.83182419683939,-3.33228022362408,0.591660276609541
"1170",-1.48039863117971,3.38343706814585,0.0140447218483582
"1171",-0.671327354664548,2.06355361328607,-0.790538778664064
"1172",-1.23851213000388,-0.0132844709925611,-0.0372931555175723
"1173",3.15206019521871,1.79501739058912,2.86882434715673
"1174",0.659986421689176,5.10517832602303,0.38703087980719
"1175",6.87321533016399,-1.38870011333196,0.563977684430086
"1176",-1.75104028688863,-0.00628951683110368,-1.70107743625436
"1177",-4.30653081630263,-2.48757249559661,-0.00425747199644229
"1178",-5.29963308122808,0.634442054127096,0.0376654486811964
"1179",3.32108395010808,3.0557815895671,1.70026287560756
"1180",-2.71468661954606,-1.02088406908448,0.605829810448982
"1181",0.215287581157287,0.808413242770097,-1.52468122897542
"1182",6.27920477004278,-3.29768933129893,0.45438423864692
"1183",-2.9315245774842,-0.567757480121258,1.1955228944471
"1184",2.7930105861276,1.08671947979819,-0.859602436552726
"1185",4.49885253699101,0.0582907684347634,2.86623798362888
"1186",6.66591185233049,0.424744804840318,0.16653604625627
"1187",6.83255514001239,-0.263477597973251,0.717205799084189
"1188",4.76525619573204,0.0902625449803807,0.924404401110428
"1189",-1.2863282185801,0.673392018846534,1.87528157289371
"1190",6.04481453767009,1.18728126723704,1.5506502495504
"1191",-4.17024786182939,3.12508627069714,-0.292143228785824
"1192",2.3390306322435,-4.18079709847672,-3.73631729175279
"1193",-4.8976262508657,0.729180377506603,-2.85740241760455
"1194",5.22400707281286,-0.0478764772954797,-0.247942095239224
"1195",-4.03473894059058,-0.712582208625159,-0.431052651511695
"1196",-6.55634297388464,0.656142314739943,-0.460169121269888
"1197",0.982563012481464,0.708811314816222,-1.21602713851749
"1198",-0.703356367103683,1.22424470466158,-1.67368149920851
"1199",3.49668391468384,1.59157150266302,1.75651893674768
"1200",-5.03551694136402,2.62616426263885,-2.40913659211499
"1201",1.73101246147593,-0.474032363420513,0.206853397997623
"1202",-3.07182036802858,-0.789359359087223,-0.177551584947899
"1203",2.72071803613586,-3.40455205922235,-1.40772371509963
"1204",6.1133046370667,-1.38876990010809,-0.245465016217824
"1205",-4.16946535774124,0.773558691477813,-0.0676134812098534
"1206",5.08176356737785,-1.06651689608269,1.13496599059549
"1207",0.784892342399016,-5.05829277659031,-0.362149358076922
"1208",0.149914766389007,0.868533495273099,-1.32756783296979
"1209",1.96417624547396,-1.71674089556148,0.908124527666941
"1210",0.973733863196116,2.0897920307758,0.897441447382375
"1211",-0.656301494207356,0.278246084576078,0.94514653865031
"1212",1.89574333974218,3.68341163947461,-0.601392564383291
"1213",-3.02018703869008,-6.79058123102122,1.87879824518098
"1214",3.93404425634696,1.00941070261881,0.0728033110455099
"1215",6.0670695241924,-4.40435949031449,0.859788891278328
"1216",4.00969396625776,0.116015690659723,-0.914927807948509
"1217",2.21275442851537,4.48256724141799,0.146827883965614
"1218",-7.30667623440282,-4.18521339413529,1.73565191171622
"1219",0.639555530461709,-0.475658358794002,0.993542822739261
"1220",-6.54392004716672,-2.54434691941388,-0.0789187744277826
"1221",5.33201682469779,2.08583003910544,0.393533876022201
"1222",2.34905291901154,-1.24220354315649,-2.13051206888531
"1223",-5.31229057959684,5.42162296843573,-3.31730996980971
"1224",-6.13654937710472,3.15599306934115,-2.81726622571569
"1225",0.974020996054368,-1.42995112511631,-1.08587101226212
"1226",-0.752577426295809,-5.06552890424357,-0.600007261175987
"1227",6.14236112456417,0.350076908614039,0.00777850385065698
"1228",2.93880291008021,1.42513861135496,0.555369888087846
"1229",-3.46290888109058,5.98789029512139,-0.914403932150297
"1230",1.91766761823725,-2.7088605372674,-0.682456496846261
"1231",-4.11442231614432,-0.817626967525261,1.15194026765054
"1232",0.204476126696956,1.30684694586775,-0.708142935786398
"1233",1.60604132636725,-1.72480254499291,-0.688699428319313
"1234",-4.16902196975327,3.12884561888899,-0.809946187455136
"1235",-6.23373130880784,-0.426197461609865,-1.19855019753987
"1236",2.34022086081983,0.692172776236113,0.0188494419209875
"1237",1.20051422744447,4.60004852666986,1.52596647167153
"1238",6.49125580330727,-6.03450261437882,-2.52611071141258
"1239",-0.947640098855226,-1.21121073382466,1.77450017311466
"1240",3.57735023959716,1.54411495740638,0.197272383143497
"1241",4.67278397638067,1.73606340107564,-0.216087787670042
"1242",-5.04694402713185,-3.5878725885442,0.930700091194059
"1243",5.88947896909025,0.663729455827973,0.929294719817018
"1244",1.98671188993613,2.68769120000191,-0.775142187280571
"1245",3.69356607511205,1.23625149163018,-1.19887075082051
"1246",-2.81820566555694,-3.8962866682233,-0.817206900124357
"1247",6.02305431873891,-0.70472982372414,0.64630216354783
"1248",3.59707229290819,2.62568587489313,0.199041432758757
"1249",0.214446347734012,1.27306545326826,-2.55172843220403
"1250",-2.46614968853062,-3.45800392329649,-0.522200250503052
"1251",6.84260027404085,-3.33801831740539,0.19942747713169
"1252",5.09709513517452,-0.451721463507337,0.410508078269688
"1253",-0.711652077347378,-1.16963035231203,0.836722002689471
"1254",-0.7185291476949,2.28427554525534,-1.28177470633448
"1255",1.96955435853222,-1.25225861979267,-1.33112772118163
"1256",-0.292225908295311,1.71437502717672,-0.694036680165492
"1257",-0.371391288878931,-1.74501597667152,-0.185289249674786
"1258",-4.17771137298546,-3.42854862900157,0.861676328526716
"1259",0.78063812983888,0.336366122038908,-2.18320852707375
"1260",0.0893620827854143,6.05916578932475,1.75628828386975
"1261",3.85123584493878,2.73734326381798,1.5329342783388
"1262",6.65701457355125,-3.41919118163207,1.59030613708855
"1263",4.40152993398468,2.28513838607494,1.03797644702521
"1264",2.35821394101351,-0.416501881638665,0.199608499266733
"1265",0.231870187741432,0.588919619783194,1.31378029142375
"1266",-1.48292645163534,-0.823267124525947,1.38509480220538
"1267",3.5785841588607,1.45646245104646,0.426576088988733
"1268",-2.86711598244366,3.13668076908022,-1.43453211004015
"1269",-1.47984143273483,-0.151626135697124,-0.754602101152932
"1270",6.46901329629516,-0.896183180449825,-0.244526628909545
"1271",-2.38808776399991,-3.55490353579793,0.893661232031623
"1272",-2.04095533038924,5.7299620277626,-0.715022372951482
"1273",6.83898582623994,0.272734400308665,-0.0717360515320848
"1274",1.64201840230882,5.36622580109664,1.89512983626116
"1275",3.99921870884947,-0.353031994120015,0.194966485103921
"1276",4.02082487807594,4.0996328194239,1.3068341042351
"1277",4.02261085155166,-3.58383296672686,0.53563599427572
"1278",4.32079765985718,5.93649066029836,1.63616136657632
"1279",6.10625219706246,-1.51141193644533,2.15173462224971
"1280",-5.75725629270822,-1.82795116640749,-3.2010688034859
"1281",5.05364339065788,-1.21202468272,0.622251843334138
"1282",3.59785602319931,-3.32380236502318,2.79525270561455
"1283",-4.69155510809393,0.57754384718876,0.721058309840165
"1284",-1.48526695133461,2.04897317307738,2.42109464363488
"1285",3.6300179648783,3.09396681678415,2.46835981290974
"1286",0.918066366923482,-4.5755725228657,0.992955998586374
"1287",0.859461666970445,5.0266480478881,1.92345239791018
"1288",-0.387644475180263,2.80816638283625,3.09690239268346
"1289",-3.98939313896055,1.00942619515423,-0.555492195211082
"1290",-4.32158868524982,-3.5094243563642,-2.16343422706572
"1291",-5.4563646736242,-4.58159929181332,0.414242706348533
"1292",5.24805467152005,0.0831795587212738,1.7730413079925
"1293",-6.63127794616383,2.08820697316479,-1.45885390161633
"1294",-0.69939540423387,2.97363013895841,-2.87750411215638
"1295",-1.18649719808615,0.641245275332379,-0.000694707184592688
"1296",7.92689087177383,-1.49438169207554,0.00691084924265672
"1297",2.29102147632503,2.04909712057456,2.0606679817446
"1298",1.03466484376206,2.85471647417824,0.444852999159148
"1299",-0.697844331545826,-0.610641764868321,2.42718920041023
"1300",-6.13288121970816,0.425400914447116,-0.735117285038016
"1301",-3.5359525363041,1.00752099997258,-1.36654023849079
"1302",5.25463324523499,0.964500692870343,0.66396645416498
"1303",6.65149266627794,-3.27009566254659,-0.730658826158113
"1304",-6.15220058520504,-0.550595566228374,-0.535323684897264
"1305",-7.07613391747826,-0.49657789076467,-1.2565365494603
"1306",-0.68560535041378,5.99696124976797,1.27881752991135
"1307",4.20679929939392,1.46730940462773,0.437162944000657
"1308",2.80324564750003,3.12575410664166,-0.727135396674602
"1309",-0.0869986744373511,2.10662943259469,-0.800756604398724
"1310",1.70187047024142,1.22434200188981,0.390948738299125
"1311",-0.774303097982395,-0.139451788636346,-0.459106610934423
"1312",-4.11758575109403,2.04913021400693,0.0147577394007107
"1313",1.12827420025271,1.2151995586225,-0.444616327923325
"1314",-3.53448266521613,0.536965270002181,1.70091993412975
"1315",0.893922520029011,-3.58826270487044,-0.722873406418608
"1316",-2.81856297403222,-3.79691527563374,-3.34719135665602
"1317",3.10546703279967,-0.368732614129042,0.67808438095972
"1318",-2.44470382175321,-1.41258821489021,1.81105778737204
"1319",-0.922615703905902,0.993435408704687,0.0364127221926781
"1320",-4.43053103859035,2.16270808350078,-1.72776094594392
"1321",5.34740744230152,-3.50795777711158,1.15072300915854
"1322",4.71223909547138,1.22993564102709,0.459166631897356
"1323",5.33269935664155,1.08925620838435,0.579077672296859
"1324",-3.09794038475448,-0.711209956683678,-0.033795688720411
"1325",-4.17057639394129,-4.2054609219527,1.15002236381296
"1326",-0.86478960919913,4.94149215016725,1.89373813865144
"1327",4.50326392879736,1.01160621776073,0.66953812159021
"1328",4.57366346750473,4.02316604629401,3.22671618801915
"1329",-6.90791319414567,-2.92244998996681,1.30001034864524
"1330",0.563771115796448,4.18799728676045,2.80291330487851
"1331",-2.40601593371867,2.04896406289814,-1.46592742151196
"1332",2.81241310902966,1.51842248706203,-0.80815443063259
"1333",-1.29215758503335,-1.23119525850811,-1.53682211688614
"1334",2.18635706237523,-0.52937030868237,-0.269547632223137
"1335",-6.53109322925472,4.44558907563304,-3.25178735977243
"1336",-4.11485425910591,2.73792819855722,-0.8336385157331
"1337",2.77734383306229,4.61275658617209,0.442931628919182
"1338",-1.47403038151468,0.628024643676907,0.121865466439762
"1339",-2.371075607985,-0.372916661037579,1.77016816936957
"1340",5.22466442076236,-0.475154051309441,2.97698119828836
"1341",-1.33225482899695,0.886090923664027,-0.0180786939623408
"1342",4.1000387317062,1.58407154996879,2.48264368398922
"1343",1.89749132445138,1.22879379339381,-1.33923013367201
"1344",-5.34795183091697,-2.08091932646592,0.377940708876774
"1345",-3.88383410132257,4.10265134841426,-0.766304030562252
"1346",-4.22094635569698,2.87741229545047,-2.87013077065661
"1347",2.34343543417742,-5.7011550618248,0.930061141784257
"1348",4.2125313382222,-1.46029466050134,1.9025190791041
"1349",0.492734703567844,-0.11253696821122,-1.33974202112565
"1350",2.80016425845924,3.16647943375729,-0.779441872339892
"1351",-3.50941415418054,-0.144022806265223,0.926357852968396
"1352",2.41553769425722,1.341337518012,-0.100383662292787
"1353",-5.88957329813159,0.425864331492767,-2.87190319214569
"1354",6.0679322030052,0.87023144549551,1.38259712664389
"1355",-4.06964060615237,-2.6476471057534,-2.37803240502539
"1356",0.182288018423761,1.25501700109904,-1.64272493839449
"1357",-4.63700693380808,2.26207825881161,-0.665034649364825
"1358",-0.354123545173112,0.727141290738855,-2.87760667185387
"1359",4.19575203391519,1.20678348542593,0.931519092825155
"1360",0.955225994014519,-0.797747509509662,3.36289100151655
"1361",0.917843476972008,-1.20964935270534,-0.37640372921439
"1362",4.7333894767452,-3.69784369005902,-0.342284383887022
"1363",2.33806813914241,-0.686321375721844,-1.39460151410915
"1364",3.34704682063712,2.64842563372267,0.0465406938496243
"1365",-3.42732250899314,-1.21138000424309,0.16173687893474
"1366",-0.985832985888503,-1.27362024276978,0.676480676273988
"1367",3.34677541493861,1.42409282442259,0.529198280033246
"1368",4.33503737024133,6.04696738071867,3.5283057389179
"1369",4.01584733717226,-3.63484034961683,0.746469994302498
"1370",-5.05262772707579,0.873584389212687,-3.1837475268837
"1371",5.54539144892097,-0.610336052177823,2.54778510523352
"1372",-6.52162369506012,3.12486869130474,-3.16842921927626
"1373",1.54763494855028,2.28410340007675,-1.16716888469488
"1374",-4.16948579115079,1.22164415019046,-0.503253570075865
"1375",-0.701522102622784,2.78966952390309,-0.598808391567912
"1376",4.29022329416332,-3.80514541960284,-1.50362756131557
"1377",3.06794297428373,3.36421118335585,3.6053226395236
"1378",-3.98457574289327,-3.89311149402756,-2.85754539213918
"1379",-5.02058312394193,4.10086431562645,-1.23950435829989
"1380",-2.35153014465778,2.86812735484131,-2.64340387638429
"1381",-1.8313479362714,-1.78427138662978,-2.55592947816122
"1382",0.857246445066353,1.74036908643296,-0.0153671320628045
"1383",5.79058809457387,-0.289434778649359,1.81503448098675
"1384",-1.6058569067423,3.11234373171982,-2.28763977872595
"1385",-3.3382331159532,1.42545883904355,1.63614382295253
"1386",2.99140135700139,1.2732956289582,0.114688812861179
"1387",-2.54799886206849,0.0524119941471741,-0.802604767538821
"1388",0.811226212140281,-0.11990575286413,2.47141528709133
"1389",6.83412850421164,-3.9892242484193,-1.3264328353064
"1390",0.931318265686129,-5.40890024962033,2.73534062726518
"1391",6.14004473717717,-0.749473264354127,-0.600056363378156
"1392",1.93866090493694,-3.59002176914802,-0.756795470232746
"1393",-2.48006692719803,-3.31620902175146,3.35268077964049
"1394",2.3583205177686,0.0113640861548227,1.20376853215237
"1395",1.96162050151373,-5.33233705229821,0.563073201106132
"1396",-0.943849908359919,0.643197783719802,-0.249090316259128
"1397",5.33414217886639,-0.443145582171767,1.66073520624705
"1398",5.18284698395881,0.673701665129769,3.40941623977454
"1399",5.08779083114914,1.07858792407164,1.15160145081338
"1400",1.12220787139115,3.67976925762545,-0.375794125159009
"1401",2.29517878985012,-1.8960623144216,-2.4207334855955
"1402",3.83388860261688,4.57337707947548,2.42785251094928
"1403",3.34659800433219,2.22589152681904,1.19842892540403
"1404",2.50440681573211,-5.71979319760184,-0.767807439310671
"1405",4.81782188446641,-1.79536736565645,-0.0690325258784009
"1406",-0.820591907537954,3.25404165530417,1.91907728277133
"1407",3.8215462860824,-1.02802257751521,1.38606567882572
"1408",6.05755227893192,-0.00444714046157325,-0.33731670207766
"1409",4.29138963990115,-2.15047119209068,-0.756819028137922
"1410",-2.55640433620323,2.84902735277081,1.64753411876671
"1411",0.283735770939972,-5.42491072157917,-2.86026091078564
"1412",3.34721303326932,2.76809161758785,-0.367713036214687
"1413",0.238150353794356,2.68724920968321,1.37981941606105
"1414",-0.710635563022326,0.552814605747014,-0.776313035473403
"1415",5.57427479311136,2.45721040295273,0.411113170519883
"1416",-0.628718712971908,-0.357730263066916,0.629326116351452
"1417",1.91756739838633,0.199122877237752,2.79814208297675
"1418",-0.973510257850855,0.540100249922038,0.391365716041842
"1419",-3.53207140384127,0.57091691207151,-0.0144699966094568
"1420",-1.23569083104047,-3.69307142909688,-3.18094888105828
"1421",0.510750417058931,-0.333656410512989,1.91240242299438
"1422",3.00868964324478,0.965305910827278,-0.00880089768417835
"1423",4.50299153357455,1.77123642803352,-0.459636745109742
"1424",3.88279458450167,-1.394632734623,2.81022505877505
"1425",-4.10863694712212,-5.53725666045576,2.49796271777616
"1426",-4.11729897103024,-4.52298932671086,-0.881128557985628
"1427",1.94477552202756,-0.341787560121563,-1.61691779167939
"1428",6.76851984764961,-3.01285445763043,-0.496907804118124
"1429",3.98031406803586,-4.57738918309734,1.80786904219473
"1430",1.93121801476505,-0.0480729876938883,-1.71382000662668
"1431",-3.76464428534865,0.903437478110816,1.03795114785188
"1432",-2.34807437391001,-2.12198716935072,-3.37242702614248
"1433",-5.32150566839317,0.297105844481682,0.384447658466317
"1434",0.746225930217339,0.285001984022759,0.199540167133665
"1435",-3.53468885673019,5.33551586109684,-2.61669104165905
"1436",-3.07149225729896,-2.98037708109419,-2.32195279244352
"1437",-0.295966859558694,1.20520681720962,-1.82021174199474
"1438",-2.39287850138058,0.762920514506021,1.36103745252311
"1439",5.24191364142849,-1.01405090071419,1.03854709151269
"1440",1.93448230993925,1.05864304614516,-1.15153507032214
"1441",-0.321419318017479,-3.38230348194523,-2.84431655051205
"1442",3.99143730165296,-0.612283780493548,1.94572119862358
"1443",3.91941103622538,1.05639446724266,-1.0325618613685
"1444",3.12006441835184,-1.17129286467325,1.37540919884427
"1445",-1.30865979613863,1.1183864936822,-0.0737385806947284
"1446",-4.16143786533416,-4.53759542172974,-1.63974213055956
"1447",5.25258792648305,2.23093318269715,1.63150405082619
"1448",0.759015032913148,-2.25417408032683,1.97930941834188
"1449",4.10146691298458,0.424279753168507,-0.292402003827252
"1450",0.490353262830842,-0.844100992470738,-1.43981461743619
"1451",0.689563088747773,-0.786883883105377,0.227547638764778
"1452",5.33179281652783,0.997640772904222,0.618843613780989
"1453",1.56235437256039,-0.156792147583169,0.516950813988767
"1454",0.411222686054605,-0.479622066016919,2.82320064988864
"1455",4.46309899379593,1.2236663795678,-0.532595364909566
"1456",2.1707771618483,-0.472939227825168,1.62713074296348
"1457",-1.49060142142643,0.950118771966255,0.680775085726984
"1458",3.56492797418421,-0.839106136873017,0.602067443630627
"1459",-2.62376756906092,-3.57640397257749,-0.771440621999915
"1460",-5.04130432939178,-1.73060650921915,2.17008098597143
"1461",-0.808943385047091,0.688486880990364,-0.888913352392292
"1462",-0.686267760481807,4.78320936110185,0.381841799248371
"1463",1.55881151263367,2.07849588901652,1.88701817112134
"1464",-2.03448861054278,2.66600073030723,1.45335781738451
"1465",6.5433480624301,-3.58958698756226,1.40688643599989
"1466",6.83569527969942,-5.34195844339338,-2.34610210021307
"1467",2.13099912951546,2.99606036681101,1.52864111087144
"1468",-0.739721017712733,-2.11197007211528,0.992515263316342
"1469",5.1386163154003,4.78422764619565,1.55043439044799
"1470",3.87767376695685,3.26400479561257,3.2531346254237
"1471",-3.78722976595986,0.571459057587624,-0.753767624210022
"1472",2.17098229176224,0.284085777234933,-0.756811489854875
"1473",-2.21692821555551,-4.47228645727575,-3.07904209831158
"1474",-3.01155565573705,-2.12807925429338,1.7014663828565
"1475",-1.78694196098377,1.91049112063713,1.77785805459607
"1476",-0.764625728234857,-4.51060379599602,-0.531168984782142
"1477",-5.71507050621151,5.0243109764945,-2.32202584007615
"1478",0.980406911528992,2.08809753679793,0.19698532319202
"1479",-6.16258962763477,0.87412408797993,-0.807445510503601
"1480",3.72700428115235,-4.29495881193618,1.71349380630054
"1481",1.98800250618747,-2.93343178225038,0.00767249884538998
"1482",-1.00363324974555,2.88881095724746,1.92324519205794
"1483",3.34597829019027,-3.28662596508103,-0.572568268395016
"1484",0.625531510338432,1.2310212209415,1.01896243944074
"1485",0.885612668608837,4.10347949905179,0.235838461438097
"1486",-2.81845476604192,1.64860417473884,0.445062083134419
"1487",-1.3317834184131,4.63396140150659,-0.697791112915689
"1488",-0.300898939269996,3.5468623016876,-1.23889152993695
"1489",7.33776437159865,-5.33767795103598,-1.05650892893241
"1490",5.88139699705815,0.636401381823305,-0.45977831311152
"1491",7.27740121195952,-5.78029289898576,-2.14120654093285
"1492",-4.16890950597644,-1.46649717510313,-0.17832250933731
"1493",5.22453568306055,-1.78587732473942,0.653107504522126
"1494",-6.61716840174287,-5.78052855469434,2.06506603893744
"1495",7.5695524338428,0.903417516660002,1.61494145058157
"1496",-4.17003332390113,3.56539806244874,-2.52232754087785
"1497",4.64769242754965,1.1221170596372,1.52738622905827
"1498",-3.04051544701064,0.990167726548864,-1.70295891301344
"1499",-0.717062456094078,-0.473899262707869,1.9121570435006
"1500",3.10815043515616,3.19645224210411,0.529143114411116
"1501",-0.879388973926441,0.191689089444144,-2.88971680989709
"1502",-1.80503798643683,1.25918538079052,-0.336696454898393
"1503",-3.44177796608711,1.54835222135142,0.609643328509482
"1504",0.105757320687611,2.78852850741574,0.278720971121732
"1505",5.62925050495734,-0.858911844026284,0.226906688904075
"1506",-4.16999695293249,0.876615648201224,-0.76802637352187
"1507",3.28907904091444,-1.78106654083007,0.446965947684806
"1508",4.81258665064789,-1.08250969533638,-0.6831362398619
"1509",-6.29760106963296,-4.46300179032274,-0.278399876729995
"1510",-3.68322680971707,0.0227873912963295,-0.878044083202143
"1511",-1.83205434002428,1.07288044347862,-2.97430972107076
"1512",6.81073079788058,-3.27852240854692,-0.00875581441105749
"1513",6.20519775683348,-1.18354840292415,1.17697583208482
"1514",3.27859445167329,1.58905052850525,1.22978905851308
"1515",3.27859445167329,1.58905052850525,1.22978905851308
"1516",3.27859445167329,1.58905052850525,1.22978905851308
"1517",3.27859445167329,1.58905052850525,1.22978905851308
"1518",3.27859445167329,1.58905052850525,1.22978905851308
"1519",3.27859445167329,1.58905052850525,1.22978905851308
"1520",3.27859445167329,1.58905052850525,1.22978905851308
"1521",3.27859445167329,1.58905052850525,1.22978905851308
"1522",3.27859445167329,1.58905052850525,1.22978905851308
"1523",3.27859445167329,1.58905052850525,1.22978905851308
"1524",3.27859445167329,1.58905052850525,1.22978905851308
"1525",3.27859445167329,1.58905052850525,1.22978905851308
"1526",3.27859445167329,1.58905052850525,1.22978905851308
"1527",3.27859445167329,1.58905052850525,1.22978905851308
"1528",3.27859445167329,1.58905052850525,1.22978905851308
"1529",3.27859445167329,1.58905052850525,1.22978905851308
"1530",3.27859445167329,1.58905052850525,1.22978905851308
"1531",3.27859445167329,1.58905052850525,1.22978905851308
"1532",3.27859445167329,1.58905052850525,1.22978905851308
"1533",3.27859445167329,1.58905052850525,1.22978905851308
"1534",3.27859445167329,1.58905052850525,1.22978905851308
"1535",3.27859445167329,1.58905052850525,1.22978905851308
"1536",3.27859445167329,1.58905052850525,1.22978905851308
"1537",3.27859445167329,1.58905052850525,1.22978905851308
"1538",3.27859445167329,1.58905052850525,1.22978905851308
"1539",3.27859445167329,1.58905052850525,1.22978905851308
"1540",3.27859445167329,1.58905052850525,1.22978905851308
"1541",3.27859445167329,1.58905052850525,1.22978905851308
"1542",3.27859445167329,1.58905052850525,1.22978905851308
"1543",3.27859445167329,1.58905052850525,1.22978905851308
"1544",3.27859445167329,1.58905052850525,1.22978905851308
"1545",3.27859445167329,1.58905052850525,1.22978905851308
"1546",3.27859445167329,1.58905052850525,1.22978905851308
"1547",3.27859445167329,1.58905052850525,1.22978905851308
"1548",3.27859445167329,1.58905052850525,1.22978905851308
"1549",3.27859445167329,1.58905052850525,1.22978905851308
"1550",3.27859445167329,1.58905052850525,1.22978905851308
"1551",3.27859445167329,1.58905052850525,1.22978905851308
"1552",3.27859445167329,1.58905052850525,1.22978905851308
"1553",3.27859445167329,1.58905052850525,1.22978905851308
"1554",3.27859445167329,1.58905052850525,1.22978905851308
"1555",3.27859445167329,1.58905052850525,1.22978905851308
"1556",3.27859445167329,1.58905052850525,1.22978905851308
"1557",3.27859445167329,1.58905052850525,1.22978905851308
"1558",3.27859445167329,1.58905052850525,1.22978905851308
"1559",3.27859445167329,1.58905052850525,1.22978905851308
"1560",3.27859445167329,1.58905052850525,1.22978905851308
"1561",3.27859445167329,1.58905052850525,1.22978905851308
"1562",3.27859445167329,1.58905052850525,1.22978905851308
"1563",3.27859445167329,1.58905052850525,1.22978905851308
"1564",3.27859445167329,1.58905052850525,1.22978905851308
"1565",3.27859445167329,1.58905052850525,1.22978905851308
"1566",3.27859445167329,1.58905052850525,1.22978905851308
"1567",3.27859445167329,1.58905052850525,1.22978905851308
"1568",3.27859445167329,1.58905052850525,1.22978905851308
"1569",3.27859445167329,1.58905052850525,1.22978905851308
"1570",3.27859445167329,1.58905052850525,1.22978905851308
"1571",3.27859445167329,1.58905052850525,1.22978905851308
"1572",3.27859445167329,1.58905052850525,1.22978905851308
"1573",3.27859445167329,1.58905052850525,1.22978905851308
"1574",3.27859445167329,1.58905052850525,1.22978905851308
"1575",3.27859445167329,1.58905052850525,1.22978905851308
"1576",3.27859445167329,1.58905052850525,1.22978905851308
"1577",3.27859445167329,1.58905052850525,1.22978905851308
"1578",3.27859445167329,1.58905052850525,1.22978905851308
"1579",3.27859445167329,1.58905052850525,1.22978905851308
"1580",3.27859445167329,1.58905052850525,1.22978905851308
"1581",3.27859445167329,1.58905052850525,1.22978905851308
"1582",3.27859445167329,1.58905052850525,1.22978905851308
"1583",3.27859445167329,1.58905052850525,1.22978905851308
"1584",3.27859445167329,1.58905052850525,1.22978905851308
"1585",3.27859445167329,1.58905052850525,1.22978905851308
"1586",3.27859445167329,1.58905052850525,1.22978905851308
"1587",3.27859445167329,1.58905052850525,1.22978905851308
"1588",3.27859445167329,1.58905052850525,1.22978905851308
"1589",3.27859445167329,1.58905052850525,1.22978905851308
"1590",3.27859445167329,1.58905052850525,1.22978905851308
"1591",3.27859445167329,1.58905052850525,1.22978905851308
"1592",3.27859445167329,1.58905052850525,1.22978905851308
"1593",3.27859445167329,1.58905052850525,1.22978905851308
"1594",3.27859445167329,1.58905052850525,1.22978905851308
"1595",3.27859445167329,1.58905052850525,1.22978905851308
"1596",3.27859445167329,1.58905052850525,1.22978905851308
"1597",3.27859445167329,1.58905052850525,1.22978905851308
"1598",3.27859445167329,1.58905052850525,1.22978905851308
"1599",3.27859445167329,1.58905052850525,1.22978905851308
"1600",3.27859445167329,1.58905052850525,1.22978905851308
"1601",3.27859445167329,1.58905052850525,1.22978905851308
"1602",3.27859445167329,1.58905052850525,1.22978905851308
"1603",3.27859445167329,1.58905052850525,1.22978905851308
"1604",3.27859445167329,1.58905052850525,1.22978905851308
"1605",3.27859445167329,1.58905052850525,1.22978905851308
"1606",3.27859445167329,1.58905052850525,1.22978905851308
"1607",3.27859445167329,1.58905052850525,1.22978905851308
"1608",3.27859445167329,1.58905052850525,1.22978905851308
"1609",3.27859445167329,1.58905052850525,1.22978905851308
"1610",3.27859445167329,1.58905052850525,1.22978905851308
"1611",3.27859445167329,1.58905052850525,1.22978905851308
"1612",3.27859445167329,1.58905052850525,1.22978905851308
"1613",3.27859445167329,1.58905052850525,1.22978905851308
"1614",3.27859445167329,1.58905052850525,1.22978905851308
"1615",3.27859445167329,1.58905052850525,1.22978905851308
"1616",3.27859445167329,1.58905052850525,1.22978905851308
"1617",3.27859445167329,1.58905052850525,1.22978905851308
"1618",3.27859445167329,1.58905052850525,1.22978905851308
"1619",3.27859445167329,1.58905052850525,1.22978905851308
"1620",3.27859445167329,1.58905052850525,1.22978905851308
"1621",3.27859445167329,1.58905052850525,1.22978905851308
"1622",3.27859445167329,1.58905052850525,1.22978905851308
"1623",3.27859445167329,1.58905052850525,1.22978905851308
"1624",3.27859445167329,1.58905052850525,1.22978905851308
"1625",3.27859445167329,1.58905052850525,1.22978905851308
"1626",3.27859445167329,1.58905052850525,1.22978905851308
"1627",3.27859445167329,1.58905052850525,1.22978905851308
"1628",3.27859445167329,1.58905052850525,1.22978905851308
"1629",3.27859445167329,1.58905052850525,1.22978905851308
"1630",3.27859445167329,1.58905052850525,1.22978905851308
"1631",3.27859445167329,1.58905052850525,1.22978905851308
"1632",3.27859445167329,1.58905052850525,1.22978905851308
"1633",3.27859445167329,1.58905052850525,1.22978905851308
"1634",3.27859445167329,1.58905052850525,1.22978905851308
"1635",3.27859445167329,1.58905052850525,1.22978905851308
"1636",3.27859445167329,1.58905052850525,1.22978905851308
"1637",3.27859445167329,1.58905052850525,1.22978905851308
"1638",3.27859445167329,1.58905052850525,1.22978905851308
"1639",3.27859445167329,1.58905052850525,1.22978905851308
"1640",3.27859445167329,1.58905052850525,1.22978905851308
"1641",3.27859445167329,1.58905052850525,1.22978905851308
"1642",3.27859445167329,1.58905052850525,1.22978905851308
"1643",3.27859445167329,1.58905052850525,1.22978905851308
"1644",3.27859445167329,1.58905052850525,1.22978905851308
"1645",3.27859445167329,1.58905052850525,1.22978905851308
"1646",3.27859445167329,1.58905052850525,1.22978905851308
"1647",3.27859445167329,1.58905052850525,1.22978905851308
"1648",3.27859445167329,1.58905052850525,1.22978905851308
"1649",3.27859445167329,1.58905052850525,1.22978905851308
"1650",3.27859445167329,1.58905052850525,1.22978905851308
"1651",3.27859445167329,1.58905052850525,1.22978905851308
"1652",3.27859445167329,1.58905052850525,1.22978905851308
"1653",3.27859445167329,1.58905052850525,1.22978905851308
"1654",3.27859445167329,1.58905052850525,1.22978905851308
"1655",3.27859445167329,1.58905052850525,1.22978905851308
"1656",3.27859445167329,1.58905052850525,1.22978905851308
"1657",3.27859445167329,1.58905052850525,1.22978905851308
"1658",3.27859445167329,1.58905052850525,1.22978905851308
"1659",3.27859445167329,1.58905052850525,1.22978905851308
"1660",3.27859445167329,1.58905052850525,1.22978905851308
"1661",3.27859445167329,1.58905052850525,1.22978905851308
"1662",3.27859445167329,1.58905052850525,1.22978905851308
"1663",3.27859445167329,1.58905052850525,1.22978905851308
"1664",3.27859445167329,1.58905052850525,1.22978905851308
"1665",3.27859445167329,1.58905052850525,1.22978905851308
"1666",3.27859445167329,1.58905052850525,1.22978905851308
"1667",3.27859445167329,1.58905052850525,1.22978905851308
"1668",3.27859445167329,1.58905052850525,1.22978905851308
"1669",3.27859445167329,1.58905052850525,1.22978905851308
"1670",3.27859445167329,1.58905052850525,1.22978905851308
"1671",3.27859445167329,1.58905052850525,1.22978905851308
"1672",3.27859445167329,1.58905052850525,1.22978905851308
"1673",3.27859445167329,1.58905052850525,1.22978905851308
"1674",3.27859445167329,1.58905052850525,1.22978905851308
"1675",3.27859445167329,1.58905052850525,1.22978905851308
"1676",3.27859445167329,1.58905052850525,1.22978905851308
"1677",3.27859445167329,1.58905052850525,1.22978905851308
"1678",3.27859445167329,1.58905052850525,1.22978905851308
"1679",3.27859445167329,1.58905052850525,1.22978905851308
"1680",3.27859445167329,1.58905052850525,1.22978905851308
"1681",3.27859445167329,1.58905052850525,1.22978905851308
"1682",3.27859445167329,1.58905052850525,1.22978905851308
"1683",3.27859445167329,1.58905052850525,1.22978905851308
"1684",3.27859445167329,1.58905052850525,1.22978905851308
"1685",3.27859445167329,1.58905052850525,1.22978905851308
"1686",3.27859445167329,1.58905052850525,1.22978905851308
"1687",3.27859445167329,1.58905052850525,1.22978905851308
"1688",3.27859445167329,1.58905052850525,1.22978905851308
"1689",3.27859445167329,1.58905052850525,1.22978905851308
"1690",3.27859445167329,1.58905052850525,1.22978905851308
"1691",3.27859445167329,1.58905052850525,1.22978905851308
"1692",3.27859445167329,1.58905052850525,1.22978905851308
"1693",3.27859445167329,1.58905052850525,1.22978905851308
"1694",3.27859445167329,1.58905052850525,1.22978905851308
"1695",3.27859445167329,1.58905052850525,1.22978905851308
"1696",3.27859445167329,1.58905052850525,1.22978905851308
"1697",3.27859445167329,1.58905052850525,1.22978905851308
"1698",3.27859445167329,1.58905052850525,1.22978905851308
"1699",3.27859445167329,1.58905052850525,1.22978905851308
"1700",3.27859445167329,1.58905052850525,1.22978905851308
"1701",3.27859445167329,1.58905052850525,1.22978905851308
"1702",3.27859445167329,1.58905052850525,1.22978905851308
"1703",3.27859445167329,1.58905052850525,1.22978905851308
"1704",3.27859445167329,1.58905052850525,1.22978905851308
"1705",3.27859445167329,1.58905052850525,1.22978905851308
"1706",3.27859445167329,1.58905052850525,1.22978905851308
"1707",3.27859445167329,1.58905052850525,1.22978905851308
"1708",3.27859445167329,1.58905052850525,1.22978905851308
"1709",3.27859445167329,1.58905052850525,1.22978905851308
"1710",3.27859445167329,1.58905052850525,1.22978905851308
"1711",3.27859445167329,1.58905052850525,1.22978905851308
"1712",3.27859445167329,1.58905052850525,1.22978905851308
"1713",3.27859445167329,1.58905052850525,1.22978905851308
"1714",3.27859445167329,1.58905052850525,1.22978905851308
"1715",3.27859445167329,1.58905052850525,1.22978905851308
"1716",3.27859445167329,1.58905052850525,1.22978905851308
"1717",3.27859445167329,1.58905052850525,1.22978905851308
"1718",3.27859445167329,1.58905052850525,1.22978905851308
"1719",3.27859445167329,1.58905052850525,1.22978905851308
"1720",3.27859445167329,1.58905052850525,1.22978905851308
"1721",3.27859445167329,1.58905052850525,1.22978905851308
"1722",3.27859445167329,1.58905052850525,1.22978905851308
"1723",3.27859445167329,1.58905052850525,1.22978905851308
"1724",3.27859445167329,1.58905052850525,1.22978905851308
"1725",3.27859445167329,1.58905052850525,1.22978905851308
"1726",3.27859445167329,1.58905052850525,1.22978905851308
"1727",3.27859445167329,1.58905052850525,1.22978905851308
"1728",3.27859445167329,1.58905052850525,1.22978905851308
"1729",3.27859445167329,1.58905052850525,1.22978905851308
"1730",3.27859445167329,1.58905052850525,1.22978905851308
"1731",3.27859445167329,1.58905052850525,1.22978905851308
"1732",3.27859445167329,1.58905052850525,1.22978905851308
"1733",3.27859445167329,1.58905052850525,1.22978905851308
"1734",3.27859445167329,1.58905052850525,1.22978905851308
"1735",3.27859445167329,1.58905052850525,1.22978905851308
"1736",3.27859445167329,1.58905052850525,1.22978905851308
"1737",3.27859445167329,1.58905052850525,1.22978905851308
"1738",3.27859445167329,1.58905052850525,1.22978905851308
"1739",3.27859445167329,1.58905052850525,1.22978905851308
"1740",3.27859445167329,1.58905052850525,1.22978905851308
"1741",3.27859445167329,1.58905052850525,1.22978905851308
"1742",3.27859445167329,1.58905052850525,1.22978905851308
"1743",3.27859445167329,1.58905052850525,1.22978905851308
"1744",3.27859445167329,1.58905052850525,1.22978905851308
"1745",3.27859445167329,1.58905052850525,1.22978905851308
"1746",3.27859445167329,1.58905052850525,1.22978905851308
"1747",3.27859445167329,1.58905052850525,1.22978905851308
"1748",3.27859445167329,1.58905052850525,1.22978905851308
"1749",3.27859445167329,1.58905052850525,1.22978905851308
"1750",3.27859445167329,1.58905052850525,1.22978905851308
"1751",3.27859445167329,1.58905052850525,1.22978905851308
"1752",3.27859445167329,1.58905052850525,1.22978905851308
"1753",3.27859445167329,1.58905052850525,1.22978905851308
"1754",3.27859445167329,1.58905052850525,1.22978905851308
"1755",3.27859445167329,1.58905052850525,1.22978905851308
"1756",3.27859445167329,1.58905052850525,1.22978905851308
"1757",3.27859445167329,1.58905052850525,1.22978905851308
"1758",3.27859445167329,1.58905052850525,1.22978905851308
"1759",3.27859445167329,1.58905052850525,1.22978905851308
"1760",3.27859445167329,1.58905052850525,1.22978905851308
"1761",3.27859445167329,1.58905052850525,1.22978905851308
"1762",3.27859445167329,1.58905052850525,1.22978905851308
"1763",3.27859445167329,1.58905052850525,1.22978905851308
"1764",3.27859445167329,1.58905052850525,1.22978905851308
"1765",3.27859445167329,1.58905052850525,1.22978905851308
"1766",3.27859445167329,1.58905052850525,1.22978905851308
"1767",3.27859445167329,1.58905052850525,1.22978905851308
"1768",3.27859445167329,1.58905052850525,1.22978905851308
"1769",3.27859445167329,1.58905052850525,1.22978905851308
"1770",3.27859445167329,1.58905052850525,1.22978905851308
"1771",3.27859445167329,1.58905052850525,1.22978905851308
"1772",3.27859445167329,1.58905052850525,1.22978905851308
"1773",3.27859445167329,1.58905052850525,1.22978905851308
"1774",3.27859445167329,1.58905052850525,1.22978905851308
"1775",3.27859445167329,1.58905052850525,1.22978905851308
"1776",3.27859445167329,1.58905052850525,1.22978905851308
"1777",3.27859445167329,1.58905052850525,1.22978905851308
"1778",3.27859445167329,1.58905052850525,1.22978905851308
"1779",3.27859445167329,1.58905052850525,1.22978905851308
"1780",3.27859445167329,1.58905052850525,1.22978905851308
"1781",3.27859445167329,1.58905052850525,1.22978905851308
"1782",3.27859445167329,1.58905052850525,1.22978905851308
"1783",3.27859445167329,1.58905052850525,1.22978905851308
"1784",3.27859445167329,1.58905052850525,1.22978905851308
"1785",3.27859445167329,1.58905052850525,1.22978905851308
"1786",3.27859445167329,1.58905052850525,1.22978905851308
"1787",3.27859445167329,1.58905052850525,1.22978905851308
"1788",3.27859445167329,1.58905052850525,1.22978905851308
"1789",3.27859445167329,1.58905052850525,1.22978905851308
"1790",3.27859445167329,1.58905052850525,1.22978905851308
"1791",3.27859445167329,1.58905052850525,1.22978905851308
"1792",3.27859445167329,1.58905052850525,1.22978905851308
"1793",3.27859445167329,1.58905052850525,1.22978905851308
"1794",3.27859445167329,1.58905052850525,1.22978905851308
"1795",3.27859445167329,1.58905052850525,1.22978905851308
"1796",3.27859445167329,1.58905052850525,1.22978905851308
"1797",3.27859445167329,1.58905052850525,1.22978905851308
"1798",3.27859445167329,1.58905052850525,1.22978905851308
"1799",3.27859445167329,1.58905052850525,1.22978905851308
"1800",3.27859445167329,1.58905052850525,1.22978905851308
"1801",3.27859445167329,1.58905052850525,1.22978905851308
"1802",3.27859445167329,1.58905052850525,1.22978905851308
"1803",3.27859445167329,1.58905052850525,1.22978905851308
"1804",3.27859445167329,1.58905052850525,1.22978905851308
"1805",3.27859445167329,1.58905052850525,1.22978905851308
"1806",3.27859445167329,1.58905052850525,1.22978905851308
"1807",3.27859445167329,1.58905052850525,1.22978905851308
"1808",3.27859445167329,1.58905052850525,1.22978905851308
"1809",3.27859445167329,1.58905052850525,1.22978905851308
"1810",3.27859445167329,1.58905052850525,1.22978905851308
"1811",3.27859445167329,1.58905052850525,1.22978905851308
"1812",3.27859445167329,1.58905052850525,1.22978905851308
"1813",3.27859445167329,1.58905052850525,1.22978905851308
"1814",3.27859445167329,1.58905052850525,1.22978905851308
"1815",3.27859445167329,1.58905052850525,1.22978905851308
"1816",3.27859445167329,1.58905052850525,1.22978905851308
"1817",3.27859445167329,1.58905052850525,1.22978905851308
"1818",3.27859445167329,1.58905052850525,1.22978905851308
"1819",3.27859445167329,1.58905052850525,1.22978905851308
"1820",3.27859445167329,1.58905052850525,1.22978905851308
"1821",3.27859445167329,1.58905052850525,1.22978905851308
"1822",3.27859445167329,1.58905052850525,1.22978905851308
"1823",3.27859445167329,1.58905052850525,1.22978905851308
"1824",3.27859445167329,1.58905052850525,1.22978905851308
"1825",3.27859445167329,1.58905052850525,1.22978905851308
"1826",3.27859445167329,1.58905052850525,1.22978905851308
"1827",3.27859445167329,1.58905052850525,1.22978905851308
"1828",3.27859445167329,1.58905052850525,1.22978905851308
"1829",3.27859445167329,1.58905052850525,1.22978905851308
"1830",3.27859445167329,1.58905052850525,1.22978905851308
"1831",3.27859445167329,1.58905052850525,1.22978905851308
"1832",3.27859445167329,1.58905052850525,1.22978905851308
"1833",3.27859445167329,1.58905052850525,1.22978905851308
"1834",3.27859445167329,1.58905052850525,1.22978905851308
"1835",3.27859445167329,1.58905052850525,1.22978905851308
"1836",3.27859445167329,1.58905052850525,1.22978905851308
"1837",3.27859445167329,1.58905052850525,1.22978905851308
"1838",3.27859445167329,1.58905052850525,1.22978905851308
"1839",3.27859445167329,1.58905052850525,1.22978905851308
"1840",3.27859445167329,1.58905052850525,1.22978905851308
"1841",3.27859445167329,1.58905052850525,1.22978905851308
"1842",3.27859445167329,1.58905052850525,1.22978905851308
"1843",3.27859445167329,1.58905052850525,1.22978905851308
"1844",3.27859445167329,1.58905052850525,1.22978905851308
"1845",3.27859445167329,1.58905052850525,1.22978905851308
"1846",3.27859445167329,1.58905052850525,1.22978905851308
"1847",3.27859445167329,1.58905052850525,1.22978905851308
"1848",3.27859445167329,1.58905052850525,1.22978905851308
"1849",3.27859445167329,1.58905052850525,1.22978905851308
"1850",3.27859445167329,1.58905052850525,1.22978905851308
"1851",3.27859445167329,1.58905052850525,1.22978905851308
"1852",3.27859445167329,1.58905052850525,1.22978905851308
"1853",3.27859445167329,1.58905052850525,1.22978905851308
"1854",3.27859445167329,1.58905052850525,1.22978905851308
"1855",3.27859445167329,1.58905052850525,1.22978905851308
"1856",3.27859445167329,1.58905052850525,1.22978905851308
"1857",3.27859445167329,1.58905052850525,1.22978905851308
"1858",3.27859445167329,1.58905052850525,1.22978905851308
"1859",3.27859445167329,1.58905052850525,1.22978905851308
"1860",3.27859445167329,1.58905052850525,1.22978905851308
"1861",3.27859445167329,1.58905052850525,1.22978905851308
"1862",3.27859445167329,1.58905052850525,1.22978905851308
"1863",3.27859445167329,1.58905052850525,1.22978905851308
"1864",3.27859445167329,1.58905052850525,1.22978905851308
"1865",3.27859445167329,1.58905052850525,1.22978905851308
"1866",3.27859445167329,1.58905052850525,1.22978905851308
"1867",3.27859445167329,1.58905052850525,1.22978905851308
"1868",3.27859445167329,1.58905052850525,1.22978905851308
"1869",3.27859445167329,1.58905052850525,1.22978905851308
"1870",3.27859445167329,1.58905052850525,1.22978905851308
"1871",3.27859445167329,1.58905052850525,1.22978905851308
"1872",3.27859445167329,1.58905052850525,1.22978905851308
"1873",3.27859445167329,1.58905052850525,1.22978905851308
"1874",3.27859445167329,1.58905052850525,1.22978905851308
"1875",3.27859445167329,1.58905052850525,1.22978905851308
"1876",3.27859445167329,1.58905052850525,1.22978905851308
"1877",3.27859445167329,1.58905052850525,1.22978905851308
"1878",3.27859445167329,1.58905052850525,1.22978905851308
"1879",3.27859445167329,1.58905052850525,1.22978905851308
"1880",3.27859445167329,1.58905052850525,1.22978905851308
"1881",3.27859445167329,1.58905052850525,1.22978905851308
"1882",3.27859445167329,1.58905052850525,1.22978905851308
"1883",3.27859445167329,1.58905052850525,1.22978905851308
"1884",3.27859445167329,1.58905052850525,1.22978905851308
"1885",3.27859445167329,1.58905052850525,1.22978905851308
"1886",3.27859445167329,1.58905052850525,1.22978905851308
"1887",3.27859445167329,1.58905052850525,1.22978905851308
"1888",3.27859445167329,1.58905052850525,1.22978905851308
"1889",3.27859445167329,1.58905052850525,1.22978905851308
"1890",3.27859445167329,1.58905052850525,1.22978905851308
"1891",3.27859445167329,1.58905052850525,1.22978905851308
"1892",3.27859445167329,1.58905052850525,1.22978905851308
"1893",3.27859445167329,1.58905052850525,1.22978905851308
"1894",3.27859445167329,1.58905052850525,1.22978905851308
"1895",3.27859445167329,1.58905052850525,1.22978905851308
"1896",3.27859445167329,1.58905052850525,1.22978905851308
"1897",3.27859445167329,1.58905052850525,1.22978905851308
"1898",3.27859445167329,1.58905052850525,1.22978905851308
"1899",3.27859445167329,1.58905052850525,1.22978905851308
"1900",3.27859445167329,1.58905052850525,1.22978905851308
"1901",3.27859445167329,1.58905052850525,1.22978905851308
"1902",3.27859445167329,1.58905052850525,1.22978905851308
"1903",3.27859445167329,1.58905052850525,1.22978905851308
"1904",3.27859445167329,1.58905052850525,1.22978905851308
"1905",3.27859445167329,1.58905052850525,1.22978905851308
"1906",3.27859445167329,1.58905052850525,1.22978905851308
"1907",3.27859445167329,1.58905052850525,1.22978905851308
"1908",3.27859445167329,1.58905052850525,1.22978905851308
"1909",3.27859445167329,1.58905052850525,1.22978905851308
"1910",3.27859445167329,1.58905052850525,1.22978905851308
"1911",3.27859445167329,1.58905052850525,1.22978905851308
"1912",3.27859445167329,1.58905052850525,1.22978905851308
"1913",3.27859445167329,1.58905052850525,1.22978905851308
"1914",3.27859445167329,1.58905052850525,1.22978905851308
"1915",3.27859445167329,1.58905052850525,1.22978905851308
"1916",3.27859445167329,1.58905052850525,1.22978905851308
"1917",3.27859445167329,1.58905052850525,1.22978905851308
"1918",3.27859445167329,1.58905052850525,1.22978905851308
"1919",3.27859445167329,1.58905052850525,1.22978905851308
"1920",3.27859445167329,1.58905052850525,1.22978905851308
"1921",3.27859445167329,1.58905052850525,1.22978905851308
"1922",3.27859445167329,1.58905052850525,1.22978905851308
"1923",3.27859445167329,1.58905052850525,1.22978905851308
"1924",3.27859445167329,1.58905052850525,1.22978905851308
"1925",3.27859445167329,1.58905052850525,1.22978905851308
"1926",3.27859445167329,1.58905052850525,1.22978905851308
"1927",3.27859445167329,1.58905052850525,1.22978905851308
"1928",3.27859445167329,1.58905052850525,1.22978905851308
"1929",3.27859445167329,1.58905052850525,1.22978905851308
"1930",3.27859445167329,1.58905052850525,1.22978905851308
"1931",3.27859445167329,1.58905052850525,1.22978905851308
"1932",3.27859445167329,1.58905052850525,1.22978905851308
"1933",3.27859445167329,1.58905052850525,1.22978905851308
"1934",3.27859445167329,1.58905052850525,1.22978905851308
"1935",3.27859445167329,1.58905052850525,1.22978905851308
"1936",3.27859445167329,1.58905052850525,1.22978905851308
"1937",3.27859445167329,1.58905052850525,1.22978905851308
"1938",3.27859445167329,1.58905052850525,1.22978905851308
"1939",3.27859445167329,1.58905052850525,1.22978905851308
"1940",3.27859445167329,1.58905052850525,1.22978905851308
"1941",3.27859445167329,1.58905052850525,1.22978905851308
"1942",3.27859445167329,1.58905052850525,1.22978905851308
"1943",3.27859445167329,1.58905052850525,1.22978905851308
"1944",3.27859445167329,1.58905052850525,1.22978905851308
"1945",3.27859445167329,1.58905052850525,1.22978905851308
"1946",3.27859445167329,1.58905052850525,1.22978905851308
"1947",3.27859445167329,1.58905052850525,1.22978905851308
"1948",3.27859445167329,1.58905052850525,1.22978905851308
"1949",3.27859445167329,1.58905052850525,1.22978905851308
"1950",3.27859445167329,1.58905052850525,1.22978905851308
"1951",3.27859445167329,1.58905052850525,1.22978905851308
"1952",3.27859445167329,1.58905052850525,1.22978905851308
"1953",3.27859445167329,1.58905052850525,1.22978905851308
"1954",3.27859445167329,1.58905052850525,1.22978905851308
"1955",3.27859445167329,1.58905052850525,1.22978905851308
"1956",3.27859445167329,1.58905052850525,1.22978905851308
"1957",3.27859445167329,1.58905052850525,1.22978905851308
"1958",3.27859445167329,1.58905052850525,1.22978905851308
"1959",3.27859445167329,1.58905052850525,1.22978905851308
"1960",3.27859445167329,1.58905052850525,1.22978905851308
"1961",3.27859445167329,1.58905052850525,1.22978905851308
"1962",3.27859445167329,1.58905052850525,1.22978905851308
"1963",3.27859445167329,1.58905052850525,1.22978905851308
"1964",3.27859445167329,1.58905052850525,1.22978905851308
"1965",3.27859445167329,1.58905052850525,1.22978905851308
"1966",3.27859445167329,1.58905052850525,1.22978905851308
"1967",3.27859445167329,1.58905052850525,1.22978905851308
"1968",3.27859445167329,1.58905052850525,1.22978905851308
"1969",3.27859445167329,1.58905052850525,1.22978905851308
"1970",3.27859445167329,1.58905052850525,1.22978905851308
"1971",3.27859445167329,1.58905052850525,1.22978905851308
"1972",3.27859445167329,1.58905052850525,1.22978905851308
"1973",3.27859445167329,1.58905052850525,1.22978905851308
"1974",3.27859445167329,1.58905052850525,1.22978905851308
"1975",3.27859445167329,1.58905052850525,1.22978905851308
"1976",3.27859445167329,1.58905052850525,1.22978905851308
"1977",3.27859445167329,1.58905052850525,1.22978905851308
"1978",3.27859445167329,1.58905052850525,1.22978905851308
"1979",3.27859445167329,1.58905052850525,1.22978905851308
"1980",3.27859445167329,1.58905052850525,1.22978905851308
"1981",3.27859445167329,1.58905052850525,1.22978905851308
"1982",3.27859445167329,1.58905052850525,1.22978905851308
"1983",3.27859445167329,1.58905052850525,1.22978905851308
"1984",3.27859445167329,1.58905052850525,1.22978905851308
"1985",3.27859445167329,1.58905052850525,1.22978905851308
"1986",3.27859445167329,1.58905052850525,1.22978905851308
"1987",3.27859445167329,1.58905052850525,1.22978905851308
"1988",3.27859445167329,1.58905052850525,1.22978905851308
"1989",3.27859445167329,1.58905052850525,1.22978905851308
"1990",3.27859445167329,1.58905052850525,1.22978905851308
"1991",3.27859445167329,1.58905052850525,1.22978905851308
"1992",3.27859445167329,1.58905052850525,1.22978905851308
"1993",3.27859445167329,1.58905052850525,1.22978905851308
"1994",3.27859445167329,1.58905052850525,1.22978905851308
"1995",3.27859445167329,1.58905052850525,1.22978905851308
"1996",3.27859445167329,1.58905052850525,1.22978905851308
"1997",3.27859445167329,1.58905052850525,1.22978905851308
"1998",3.27859445167329,1.58905052850525,1.22978905851308
"1999",3.27859445167329,1.58905052850525,1.22978905851308
"2000",3.27859445167329,1.58905052850525,1.22978905851308
