"","V1","V2","V3"
"1",0.247036356913516,0.5950009484458,-2.74599702018879
"2",-2.05699471685455,4.01914220118901,-0.262325258090941
"3",-2.23994983247232,3.07489095795179,0.781027066756054
"4",6.67634080147942,0.368987590513492,1.09467957594582
"5",-3.1462317763372,0.632830013514016,0.865221942741311
"6",5.52577455913088,-0.365481168057895,0.597258347263768
"7",-3.51574712321485,1.29143198305644,1.23169418704368
"8",3.890938356701,-0.790457758143309,-0.537953607011322
"9",3.99658441822223,-4.79082765748523,1.47887479414924
"10",7.07525477455854,-2.8720680545508,-0.396374304376422
"11",0.193033781013335,2.01736779540529,0.612633102576707
"12",5.11992310524285,-5.74941195357774,-0.814925594129727
"13",-1.72632631371766,1.20042404962447,2.28535334448025
"14",5.28158067375582,1.38930327238275,-0.0321077744255566
"15",5.36841997043521,0.428993197016219,0.593121409469501
"16",5.54320051998426,-1.26134415163679,-0.66266021013599
"17",-3.12915081038713,4.0494041886125,-3.11356973785181
"18",1.04865594991924,4.23686405872444,0.627771172707931
"19",-4.73317734523899,3.00954230125143,-3.66446122848285
"20",-4.8432334579796,-0.105340244853139,-3.66120746151017
"21",3.75076681106389,-0.0898206755474188,0.66953147961218
"22",6.99316625389863,-0.445811818506152,1.65148453415321
"23",1.11485712723118,-2.01288362376248,2.1085196625994
"24",6.44668595730023,0.564950143140904,0.440055993758531
"25",7.11455214386868,-3.38104883971853,-0.771779175583211
"26",-3.18758500834379,-4.11252197958282,1.69519511950214
"27",-2.52215915681787,0.287865174830556,-0.698687308396912
"28",0.718415646826553,3.27604619593199,0.259314285853538
"29",6.19103412694655,-5.27359317097381,0.315940863971636
"30",0.244796712500906,-0.285275195739687,-2.71286183598062
"31",0.843559447495936,2.16797354681512,1.41709689450405
"32",6.05586522941311,-0.157092124404251,-0.046021952311558
"33",-4.50771527213299,0.469671342676584,0.0205957951613914
"34",-4.12652934822035,3.19910477297324,-0.480759336326411
"35",4.80852270165364,-4.36209263136147,0.108481138412293
"36",5.30501350551971,1.23753809641067,0.644241073464402
"37",1.74066475710017,0.353360286587801,0.785273235999211
"38",3.27347514738861,0.961415176500758,-1.67522729232887
"39",-0.440898313710476,2.2059315908743,0.992405110933667
"40",5.44672588697403,-3.56972787452114,0.774355377870382
"41",3.86468528586855,-5.67792178140182,-3.55039614745286
"42",5.49793151342558,-1.01064215843738,0.0463907201353416
"43",4.36355647015829,0.03291311484012,0.156425000409979
"44",-0.184912085483237,-2.94926218136092,0.230595021399688
"45",5.63348860893616,-4.32413741408351,1.27226499185038
"46",-6.55678919368416,-3.81083242296868,-0.667797063248334
"47",1.99203094775515,3.49447799564793,0.817543407037206
"48",4.87922607507733,1.14220934897223,0.978586522831705
"49",6.0748184489873,1.46022375182257,0.715403791492994
"50",5.30936628649421,1.37995957589625,1.17967653116521
"51",4.51063360756932,-3.23381523929585,0.611649589871776
"52",-3.15563700178911,1.79697521930953,1.27966460096973
"53",-3.69323986087587,2.56447795269145,-2.54226027000398
"54",6.3181458429131,-0.366169341655304,1.10915362349886
"55",-4.4583566935802,-4.50967959671442,3.20881113936363
"56",-3.81590858633493,2.40473340099516,-0.421573977771342
"57",-0.124790990740187,3.56269671943658,0.619308395782762
"58",-3.10971657554277,3.07623582512296,-0.362478492655271
"59",-0.665717388751572,4.54679481206194,1.14750137512541
"60",0.0944322329563529,-0.32177141297717,0.259918046683524
"61",1.00565498141016,-5.2135171152054,2.36118757741573
"62",1.7722026568205,-4.3094456439478,2.09825949370335
"63",5.36989378785392,0.147618123069052,1.25903756364291
"64",-6.06970957758881,-5.44682183840034,1.86240694195925
"65",-0.922301395288295,1.67466528881462,-0.277906161204695
"66",5.09096168830137,0.285696022053324,0.0801058803433051
"67",-2.45809591557644,4.64976419429433,-1.96962795236801
"68",0.891615173519956,1.95737021122759,-0.689777306493963
"69",-5.16712549621034,-2.67009795464336,-0.561323113456053
"70",-1.80078187603338,-0.335234837075685,-2.5878940817083
"71",4.30406674960354,1.28391643285287,1.01778861418035
"72",0.953230672293847,2.01225211702458,-2.4512885143398
"73",-0.46769030585804,1.12463394223845,1.45051794938847
"74",-5.13108357760975,-5.26507423245536,1.693994120504
"75",2.7647842056001,1.29537314258545,1.8833793600462
"76",1.94095707007508,3.37090376943079,-0.543880435234271
"77",-6.08170891761618,0.164241788688942,-2.30789919741421
"78",-4.98491961205475,1.39445285695235,0.481958668162116
"79",-4.3386912306093,3.44530266785266,-2.77050838635948
"80",6.2777196284692,-4.31478375657342,-1.60783446784451
"81",-4.89480952915552,1.91314284373758,-0.635485001561154
"82",2.14241914307878,-0.743051519354352,3.27359825599942
"83",-4.53454042934346,2.39742960750634,-4.27591920515373
"84",0.753263978875023,1.00642087298886,-0.215073305890675
"85",3.6333330714604,2.75640168682507,0.00990787482649177
"86",2.38077268736337,3.46104475019354,0.0516087143653425
"87",2.44225849616895,1.50944744339116,0.617322784159059
"88",2.57218521685659,1.46499154144909,-0.175348131816029
"89",4.31579669282642,-1.78948096813977,2.46622969185252
"90",2.23847082012921,3.31969279584061,0.0323479418029092
"91",-2.6225438884029,4.09851463476306,-0.0238329554539241
"92",-1.50583945243892,0.999839058640459,1.78423330274178
"93",-0.759409673554589,2.58612911488972,1.08570749345494
"94",6.33398039826813,-4.54081680201987,-0.284698024359402
"95",3.46374666810567,2.0575511975948,1.84917963600281
"96",3.47631023282274,2.36979548780115,1.36763748289413
"97",-2.69305936247153,1.54895738496165,1.19818967256847
"98",3.25095287660244,2.44989892168549,0.0894051087269677
"99",0.981749446919127,2.77694868184492,-1.06207539426686
"100",-1.51180801762866,0.434298985974382,-3.49865665640216
"101",6.19193539433116,-2.16216060789195,-0.806080823015702
"102",2.27675453749313,-2.44132171531618,1.97594701219646
"103",5.80077812979492,-4.46644095165736,0.868452674763548
"104",-5.6456888940225,0.768214647744174,-0.0132123474099725
"105",-2.06136258144374,2.37677398035625,0.847171604257501
"106",-1.07519527211519,3.06804125399101,1.45922843126643
"107",-0.852767107885085,-2.52597766353189,2.46866707677253
"108",4.21579226556973,1.67262210531067,1.20684855854523
"109",6.23009638766627,-0.65966465014807,-0.0972982126533525
"110",4.95338564434536,-3.09938153321066,-1.97265148475753
"111",2.63616341919701,-3.06242167500937,0.128950502663761
"112",3.70316593843499,0.465047025116949,0.0653373010215264
"113",0.0380841180774366,2.65550889724707,-0.917735715582923
"114",-3.86000456011069,0.548701610425564,-0.55152965613536
"115",-5.69990824945882,1.00041465334249,-0.488122237224739
"116",6.04986083960645,0.683859111375138,1.77672312662531
"117",6.56363534127765,-0.372467310081994,0.118103909492319
"118",1.39892481634844,-2.36659837535293,0.216607849491319
"119",6.67474924311631,-3.20732067173524,1.13589247360647
"120",-3.75434239131899,2.06207085584282,0.194868778591043
"121",-4.01812230947522,-4.45458777880325,-2.19375843757949
"122",6.24858852184157,-3.20803467451344,-0.711381246670706
"123",-1.203654147455,4.5004400463349,1.08542070942973
"124",3.91053038343312,-4.69090924338489,2.03236358031179
"125",-2.52445121638489,4.30094990398079,-0.993813371731821
"126",4.4170877566325,-0.390167065782001,-0.74619790549179
"127",-3.95983254814651,0.370101853687071,-0.167880685544627
"128",-2.57909930913516,2.9552963263012,-0.666779399689853
"129",5.28824921576066,0.704922282812649,-0.713706200166876
"130",0.174220833471992,1.73018890301466,-0.663708925934772
"131",5.93543190459338,0.728726794455648,0.165612358862573
"132",5.00956827861055,-0.421516150163389,1.32454385997701
"133",-2.55296884300168,2.68702491948355,-0.40858116397685
"134",2.55071370690677,1.12646564399306,0.987380201520775
"135",-2.99514666699594,2.27719949826388,-1.39596953356375
"136",-0.875570207470763,3.02866868643893,0.640091881448622
"137",6.16434783370826,-5.45566185536496,0.153112741518233
"138",2.09323852519035,2.71219015101539,0.146294735044894
"139",6.70855475512246,-3.64160314969206,0.19222376523383
"140",-2.43005581027865,1.54767950308804,0.0484555642985372
"141",-0.893585522159482,-4.19006832273444,1.41294795223231
"142",2.58069603929001,1.46462020575631,0.338569263931485
"143",6.25978918144804,0.0287806191308398,1.51006520788031
"144",-2.46775678018083,-1.44602444278878,-3.83103141111651
"145",1.00989533587058,1.61935093373494,-2.15884467942054
"146",5.69729618909897,2.21001800826769,1.39424929418785
"147",-0.930880802549395,-1.65431518001356,-0.450284420033146
"148",-1.05710882456519,0.280975875688296,-0.449582332214284
"149",4.05595010538576,2.37214609624736,-0.297692486455586
"150",3.62382010867974,2.8500847965421,2.39651223946899
"151",4.22284866666422,1.40237988474154,-0.549248077090457
"152",-0.460811515163482,-4.77127074723217,-0.527755641995041
"153",-3.44070653521903,3.12735522325176,-0.184324432911242
"154",-1.81071845164275,0.0549087628507225,-0.675310387789034
"155",-0.945254773313802,1.71719173630684,-3.32397676622407
"156",6.83362345826226,-2.31772054090892,-0.734492014101851
"157",-1.90072098033942,-2.71193298386344,3.61145250453484
"158",-6.60903153970618,-1.76614414037575,-0.593358656137151
"159",-0.851515121888368,3.22083374028978,1.76518809830233
"160",4.13558407538259,-3.96950770635254,-1.06203189759287
"161",-1.80340791753073,0.983580875259028,2.18432962628388
"162",-2.02153523579682,-5.64481026539767,0.788095609993277
"163",-3.14490651663044,-0.573888752251724,-0.633555357759716
"164",-0.876402745313338,4.96763544938917,-1.06156132765764
"165",6.21290621885727,-1.73724732081803,2.5735663670234
"166",-3.73564996396124,3.26618238016475,-1.07014845018277
"167",2.56341180023385,-0.658371091843532,3.30370355234558
"168",-3.29855614629485,-0.923662342393731,0.429733615720898
"169",0.275758606201561,2.07924745011307,0.141217121762705
"170",-1.69840690475454,3.9906550984271,-0.304472924901923
"171",-5.58170816413442,1.80883565632784,-3.68047305689723
"172",-1.533618650324,0.993060078976674,0.10024650654341
"173",0.441525145466377,3.75608869721129,1.87002177837831
"174",2.18276324385004,0.57495725469542,1.35504713718808
"175",-3.26436969788584,-1.41296007495543,-0.877180612332428
"176",-6.95464294689165,-2.1856605672572,-0.80871040009941
"177",-2.75976752578241,-2.66843923552163,-2.94143608620184
"178",-4.92552156879646,-3.9577904046065,-1.36364133984377
"179",0.523477026978415,0.318375745143897,2.173678934161
"180",0.566876381349976,-3.78669991545697,-0.610332773313864
"181",1.00210417904345,2.29260316186184,0.31949039549553
"182",-3.09424557404375,1.27434287181612,1.51829003003681
"183",-0.776947649335081,-4.16945099611168,2.87825033692122
"184",4.86897975185705,0.588667825812951,0.523606504441095
"185",-1.84833021156363,3.32704982503492,-0.680970214002712
"186",5.22958158805555,1.20988288291537,-0.25166605829549
"187",4.95078961777479,2.68542600602248,1.82067768833028
"188",0.88975014378054,2.51270345243495,0.628922873177965
"189",-1.98147419271935,1.67686854529909,-1.71922118132397
"190",-2.02659516055921,0.584606604321655,-1.41438639130206
"191",5.21976752672406,1.25418262329781,1.51805259640069
"192",7.10425020712636,-2.36389143442788,-0.234941763683221
"193",6.61174476816904,-2.27591848751069,-0.694388038100352
"194",-1.53528234738505,-0.395182743055796,1.04805878278777
"195",4.96769057114569,-4.91355143829292,-2.01208004389855
"196",-2.4395763215128,1.97235599544953,-1.36604804108345
"197",5.41996495896754,0.414755839623472,1.3206143698452
"198",0.865988028026358,4.05830464450387,2.9124630955236
"199",-5.27511397821343,-6.79739785187328,2.73418493987528
"200",-1.90162278181491,2.38954257582096,-1.07467972199762
"201",-3.28145904234181,1.58898286843049,-0.172721309629775
"202",6.54831734544112,-3.60199176738551,-0.731575730251842
"203",-4.17740881438223,4.00726823457701,-2.685121105744
"204",-5.63387016090949,0.136688384680495,-3.49488483589993
"205",4.01248548988147,1.78339574193602,1.52141173683663
"206",3.87153607598537,2.88719270867271,-0.087608904919588
"207",0.797568562137994,2.58160604644076,2.28071276795699
"208",1.67906634408274,1.30070683464167,3.508845833248
"209",-5.0190501199508,0.212509116569002,-0.604507895297239
"210",5.85859314448847,0.980723824496682,0.354993705655451
"211",2.23145362027625,-0.404360792643054,-0.302893750474207
"212",-4.66057523558288,0.199879291154059,-2.82936494782214
"213",0.852602019863367,4.12251626688514,2.64940163098015
"214",4.57640459005207,-1.371822956193,-1.67215216335673
"215",0.877430193034935,4.70752792076297,-0.134024849800335
"216",2.16289768222978,1.57209868029401,0.364340041072435
"217",6.63320115652753,-2.32271312081861,-0.0203888628663342
"218",-4.16499789331818,1.52532530267113,-1.35553173246507
"219",-2.88249804833947,2.02988753944803,0.0711983182370999
"220",-2.32081010638444,4.68009362964826,-2.30066678127928
"221",7.09683175664696,-1.57235330206353,-0.39024230667694
"222",-5.17407919605084,-3.54115881251414,-0.569904108508462
"223",-4.62414945650899,-2.51996629193237,-0.779763820365289
"224",-3.67917617042879,1.55987187606411,-0.160033989758192
"225",-0.847006923875337,-2.02617686891846,0.956076538465684
"226",2.42059185269621,4.01826804433195,1.63270968907469
"227",-6.57750381327623,-0.0452495751583201,-1.61021061638485
"228",-5.48513284234073,3.01144463570943,-2.88997992603899
"229",1.66060752070113,2.4941345963399,-2.2362801733837
"230",-4.01142800516336,2.09801466204066,0.656100996577582
"231",0.0741692119830062,-2.19344827895157,3.21491195828127
"232",5.72444003610957,1.10104903774531,0.877137644915805
"233",6.64940693048026,-4.14898372767784,-0.635737360725087
"234",-2.82450070061173,3.5488557502418,-0.892389147934967
"235",0.938289899519621,3.76353782473208,0.230983047005594
"236",5.36808047233748,-1.11424166280258,2.95464175887952
"237",-5.38738732095094,-1.47099078770621,0.682505003694583
"238",0.0693419979370383,0.534848185149088,0.423647288328091
"239",2.55424926039387,0.261185007777983,-1.11302746453614
"240",2.78434479082692,4.17470910313623,2.71570696282777
"241",-1.06561337413704,0.672841766160874,1.71106276851866
"242",-2.71153815427912,-1.8508855876297,-1.3756360937805
"243",0.0652945631627163,-4.35683409976171,-1.65877019884869
"244",5.81924195091497,-6.06478897224914,-1.5086811600813
"245",2.95523895879742,0.393929251732543,1.49584326608439
"246",-3.18924261120621,0.570329087821074,-1.80815132932359
"247",-0.469025841330203,2.22873957513323,2.11047199945049
"248",-0.382464774685838,3.557598275284,0.0584556926888799
"249",7.19581175365107,-5.47970983050223,-1.08200298777287
"250",5.13904570996382,-3.28432525122452,0.710538870534326
"251",-4.46317331965427,-0.0356588442463988,-0.17382182859107
"252",6.61803163558625,-2.22547336951252,-0.691907509773973
"253",3.7933994737676,-3.94341383656081,-1.70415305375648
"254",-3.7041798791504,1.44517758303821,1.43701394573868
"255",-4.23226948620142,-6.07467550870003,1.53573805356473
"256",4.77096158825456,0.325783509761763,-0.743556204638237
"257",-2.58473240647477,-5.14447934006482,-0.987584552441239
"258",6.25794453033534,-1.0305208475082,-0.166415627664674
"259",-4.52570091114558,1.10090548225654,-3.0789886913316
"260",2.37693726946809,1.5353079547028,1.53464518975139
"261",-2.57968249968166,4.51069837004825,-2.03560279957849
"262",5.51927471517574,-1.56580859669406,-1.28380672078344
"263",1.78626099074446,0.562720922149308,0.645439664892768
"264",3.09226402568383,0.986425722728617,0.715461873937274
"265",6.13460294398113,-1.41115191588722,1.75013819855071
"266",0.0617754333607189,1.11998020458755,1.70687774382888
"267",3.58009302375314,1.60079131363336,0.557381799350842
"268",5.13932927263313,-4.02958339009938,0.585109237979547
"269",-6.38154561089684,0.170318136214685,-0.682189856427158
"270",4.54632600762575,1.17754667427459,0.257240261768159
"271",2.51839237716615,2.35040007985296,0.55224085578771
"272",-3.26516429449005,0.444832653692487,-0.510480574460684
"273",3.64073330670832,2.6591396037628,1.97064209419877
"274",4.593681597606,0.432251800336102,0.283266725697064
"275",6.51839444562315,-0.012213753453715,0.324386359421167
"276",5.37818376749231,0.404465410361721,0.456646071574107
"277",0.520925963643438,1.8710248353252,-0.0230150667737262
"278",-6.55917907503912,-4.51228488195323,-0.0489505180091299
"279",0.231080663106662,3.52583329289675,2.70924064060985
"280",1.00397959930967,0.22471614148389,3.22803902957302
"281",-1.66871673366427,-2.00906150200635,-3.29443630731933
"282",4.83525892699095,0.9520424692859,-0.776440257967151
"283",4.44658806387255,-0.279418055355798,3.39243630058074
"284",-0.16312928738992,3.02261299992961,1.4737057127668
"285",-0.094646768865034,2.37968027306568,-0.277663048893702
"286",-1.25428746253865,3.26156898641012,1.43669886275158
"287",3.83194331131527,2.30455955972843,-0.180489140448707
"288",-0.369284924215217,1.36430807362092,0.106173733323318
"289",0.131699105626962,3.53272957821199,0.276952270701148
"290",5.44431755179249,-0.215761253940898,0.251319248593845
"291",5.56306387496355,-3.42238842199257,-0.709688429915001
"292",-1.01484349540426,-0.221173661815468,-0.344213397176542
"293",-2.51172490676877,0.374401463599687,0.364969914110048
"294",5.44021074123125,0.42075641844583,1.2268948604913
"295",-1.83589995756282,-5.5847522706049,-0.742039348384318
"296",-5.05878267117342,2.10458803083769,-1.87702115424427
"297",3.94796599678109,2.1155801883431,1.59730493019978
"298",3.84412938229363,2.96275024810448,0.204742044149873
"299",-2.50026210195647,0.912424982369836,-0.23998504578881
"300",2.60768728854782,3.28777526652112,2.95576616791272
"301",-0.76708074114352,2.76803448728159,-0.494177759870451
"302",-0.449228354586584,4.43306294841574,1.2445012375413
"303",-5.25704499507463,0.227513414174541,0.054580101698318
"304",0.135551813727321,-0.182907835522391,-1.26135565497099
"305",5.26474152995422,1.11173583286115,0.201878903958235
"306",4.5581828714035,0.382702081155289,1.56101875098379
"307",5.22622206803375,-3.62814165678317,0.663157308615376
"308",-2.21090343693592,3.24637563540138,-0.650035489677396
"309",0.475879837322342,-6.10307311466912,2.9493441426276
"310",-4.12921667043187,1.35982644776484,0.0274122901262286
"311",2.44433034208649,0.384712266701914,0.212517762341239
"312",2.65142211681026,0.458302047431105,0.886925553673641
"313",-2.09097699728677,1.21218954487365,-2.64444809034904
"314",5.58786780495707,0.978660231481303,2.40422210858638
"315",-3.59881355833623,4.23609732058995,-3.24549285248872
"316",6.70271191182768,-3.44562303136325,0.616074411520195
"317",-2.35774858565376,4.22298933090543,-1.06063337074911
"318",-1.02763105949475,1.55235582820337,2.15069622087008
"319",5.52081578119896,-0.330141018960282,0.797261534629027
"320",-4.74910728769532,-6.8538938433023,2.61686516197336
"321",1.12512189782846,3.65105498857113,0.251808094118168
"322",3.92944168673354,-2.42621487187534,0.144594095974039
"323",1.99071979207321,4.14431035999402,-0.781603709803964
"324",1.07334886971704,2.00671723284428,-0.546742705041407
"325",-1.35530079026612,1.55942236304409,0.925949750506349
"326",-4.89582647842696,-0.245176069775899,0.786209533048245
"327",-4.90555125986802,2.63692582492259,-2.81193917907883
"328",-6.40055749951156,1.0630570528004,-3.01017231767654
"329",4.86331502983572,0.837035997536349,1.44051108754426
"330",2.2822055898149,-6.02934643901679,-1.04120911899829
"331",-3.58925943996263,-4.8914109605557,2.58289720457559
"332",-0.921630349849899,-4.87718423949977,-0.37914636953966
"333",0.366135540829094,2.06132823610945,2.99331609673174
"334",-4.05317840767621,3.10562175796061,-1.19579226231403
"335",4.0071075985799,-4.611893539357,-0.485673545438835
"336",-5.54559808180785,2.05896792437304,-2.02646581243321
"337",6.42017931071978,-0.319571425583609,-0.021018728765224
"338",3.94668556113168,1.91758089545082,2.24431291533884
"339",0.358751470877123,-0.469239773961692,0.74707082923611
"340",-3.91886069882199,2.93764256637468,-0.0729101292865185
"341",-6.38972776807487,-2.09753185136235,0.701751892783522
"342",-1.83141444872841,-2.57476565062889,0.211529100621019
"343",0.947034862375297,2.14037779327106,-0.682218888476376
"344",6.58885284098797,-3.15227362391062,-0.24339966064402
"345",-0.842795883456995,0.45043976482427,0.789043250457284
"346",4.14247268643363,3.81590390657064,2.35161613599005
"347",-0.982695887297597,-2.87337671212353,2.1803437573474
"348",0.437526016541641,2.63988024549549,1.92725668378714
"349",-0.0217120809784274,1.75109579961079,-3.23451930585463
"350",3.05599939704359,2.75120660802436,-1.10304321896472
"351",-5.74033979549079,1.25563443773912,-3.02390950932696
"352",-4.25536067349464,1.56914804193762,0.68552518989844
"353",-2.14584538023914,-5.29413550668678,0.22023827801357
"354",-0.0651957890205195,-0.904928128716016,2.53563578939899
"355",3.38595397220873,1.52647380259865,-0.303591195940684
"356",-2.47727217963679,-2.73065836042259,-1.12340983437032
"357",6.17663087497801,-1.7500947537426,-0.709639962415253
"358",-5.08333331948286,0.702977666708358,0.659519852924143
"359",-1.13277100167175,1.20650896211591,-3.15189334953093
"360",-4.76724459815265,0.0919561645852191,-2.00363454267421
"361",-2.74999797019189,1.87767333362793,-1.01318313172222
"362",-4.81703411139867,-0.555417379392942,1.43997068054918
"363",-0.827808354536644,2.7934143613681,1.05121704309949
"364",-5.35221421820596,1.98548720090407,-0.673148370076372
"365",-5.46101848413475,-3.15712585324378,0.327348626871672
"366",-4.77040433593945,1.44091392844981,-1.102988433879
"367",4.71484205263374,0.110158281455365,3.16724146421188
"368",-6.24744420313813,-5.38216243379131,0.0544882745453689
"369",5.86078522380788,-0.807100860861537,2.82790611410178
"370",3.53317741151314,-5.67945566973229,-1.32010866613689
"371",1.41833202192184,0.286778187610861,0.643897882473122
"372",-6.02339773142345,1.38887325478225,-1.26913428054198
"373",1.9115266455045,-0.978227375046329,-1.42770944150643
"374",-0.413344963468671,1.4877750733572,-0.425141850748283
"375",5.23986645936052,1.08023631058416,-0.36233636588029
"376",-2.00977123013451,0.93752103676743,-0.348607141935025
"377",-0.272014717686218,2.8732362766623,-1.78192943611005
"378",5.88436230210034,-0.870003936023319,-0.754040554256626
"379",-0.494475414458482,-0.881499251391432,-0.337012320305541
"380",4.59061232281693,-4.47176161599711,-2.53481440928468
"381",6.78063946660326,-2.76817891271138,1.46707639254772
"382",0.235107602400913,-2.77295590385176,0.484236732895902
"383",5.32557743818355,0.930427062565796,1.72034475175522
"384",-2.69235607524063,2.1574871465305,-0.699986410756027
"385",5.65166270915394,-0.397584983080423,2.05285039857407
"386",-1.78561899600471,4.72325760470065,0.453561807907619
"387",5.05436115943461,-5.1520929833919,0.971575982907254
"388",1.11746258872417,2.71045898413829,1.87256473312985
"389",-4.84208259659344,1.37678851010522,-0.961024389007603
"390",1.93599493613425,3.55879818694027,-0.587752570748651
"391",3.82623993104115,2.99151270680884,-0.0273380125373278
"392",6.25601259763209,-3.36529522992924,-0.2309926429889
"393",4.689071927037,0.755894027275577,0.707589870463238
"394",3.84817048284149,0.743347826961006,-1.6933453331277
"395",4.34540952278893,1.77529345889756,-0.277320704134315
"396",-4.72630120791336,-0.029514890889712,-4.17163422898029
"397",2.10930160455593,1.77206884735704,1.61037644864789
"398",-0.496730206653324,0.52740176374557,0.421764380395412
"399",-2.96637136745866,2.95377248818389,-1.72542749547834
"400",-2.92859429117753,1.88678897871861,1.71001793520044
"401",5.93431801419177,0.441913084441317,2.34822138989226
"402",2.06172232209295,1.53526509444682,2.27875996241236
"403",4.96409046873687,1.90517051380556,-0.0216527232233705
"404",1.98110180600026,4.31990155753245,1.70625257341692
"405",1.24796534283238,2.78049393009905,-1.66296856626242
"406",6.14002659133803,-1.24517788275176,-0.733305885372991
"407",-1.42895167279781,1.02337269091107,2.24117657588401
"408",-2.38585597180114,3.15468561440824,0.656403578381989
"409",-0.888176701118615,-5.67894232575165,-0.515481094141905
"410",-2.21972926898398,-1.48345882766094,0.967474759062042
"411",-2.0914307611314,3.51059471351783,-1.92817912623342
"412",-0.160845290893786,1.71247516960081,1.61137419334777
"413",-0.870076971948363,1.02634376541485,3.37444070581095
"414",5.1188906448235,1.84876793789489,1.09882033680336
"415",3.34421662680321,-4.25388897741953,1.7667438185619
"416",-4.66986765474269,0.146439170720679,-2.74529959866978
"417",0.812572295013105,2.23099609835734,-2.10989859144826
"418",0.123819134380771,4.78612837809328,-0.461665794321802
"419",-4.72114216047253,2.83485754822588,-2.97289791333148
"420",-2.03423692536171,-2.62629573046478,1.53620804380941
"421",-6.00652774776281,1.29226093809585,-3.74944346965427
"422",-0.956543951042102,2.34421097540167,-0.551912301917653
"423",5.73609198335918,-4.40520663076012,1.35209708750508
"424",-3.01615657254909,-0.6199400307674,-0.626174796841006
"425",5.64584244857587,-4.07972692234759,1.3269430502739
"426",-4.0245272027211,-3.37226109664721,0.166812753975881
"427",2.23863434642232,-1.38779137604117,0.661173861710967
"428",6.1275943169522,-3.54204363254583,-0.708875537804973
"429",-0.78001914404443,1.57133547845378,2.12979966688427
"430",-5.64868115052983,0.678282396632963,-3.28483388635533
"431",-5.83322035634574,1.67187476311113,-0.827360953171363
"432",-5.83444069044394,0.808758987266465,-2.00954701439704
"433",6.17509081676223,-2.11598308174657,-0.81407937179149
"434",0.490357157358235,4.11653997174567,0.00930341219561691
"435",-4.93100238093235,2.56732671059008,-1.6763899214377
"436",-4.65389844260758,-5.28909340451708,0.122685992088868
"437",-6.43899884378312,-5.28061454133629,0.363572633268575
"438",-5.61814189776691,1.37328397961396,-0.71018977872526
"439",1.14004230301396,0.466716501344031,0.970929703119747
"440",1.17317156464384,-3.23675056133123,0.0379460026299537
"441",4.73605052667458,-3.84065226094806,-0.394775977049229
"442",4.24073608994707,0.941084458876669,0.514184777460904
"443",-3.20291180020489,1.57987700580566,0.0800559234750936
"444",2.22009533110021,4.30515385281062,-0.372790525559605
"445",-2.30869556433338,1.80187647827006,2.03578053927785
"446",3.73776479830921,-0.875366099984568,-0.541243052388291
"447",-0.925837739561516,2.05919523014211,1.85090026424923
"448",4.73343083651123,0.369867184680757,0.768641512142479
"449",4.12974686542884,1.28765442385139,-0.189083649459278
"450",-0.962081933356249,2.62413042503759,-0.650482105965576
"451",0.185478641441307,2.32234441078398,0.167070575880724
"452",-4.15272832094946,0.846710022455545,-0.223301895922206
"453",-5.16424854858904,-6.68117578151745,2.81481454832489
"454",6.28890239861346,-0.709294593883543,-0.72182941868098
"455",6.16073939732715,-5.03349878581264,0.645674168654218
"456",6.12838888254772,-0.233981041494138,-0.522696930762954
"457",3.50276104830713,2.34736401111987,0.807229618429879
"458",-2.86679988343234,1.59540549849115,0.817483680992611
"459",-6.37714842564025,-0.879430526972944,-3.25477986753101
"460",-3.14782149563244,1.50369488419585,-1.90599673682134
"461",5.36364002398593,-1.15231870037831,3.07674117885132
"462",-0.894177938096717,2.03853924440145,1.74135722092601
"463",1.9460745958478,4.40457160946619,2.93027883877296
"464",-2.88676880562705,-2.25018031678461,-0.615670235684084
"465",-2.14703822660685,-0.748818991466714,0.975834912466284
"466",-1.85280527207934,-2.32726337024027,-0.186033533192074
"467",-5.32395859771159,3.45585833805485,-3.86668815045768
"468",4.36059855935922,-1.37977449007904,0.259491990132155
"469",1.73717066081098,1.3111901660549,2.46989411871552
"470",4.63662944207185,1.96658731864246,2.02297519612457
"471",-3.1364831574493,-3.10674793976003,-3.84646751338316
"472",-4.23732062282654,1.70634087545556,-3.33671396111426
"473",3.02291434322961,1.93477291707139,-0.415655393101544
"474",0.678349490468702,1.99149979548441,1.77349177080571
"475",3.00166823922847,-3.89633238342739,1.05969163101509
"476",3.65904945680629,2.29242727612801,-0.817453071875964
"477",0.333533142280826,2.69448921273175,-0.301397535012255
"478",3.4090635332959,1.18676069709287,-0.733591945073821
"479",0.543607499515532,0.146369309130849,0.157337852773476
"480",2.16845672256534,0.536515005450586,0.599226656877939
"481",3.73476255350199,3.18519743730513,2.97456787306057
"482",1.26250313689258,-2.75206917118533,1.40764448387453
"483",-2.51305926502235,1.30596897099557,1.92382795044674
"484",5.7754285797832,-1.10131355489382,-0.649561951643414
"485",1.19142324270617,1.79728266418117,-0.311721383531424
"486",6.04187884894825,-0.726273753778513,2.76398473674111
"487",-0.815591311861438,-2.0045778114889,0.501119777452053
"488",-1.09823213363632,2.87144776892327,-1.54415482701413
"489",5.66558444649224,2.09178693511591,0.57761792370087
"490",-3.45067561375591,-0.313514490436798,0.631759651547086
"491",-2.75792624671034,0.835188913291688,1.53863178008798
"492",1.78818566641188,-0.768543998655391,-3.18210812495212
"493",4.09511123850061,0.971071483210284,1.79301520818085
"494",0.14887227982703,3.4041965382003,-0.697562868527462
"495",4.3957605812648,0.435476251205097,1.12834187012663
"496",-4.3924563949629,2.34639230608574,-1.58313899295977
"497",-0.483580483497287,1.65661580100848,0.219394512032191
"498",-1.05983676636053,1.97053528654433,-0.531146482854831
"499",5.31629660873263,1.14998517966448,0.918019793462564
"500",6.16028136530027,-5.26334439372235,-0.339512608765379
"501",-3.18554920100792,1.61537672799927,-0.265883329945109
"502",-5.56171986948475,-4.46170508030152,2.26679052917398
"503",6.06118175242592,-0.0435030768548528,0.507447525682449
"504",6.25279165080739,-2.09203359257653,0.612939584277989
"505",-4.40255036243517,2.90419257011316,-0.876474664773519
"506",3.93844927638502,-5.61591217863917,-2.75888226369248
"507",2.06170944753294,2.53818221012274,0.0720573657608064
"508",1.77966838197291,-0.0605830369891543,-2.77731823357037
"509",-1.90512797549006,-0.821758076605758,0.567777737360098
"510",1.89958608204698,0.834393218257826,-1.10299315467187
"511",3.67335205394003,-2.46658966937635,3.21672003825035
"512",4.48992585268482,0.169350980653595,2.6318907306217
"513",4.57962709473068,2.10339742603472,1.25424966125267
"514",-4.39669435789305,-1.98255923790383,2.07159360491566
"515",-5.39947878471398,-4.39576533514125,0.47572200396117
"516",0.549147311539225,-4.1637946022222,-0.225843012115518
"517",4.91861221924087,2.23583858131366,3.02402754022692
"518",1.37530648872457,-2.75435096934994,0.90243765827928
"519",-1.92674310680124,2.60808005634854,1.46068305682979
"520",-2.3198055943106,3.7338030205946,0.439615347995637
"521",2.18276927270843,0.865536553543622,0.930041176236514
"522",6.69469028416145,-1.41396301720809,1.920770232243
"523",-3.88583216373383,-0.547358581526347,-3.77298207583943
"524",3.83872677814152,0.49175104286073,-0.166096948060579
"525",-3.45014182782786,-1.01418499440368,-2.69498665490938
"526",5.3190456779321,-0.937767922601496,-1.67867104327894
"527",2.49134399029954,-1.00618300693036,-0.257336211107764
"528",-5.21450697273263,1.91620814360997,-0.811439252219778
"529",-3.8390473831571,0.982662997399654,-0.405748409562183
"530",-0.375247286375723,-5.40216222750793,-3.29171566474801
"531",2.95475112563051,4.47426822205103,1.83604950902318
"532",4.06411677658643,2.24891004228866,2.06326735903116
"533",0.0791686114954488,2.06068893060899,0.643576907206673
"534",-5.24266340690037,2.4087668892297,-0.740934481421858
"535",4.46229665933995,2.13147755745927,-0.276625295971381
"536",3.73130360767027,2.12952322719106,0.724069930410879
"537",-3.09025810745394,1.64662091375048,0.102669302686167
"538",-4.72341026204256,1.5057715656792,0.45364017417048
"539",0.0215460788117366,3.42503662752768,-1.06495581348311
"540",-3.97773396885037,0.508558409527978,-3.11095222644478
"541",-1.39356854132201,4.59472218981242,-0.816123249152356
"542",-0.65240509692528,3.82597141702804,-0.298191868927411
"543",6.15007640941078,-0.00386522080434226,1.64092223535397
"544",-5.41743346329277,-0.181067609858756,-0.0259202128257055
"545",-2.0780437861412,1.99322473396927,-1.77434888765826
"546",3.98182297543928,2.7082588244064,1.12889745870537
"547",-1.01639649751571,-0.279153191843684,-0.951355076780152
"548",-4.6542048906065,2.0056644371432,0.363708293795966
"549",7.18411259429038,-2.48636785739343,1.0783207369355
"550",-4.9689146370855,0.687045420646018,-0.0100036228202381
"551",4.75097647613709,-3.38305939957283,1.2518099563937
"552",1.77836929537824,-0.969282570032863,0.646802500249192
"553",4.8420621607365,3.16722666643979,1.29149143418784
"554",-1.93066398598941,-0.105035604323943,0.277018733602723
"555",0.497545664743465,3.70299328590426,-1.33872787036934
"556",-4.79266370902337,0.598264690182365,0.735893814947168
"557",1.08854089271009,-2.74070992518356,0.970930769646529
"558",0.445328955283473,0.41322853215101,-1.27396170198596
"559",-0.130423646338445,4.02419194803931,2.11323769175117
"560",0.0637209023505063,-3.77795714035014,-0.660648331858262
"561",-4.19443485778565,-0.202538387118871,1.63253853231418
"562",-5.722891535349,2.38326482138302,-3.19623057015539
"563",-3.656222728874,1.71135288578581,0.678673906056141
"564",5.13925241980217,0.968817157286688,0.459443321424756
"565",-0.873223615395885,-1.16136281662135,2.66768832007022
"566",4.90375592169369,1.80497002985187,1.26820815997989
"567",5.8176214578662,1.10860426535056,1.27130027183093
"568",-0.0449614303701587,2.36591537812727,1.76366994559034
"569",4.80640427032557,1.1012661134581,-0.686469083970354
"570",-5.11643160556891,-2.56834417437089,-3.69337465853315
"571",3.30904589806885,3.99800527318923,2.11187260403182
"572",6.1480571714353,-1.22158049760889,-0.265823825616166
"573",0.225994611719982,1.64208992709068,0.908208775699251
"574",-1.47398365332481,1.93638418659096,1.88997063890605
"575",3.81922413732408,0.0557144343600515,1.99134150445226
"576",-1.78894441776433,0.409174779370591,3.67868198900431
"577",1.21586354721748,1.57572422703989,1.15251611007875
"578",5.99339897130157,0.253748421850544,1.14939780608124
"579",4.6008215183972,0.818824475746872,2.29473709159396
"580",-0.23440338896798,-4.06873378189335,-0.847532907483643
"581",-1.4694676326081,3.72564867987984,0.216052011685257
"582",5.84518364869879,-3.22105898711163,-0.357877090609579
"583",-5.420646546637,-3.61826377147222,0.1003182342125
"584",4.22677367870338,1.5337371807555,1.0118272527814
"585",1.36031182215483,0.110909563749534,1.59342819347102
"586",-0.8409033790857,4.32708963582503,-1.60676528775629
"587",-0.732648728620913,0.00429238016571899,3.20488885602369
"588",6.0018839458733,0.928265547334933,2.71771661378902
"589",-3.70767541211195,0.668222982451046,0.0502271576255914
"590",1.00308923400981,2.38928125042563,-1.55431114633016
"591",4.47444036876655,1.5825803089726,1.72283877949164
"592",-0.733934840313977,1.65895854289045,2.10733467485914
"593",-1.33686629528696,4.86035210323302,-0.130860578346857
"594",-0.901063674795869,1.54169590498198,2.65506879384417
"595",1.08752712750663,-0.59307418342023,0.187883978156329
"596",-1.09208863974083,1.91089307145738,0.797159587469416
"597",3.81731192746722,1.41952764414054,0.16298271074769
"598",-3.16028564136785,-3.83329664780723,-1.09159864651455
"599",4.62052917265158,2.04302529295726,0.110213316062318
"600",5.04097671973362,2.49491279631477,0.569648054976008
"601",-1.64787056418668,-2.33266431621474,3.27178026767635
"602",-1.74419239408192,3.45227176795167,-0.458804119814325
"603",1.56959014744143,1.43484024348453,-0.599296639333031
"604",-4.26182449166282,0.0908667963341528,0.842896092266035
"605",3.57952127619372,-2.83229147719286,0.153620132240155
"606",5.51846287875563,-5.35365376240382,0.80275773303663
"607",-3.96996052985358,-4.32091514604914,-1.27828545396075
"608",-4.57204754293161,0.29836031968467,-1.38638174569199
"609",-4.27706550435473,1.50669490172947,-1.11422512661408
"610",1.80056546619441,4.73082725966065,0.492407136693165
"611",-3.81477434473543,0.591144227156239,-0.549261972865767
"612",0.747427560501445,-0.890816811143339,-0.60713629692051
"613",0.0139064012428755,-3.9640797155603,-3.30258746277785
"614",2.2901608034288,0.848365522118103,2.73302061030428
"615",0.709879060722071,-4.13333417034078,2.27324046967614
"616",-1.13155018775867,0.178533410849343,-0.849719162087435
"617",-0.425708601504426,2.79861622619801,1.65687957047021
"618",3.82873614222242,4.19368083247288,2.23085020275856
"619",-4.64057472406984,3.94057509473637,-2.64390698186092
"620",3.5086365884255,0.15820640915212,0.205856535375969
"621",-4.14308168702313,4.07480737413894,-2.74380298012275
"622",5.79841880042863,-4.41189567920944,-1.05605448985992
"623",6.96379868949959,-4.30110392580371,-1.38618250553391
"624",-0.846219054876353,-0.87515038640484,0.00117388484007157
"625",3.67955979547676,2.38034577726922,0.0293759669523162
"626",3.18413858292623,-0.545036696947865,1.44393130615332
"627",-0.955844532648914,3.293647249009,0.35042882137099
"628",-5.72171175296492,2.3493685441608,-2.82715929931633
"629",2.5188719953009,0.377940276203794,-0.722160288846109
"630",6.12437480090547,-0.874351517346032,0.15724755258468
"631",-4.32004144831128,1.58805060441899,-2.66813552810451
"632",2.62566431910545,1.15568943669456,-0.291554643026522
"633",-3.52130827353423,-1.53459699567231,2.58107470773616
"634",-6.33373558645,-3.63655866101749,1.12405003027577
"635",5.05038230562827,1.36474870263954,0.577498315962955
"636",6.59663619324716,0.786607859020441,1.48563339042374
"637",-0.815320774740716,2.42945210736176,1.459789234077
"638",3.71778237004262,0.0536933556138155,1.9130402199832
"639",0.48188137570515,3.2186067624419,2.03846249674917
"640",5.78042938751609,1.04851722636504,2.72075204394798
"641",5.25525544747126,0.124667516688835,2.15785991211103
"642",-6.50951912047583,-5.65581281354581,1.80514188885927
"643",1.3520038310422,-5.76270904592835,-2.55477568925442
"644",1.67712780446338,-4.15075756814669,-1.71051403420392
"645",-1.79456904976183,0.552890750747355,3.31225813772239
"646",5.1985636497519,0.479960663078301,-0.271542105897513
"647",3.54517494364306,2.45530069678414,0.462472017674227
"648",-4.83428358432939,2.8196940458544,-1.78042398816663
"649",3.44822494962689,2.06594458280057,1.19700686337329
"650",3.54625363626732,1.62044458573369,1.86709407265293
"651",4.60785574135178,-3.21850158289627,0.592891288295678
"652",3.22510622201577,3.68276464477869,0.606077041515632
"653",1.1377838149133,3.9879723980324,1.33725635273661
"654",6.53597791660155,-5.08044298937777,-0.26391462620246
"655",4.48658501912375,-1.62769885732242,0.120396915696242
"656",-6.40363131161142,0.239985783756473,-1.05429003062529
"657",1.36123805463011,3.5045409593163,1.41853022502517
"658",-4.90364766054016,1.02111478415927,-1.37237694147976
"659",-0.544498348299397,3.85166380743225,0.992529045993164
"660",-2.43908331204668,-2.46612850746295,2.12388853662511
"661",5.84298351324041,0.0780961505742406,0.00316001499545601
"662",-5.80603347656385,2.18322781980553,-2.21154425281822
"663",6.25745313398081,-3.26691294777054,1.07640718744196
"664",-5.32349048113271,-0.930643097660444,-3.63028219048312
"665",0.334086585784451,0.77796264817039,-2.54705245553049
"666",0.331243660274623,4.7560635891225,-1.18713198171245
"667",5.54794003357923,-0.305643048681456,1.26937536943799
"668",3.77441494328971,2.83259018389159,2.35303391348042
"669",3.25386221123611,1.45088626833799,-1.25788810095779
"670",4.00922013283676,-4.33259203212262,2.893941884222
"671",3.30649171914018,3.24746167940784,1.38962198347547
"672",4.86659893039115,0.957235671175328,0.760761925494043
"673",4.19282181861348,3.9807332303659,2.12146944987514
"674",-5.06849607411569,-5.05735135392892,2.19308662062838
"675",-1.14639449137802,-5.36908284522953,1.2794877755808
"676",5.37403560988494,0.197498188717261,0.651940105961066
"677",-0.976832073582809,2.1137102893387,-1.10760315554712
"678",4.55975288382474,1.64759324465237,0.0942505848038459
"679",2.0849372018466,2.49068657245632,1.18190038532454
"680",0.558743909602198,-0.254851020003372,-1.06532392389639
"681",1.16363165438242,3.39652709336071,-0.155557410501852
"682",6.60443074550046,-1.56452425785842,1.0079645838176
"683",-4.3727987850735,3.21453667376936,-3.23828498456702
"684",5.61683300295296,-0.548239638327332,2.26283799465109
"685",-4.49886364993289,0.272079771837991,0.54286311732468
"686",-5.94889362393362,-1.78115568334622,0.755739458442363
"687",5.97558799860216,0.23273779177186,1.47633734873653
"688",-3.19811231095562,2.42025235126769,-1.35813770763429
"689",-1.39698714194769,2.72418332818052,-0.463931993758737
"690",-4.58572344257533,0.434399348596366,-2.4662787308034
"691",-3.29951144722765,1.06928588761491,-3.09682816320384
"692",6.02292833099398,0.913954010716964,1.1859664935817
"693",0.543192836563354,-3.36402523498768,-3.2567829871734
"694",-6.54178231819103,-2.94032707348562,0.226620412148199
"695",-4.66453225143135,0.0229403618100013,-3.31981126098949
"696",3.40811620011589,2.74951000769536,1.40390706802748
"697",5.17966579280534,0.693563052793271,-0.708564851770292
"698",5.01173529323743,-0.205712509908325,-0.485362628957873
"699",-1.42186739419663,-2.9691224120049,2.92367825155063
"700",-6.47700550762311,-1.77349271692085,0.195526477401744
"701",4.8509335612825,0.501921847199072,2.61880491880636
"702",-5.11280725431297,3.9024918981453,-2.58039980036547
"703",2.49996129505138,1.49293290064701,2.43125923841267
"704",2.47076509095993,2.57477434840947,0.785759732551298
"705",5.18666712615302,1.43855293645147,0.658965477489871
"706",4.74334408745665,3.51421328582106,0.961774656984666
"707",-5.59979094957846,-3.4013198498392,1.98927925403473
"708",1.83177769605904,3.40034587501282,0.609448618488124
"709",3.04084022048335,2.10582593910771,-0.725012917366303
"710",-4.52834473877294,1.70188745438346,-0.679542767689064
"711",5.69516112492901,-0.0539244490746594,0.482773159630501
"712",-2.51472971068194,-2.48563030561087,1.24015395270324
"713",4.69064428329171,-1.25930280261152,1.58745970476005
"714",-3.63217025793492,0.998602747334835,1.4898715474196
"715",-0.190826660117213,-0.0262505075526541,-0.43301673247821
"716",-1.78829615102881,3.51338847999822,-1.40554297553049
"717",-4.16253686431663,2.83983318206981,-2.99415575620024
"718",-3.20384325689389,-3.13420407959931,2.09521491688205
"719",-4.1431429779613,2.27055147980507,-1.09914726958985
"720",-5.54225894551039,-1.8019655627956,-0.746140640869849
"721",1.00058754122047,1.32930437976131,0.111220621269056
"722",1.81156095539441,-0.253482415482813,0.712675965319165
"723",5.0609472105547,2.36574800281402,1.20243660671622
"724",0.962395741494637,2.30893082045422,0.833854735873272
"725",-0.491844367878422,0.633779769631943,0.147801234013481
"726",0.890737434108031,1.26627552324116,0.239997295127407
"727",-1.85390947680927,3.01817649183012,-1.94708552570979
"728",-1.48920485690158,3.53016264253741,-1.05701533010129
"729",-0.475938684075444,1.99909005864215,-0.282741125373575
"730",-0.721859660331453,-2.3681752949374,1.26932322856415
"731",1.92004193136607,2.70877400882691,2.8562506050352
"732",2.57643926851596,-3.38513833675593,-1.37383770293296
"733",-2.99345153464196,0.0298114449354254,-2.69203071347451
"734",3.44845070330402,-4.23367435961573,2.88439901670465
"735",6.21714728768118,-4.54959192254148,-0.00759069499370979
"736",-0.0984110584378608,4.98593116163808,-0.150987298745893
"737",-4.31313563324124,-5.06035009279821,2.00331280941301
"738",5.96133341737247,0.532811130395467,1.30245873916033
"739",-5.85786184528636,-0.194844825211866,-3.47345735085493
"740",0.141672573357709,4.29259453428303,1.50426985161966
"741",-0.833065835801456,1.85208585432496,1.86930741200472
"742",5.55552596811228,-2.74432405057759,-0.332591898359611
"743",6.18869292357478,-4.67572898206373,-0.50618222013967
"744",5.89087899857014,0.958423283494752,1.21626536821793
"745",-0.337170266110467,4.86745848234266,-0.0839762656054461
"746",2.10058527092533,4.4078626678645,0.52177688660642
"747",-0.383971523705098,1.6165105146015,2.58241843780986
"748",-0.155411668749196,1.72901078985498,-0.264850889292341
"749",4.48906258843673,-4.77383565073599,0.636197469832112
"750",-3.12372997325915,1.7467408861746,-0.697866198079799
"751",5.73687555406659,0.64995630479109,0.957162356500242
"752",-6.59766371942145,-1.1957849325021,-0.889168893310089
"753",-4.05188308016404,3.29749359090425,-1.29909375328572
"754",1.08077682928972,-2.15721424524998,0.243523112062557
"755",4.51609722963026,1.44404260713483,2.51707434932389
"756",4.31551143063391,-1.06175819737208,0.621916272709663
"757",-1.57753235585531,1.23737675425412,2.9517977296755
"758",-3.61840627338164,1.49764861489485,0.0900492151449797
"759",-1.15482000633407,-1.32414346245356,-2.62142257825905
"760",1.12081152420149,-4.34233353543631,-3.57501759325445
"761",-3.78211278775798,-3.0768673227533,0.672756710768371
"762",4.54472616951817,0.345442962590603,2.02941600753102
"763",5.28297327900384,-1.36585530697166,3.42111619279038
"764",5.46519424567026,-1.53060463906249,1.16568245889305
"765",3.11758995217823,3.10360856684493,0.68109871768604
"766",2.45285799629033,-2.95092120322381,-1.67913925397155
"767",6.66633306699604,0.251180641946796,0.119669031739224
"768",-5.27115677622896,-0.029191308130291,-3.54346189416531
"769",1.5997353870108,0.467605969374653,0.444485239526724
"770",-0.558085278266643,2.40212460018495,0.111511430631361
"771",-5.69583772957639,0.352338222649326,0.0429205509287323
"772",6.30032534699336,-1.74808256294913,-0.838404605178304
"773",0.510248187366353,2.16244542695439,-3.06251117885443
"774",-2.44702667774004,3.2475256660672,-0.647391218589692
"775",-5.38450555673762,-0.970196097646779,0.0625962074442225
"776",-0.887477981758194,5.03936646933878,-0.646584242814886
"777",-3.53415350423168,1.3401457700468,-3.42722385980703
"778",6.26822521820548,-4.50398104442233,-1.61139452998266
"779",5.35184868968671,-0.0796346943554585,-0.706273559444285
"780",-6.88962523378114,-1.47820426895934,-0.69152750303213
"781",4.73749906016674,-4.60710002527933,0.0866696376878279
"782",3.30763109484002,3.3811073734813,1.29560788131836
"783",5.51837501614604,-0.282379043683366,0.570500874684667
"784",-2.86084358962923,2.42766069045614,1.41366382143845
"785",4.48427653499115,2.74381471552797,1.3307585351111
"786",0.248403381817452,-5.13534775422969,-0.649102452987202
"787",4.08843928581027,-3.20942730745576,2.090734634468
"788",0.468420046745646,0.498596715857256,-0.621928311546903
"789",-6.51998802698391,0.915756222244641,-1.33116119704684
"790",4.86676548506759,-5.37874536447138,-1.35098737948904
"791",1.64945604523572,2.93441712956265,0.280757856233224
"792",2.64698308485797,0.734573735787475,-1.37587053994854
"793",-0.772149663250512,-0.422058846727768,1.55893424724037
"794",2.56576237945121,-4.2690968385561,0.690093027338299
"795",5.29400528384536,0.801370775160415,0.0525531039760111
"796",6.34383458762089,-3.3228546940808,1.95011610362878
"797",-4.27464553835718,2.81262763941001,-0.783518703118557
"798",1.02469319677568,1.55684260063234,0.0674682622291252
"799",4.81069529592672,1.11446121264309,-0.739878460162875
"800",6.1318156722721,-1.15456216820941,0.00463727179264042
"801",-1.58222613164434,-4.3511894690634,-1.0114962682433
"802",3.60496656910909,0.674557501529238,3.07090683347294
"803",1.09493051082377,2.15428392132261,-0.152585222767181
"804",4.43714913435021,-5.59424861823367,-0.40147032456737
"805",-2.99361122594811,1.15407734346602,0.863791383812502
"806",1.74046900770927,1.87151152128196,2.68496661161317
"807",-1.45346101220573,1.98718313115879,-0.141705118391721
"808",-0.149660635694384,2.01902997307415,1.76793188892506
"809",-3.78986362920163,0.176802072577775,0.13635462504436
"810",5.49579519548286,-0.368462862980727,1.7085867673969
"811",2.22174877539105,3.19355842203279,-1.2541375397664
"812",5.20901524431471,-4.05777391639649,1.33011368197984
"813",2.0295806846544,2.24610032071025,3.35445092634888
"814",-2.86410316602563,4.1258917301231,-0.0776439702894473
"815",2.74575949564607,1.82381988465796,-0.306658044119031
"816",6.27851153611686,-1.51955708507818,-0.29567855378242
"817",-0.144793968683218,3.20577118440862,-0.562844958163225
"818",-4.26990477427726,-5.68059544233564,1.4519716841786
"819",2.05578670092075,2.09720932515865,1.57650709560209
"820",-5.28858434186682,-1.95246629841054,-1.98841238704789
"821",-3.05977407566929,0.880988956808132,-1.06307514477643
"822",0.254393290601828,1.97701113631967,-0.647755860970477
"823",5.4750973943647,2.3975589129406,2.42923912380316
"824",-5.16828106937798,-0.884359713346591,-2.60614846968238
"825",2.57538548715823,4.22285610737928,2.48058719538021
"826",-0.988399867616469,0.282776827140727,-3.58521563098138
"827",-3.03694127097585,0.720334789158464,-1.77850180789919
"828",-3.73669774611916,0.317551101081508,1.31120803364761
"829",0.65507602004889,-2.72634506580111,-1.76309835141797
"830",-0.522209923934578,-0.411738876082853,-0.204900911312898
"831",1.03482079823897,2.79187197601098,0.539102213495569
"832",-3.61788426533202,-4.71087508622831,-0.387986114438544
"833",-5.79318824043659,-3.27179425074759,1.11843454713039
"834",1.14673586241924,0.785842655689644,0.108649826951465
"835",-3.73343812496863,-3.0252868830474,1.92002930273279
"836",4.99178638811669,2.05788763952263,1.13278981991662
"837",-4.76603046995902,-3.11323748006013,1.09182198523896
"838",0.918715515231432,4.10434519796121,-0.744244110981984
"839",1.99647818467949,2.7347084732817,0.789989689860848
"840",4.76541398885834,1.04236120220348,-0.706919289392359
"841",-1.55948299782832,0.42571767574234,-3.61248559764527
"842",0.533083466992567,2.08257664746889,0.146681287412435
"843",-6.70499476970785,-0.367238509942081,-0.3909429807222
"844",-0.608773152215368,5.02562888374724,-1.37536393862585
"845",1.7360904837561,4.62738568190572,2.01491306010574
"846",2.23975857925673,1.98467521058371,0.0422072785873719
"847",-2.28169328075854,1.77384620417343,0.121577147513762
"848",-5.21512997130114,-6.52448757657708,1.70938989840086
"849",5.30373187096203,-0.348296743507651,1.88607171609799
"850",-2.4044832281323,-6.09054806108198,1.63858043021131
"851",-3.5083344305018,2.23383875021342,-0.123939192384279
"852",-0.889081721496876,1.1602634407653,1.36491004234855
"853",4.5678457062642,-2.17187581330175,0.388267888144719
"854",3.85730786511661,1.38831045580112,-1.35416767772295
"855",-0.826013393456739,0.359887194714815,1.63888088022397
"856",4.81965684269941,0.644782221774967,1.08741622085813
"857",4.52431193666505,2.51439541080245,1.7992458363673
"858",-5.3725236410266,0.3469525736621,-3.46366465710943
"859",1.77973040506961,4.38893158651881,1.4340985371888
"860",-4.5663828654769,1.57211619354921,-1.5086600357015
"861",-5.01484686720846,1.52521344701952,-3.27664725932449
"862",-1.38583307793006,3.15446142524064,0.679180320255492
"863",5.4700300943012,-0.516731286305297,0.194925544159372
"864",0.870704251858688,2.66305005323386,1.85819058708578
"865",4.71923788789943,2.02934037430456,-0.306484106471527
"866",-0.585955230533306,3.31279451769809,-1.07403776159545
"867",0.535867343372976,-0.25995905932879,-0.663924438063333
"868",0.923142939962882,2.63718044683193,1.54965883682591
"869",-3.43172843159572,3.48500322796125,-1.61195520430366
"870",-6.25248803856122,-1.00550577614692,-3.05017590104469
"871",1.42704819687012,4.36637321740111,1.92779761463991
"872",0.228179927299319,-4.09761111241469,0.135571814158051
"873",1.67878291135155,2.04707096802077,0.352366505571288
"874",0.236511600989441,4.64339132863623,-1.31296791140015
"875",-4.55474191870455,1.50685821936498,-0.0790969997944248
"876",-0.46241427838664,-1.40561527555586,-3.60566199687647
"877",-5.07554646771764,-3.6970120233827,1.73135694092897
"878",4.21069975842957,2.78302047119713,0.943312057372203
"879",2.96199207713973,3.95702682052871,1.37280589449642
"880",0.531165180896638,0.920722497171836,-1.36616000601491
"881",6.28486170730947,1.31043141443554,1.24474440934591
"882",2.57469312904177,-4.00998472081251,3.77554817785741
"883",-1.58074506484001,-4.1415491250867,0.463246214696028
"884",5.53018337161281,1.18057011612269,-0.0220509741130795
"885",2.23673052471201,0.834681751763799,-1.01175649336997
"886",-4.49247209225227,-4.34337058993871,0.330620271677166
"887",4.12050121332452,-2.58989081937945,2.24159279171001
"888",-6.09881921313138,1.82279597242591,-3.06442693427358
"889",2.16859405881775,0.642827916645678,0.391692729557288
"890",-0.680647184490898,3.68880840360217,0.682511298717659
"891",1.22324732272498,-0.583538418247532,0.67456598407994
"892",-0.917541130844722,1.65804480017659,0.378129765595058
"893",-0.891436578067248,3.43374585096709,0.502888161105761
"894",5.91105748854442,-1.20422161788986,-1.06655412813249
"895",-5.91992233416349,1.78753954065227,-2.76436936855456
"896",-3.24183903226512,-0.494327552860887,0.626521820846179
"897",-3.4542061547645,1.34939105143926,0.794331551987919
"898",2.37534577149044,1.96244181537377,3.22031960227677
"899",-6.13203632831477,1.18485325427454,-1.0533390919745
"900",4.62248371170175,1.25881148662638,0.675660173486468
"901",0.899375627614936,-0.450597424506242,-0.771408636874099
"902",1.76181061569139,-3.13147261440842,1.39912686972837
"903",3.15621129533751,0.134573361954719,-1.77159199441222
"904",0.167580649974726,-5.46843310762502,3.25012372007965
"905",5.59100148666487,-3.50370316358451,-1.72509214877326
"906",-1.00016817042051,3.29789896498182,-0.284475623351141
"907",-1.38720027542018,4.71799810915474,-1.56772783815782
"908",-3.85208099853776,1.54494120261547,0.0657652286471496
"909",-3.91234654797104,-0.285875830391108,-1.37862674433147
"910",6.39670152169878,-5.70952619512962,-1.58489408299679
"911",3.66254723078705,-3.05339761979949,0.646795779653743
"912",-2.86887479066574,2.91396538966777,0.999671399079059
"913",0.671769223111095,3.23406266311138,-0.292007988401086
"914",-2.69876399791905,2.25911352954595,-0.467659708550899
"915",5.88597318376211,-0.507168067834479,2.1630261111715
"916",4.97141017534404,-5.6696774166489,-2.37213737474034
"917",1.07551237500697,2.60954187678096,1.52896954970113
"918",6.12944540224699,-4.97693361424466,0.422309534604869
"919",2.3791190240939,-6.09969845273077,-0.105265695460531
"920",6.54779014295251,-0.399668388644627,2.47031011332277e-05
"921",-6.86809818881455,-0.589115047152208,-1.35130856956189
"922",-4.68920033791675,0.409274782478058,1.40732598311349
"923",5.61381183960932,-3.32782779790647,1.69794339403962
"924",-3.80643720852278,0.160571521741293,-3.38193426339488
"925",2.18800257240573,-0.751692660913861,-2.71007395255553
"926",-3.05324875168597,-1.53669188161181,0.887424298877457
"927",5.42362037759752,-4.37704207170773,1.18195073844795
"928",-0.991871473844637,-0.330406178310865,1.77282908046956
"929",-5.98748637025037,2.26299827501455,-3.19959764675293
"930",5.46822731589955,-2.07651301363805,3.28325618084748
"931",0.127876363688726,3.42802478715543,-0.245362354458692
"932",-4.53594250444423,-1.65263413053339,-0.151365890297158
"933",5.52567711247802,-2.69844483193456,-0.974420503790704
"934",-2.75868037821334,-2.44695940410197,0.929342264953551
"935",6.23115466801559,-2.06434244030448,0.668262401206895
"936",-2.11265648676404,0.0904960112676246,-2.68745381359234
"937",-3.55397089560229,2.90067498458779,-0.328620013397793
"938",0.681032390634967,2.80498064292145,0.303776328936165
"939",-4.43819885363182,2.3401463624792,-1.20455817703789
"940",-4.08353764293589,-0.502855481796641,-3.09015437732426
"941",2.74032019560579,0.894751459426352,-2.12748727770157
"942",4.25836831872249,2.82800313779139,2.41195242008645
"943",2.15091556348532,2.63972563462912,1.88779435513897
"944",5.66203656096251,-0.482820116447967,2.4457394745379
"945",4.14011453269057,1.78012200711473,0.599032303286863
"946",6.62937215169232,-2.31077698637314,2.1329244774543
"947",-1.18959084575126,-5.80937692782808,-2.7310656833385
"948",2.0667610913029,4.68466414728587,1.27122059533963
"949",6.19406940194089,-0.780201907542038,-0.619896106120771
"950",5.51998476878594,-2.80051437502682,1.89123677076208
"951",2.70178918228032,-5.74183787245851,0.135567306035986
"952",2.45721354844188,2.57220527517932,-0.708008447005972
"953",-5.68864842810155,-2.37320227329695,1.55210483118914
"954",-5.36045608300973,0.953543186157497,-2.96259325334158
"955",0.949792520054962,2.98063155666166,2.73402421843411
"956",-0.716259848677538,1.03316184832604,2.80472892829545
"957",-3.25542074272445,-4.96094314492771,0.407686999242517
"958",5.54048091201004,-0.398778292415585,0.711699908991056
"959",5.94773470392059,-0.33537136655633,2.78154274689981
"960",4.75001709825979,0.28951673033314,-0.687863144825268
"961",-3.24977813213268,-2.88831586446705,1.19894251232253
"962",-3.02224715675668,0.315700019404301,0.822606630415393
"963",-0.989269186832923,1.65802675342524,-3.12686554115079
"964",4.29522352385073,0.73977425737464,0.572906974222315
"965",-4.41177295858329,-0.284241302610173,0.105600444084727
"966",1.1382361796761,2.35426064376657,0.77277358671415
"967",5.20430520003132,1.42939675291447,0.818485611983637
"968",-0.460817160971509,-4.74762185062217,3.64246480639447
"969",-4.72900078370188,-0.0846465524438685,-0.315991471818123
"970",-1.23195456648289,-2.81135381883541,2.09784907257534
"971",3.48128339481369,2.28598424725744,-0.354564876337222
"972",-5.7018213284268,-0.179087623721636,-2.16543131138589
"973",5.07124503424576,-0.257198065728375,0.0651152574099229
"974",3.47524079191021,4.04791250845251,2.03192064497
"975",5.49564444686929,-2.53562959742969,-0.531110477199919
"976",-4.99099565684687,0.732818326855587,-3.22716969395228
"977",5.96034342724317,0.221110596933234,2.37520088089558
"978",0.100087909438696,-1.20123706877686,0.215949278258381
"979",0.957208105253455,3.10661246461487,0.0801346943784607
"980",6.14031424622015,-1.42933797553379,1.40207354530624
"981",-0.54346664932224,1.73329232422411,-1.70991153509863
"982",-3.81500867781415,1.75879879645965,-0.692710193211311
"983",0.599989660096657,3.58058775911713,2.70339387896556
"984",-1.89713087664122,1.31890562817295,1.61488456645552
"985",-1.93777228177555,-0.785600678271431,-1.40928085632354
"986",5.57970293464615,-3.66465032176386,-1.35504637476106
"987",-0.74136957075294,0.763608773604026,-2.3536379189748
"988",5.93519617371077,0.552834244038005,0.14197098607973
"989",0.505889115632955,0.793090983328181,-1.23552129424277
"990",2.51476143506005,-4.7821900247839,-0.681890836571357
"991",-6.37855371207029,-0.960602880832381,-2.48183615283696
"992",6.22677565235361,-3.48449825763146,0.645483396642479
"993",-4.16792361353995,1.46973726173408,0.448727083569862
"994",1.44567421311648,0.737458183740746,-1.72009262746753
"995",3.09513444392502,1.1433957070407,0.0513224343486062
"996",5.12335612133564,-1.98433105632873,0.558938978553133
"997",2.4903391918649,3.58617774238218,-0.763665012994411
"998",1.02508270604621,1.23606692759235,0.880655375955424
"999",-0.473601801428986,0.995654773897291,0.660611624830437
"1000",5.51702767683662,-0.435047710029059,-1.08807624904405
"1001",3.57668964124539,-2.68135331112636,0.171536007886202
"1002",0.697923397755006,-0.96590239136197,-0.20684814890529
"1003",-0.799117872453866,1.85751267538496,0.597258757630128
"1004",-5.52154390366253,-4.3708122781652,-0.41300733131098
"1005",5.79540181194606,-1.35362823338845,1.78784965175117
"1006",0.122341486109633,0.827233033379033,-3.71916595970027
"1007",3.37330927623974,2.87768858953586,-0.361783155436985
"1008",3.80048435536901,-1.71508207287008,-2.4583525606113
"1009",-2.10273415428229,1.93130319428629,-1.07542349112923
"1010",0.368859163772168,2.34978188887511,-0.190779340152478
"1011",2.69052306278409,-0.646756292054665,1.2495156743756
"1012",6.0248155283485,-0.534570654255152,-0.638215700805745
"1013",4.04881875318405,1.8661611807551,0.176311732359666
"1014",0.511682305540847,1.47465993088464,-0.170958237122413
"1015",-1.89520683000776,1.75207421405397,0.86595163538794
"1016",2.39869995757867,3.241561903272,-0.706209469481698
"1017",-1.87495528637703,0.431763537895816,1.83951955736827
"1018",-4.15605156648568,-2.82779601410333,0.772205294577689
"1019",4.07221524155847,-0.564924323874056,-0.145138470857923
"1020",4.36364265541073,2.74100594226859,0.646573095606843
"1021",6.85936488109939,-4.49894146683102,-1.63495666813695
"1022",6.52782866958401,-1.26957566169973,0.184677106060379
"1023",-6.46332725965697,-4.45335358746823,1.0986970299231
"1024",5.17903948901671,1.48997525860645,0.549434083606532
"1025",-5.37816305544816,-1.42304064054903,-0.50121426229761
"1026",-0.146610478963547,1.91324233636143,-3.30958936656664
"1027",-0.565160341993161,1.97269827508709,1.37613588639797
"1028",-0.177252644886627,2.31332228367416,0.067272445051432
"1029",-1.89548892220057,3.11441930727387,1.24549286434914
"1030",-3.53037686169928,0.322192258499648,0.773907103026465
"1031",5.68637343689966,-0.51669408792876,-0.804442137533212
"1032",-0.0995323821734356,4.64544836663658,-1.32292197762179
"1033",6.38208179747968,-2.96355520271162,1.15592398664481
"1034",1.15127410952531,2.68623680656218,1.70822359229253
"1035",-0.661110589341229,4.88099785541711,-1.57815739541721
"1036",4.59668192601353,1.80296251149374,-0.406056876509164
"1037",-5.64507010140887,0.00688758897398886,0.708796484586191
"1038",-0.820511567316852,2.48821245917907,-1.26344856823845
"1039",-4.02040554653817,4.38053016886408,-2.61860930382634
"1040",-4.09550830330234,3.0184199722576,-0.732939499197593
"1041",3.33893051247783,3.12611867173205,-0.422895140832533
"1042",0.155913617290824,0.433897527712488,-0.698713665226667
"1043",-2.32614660763477,2.48563329478717,-2.00832724163887
"1044",2.15172896572403,2.53874193533036,1.43494788458215
"1045",3.8391260408293,-3.28846160018693,0.671257522649449
"1046",2.58465443523584,1.48755978592966,-1.36471575408859
"1047",0.758297240580191,1.70242339873172,-0.693200304137034
"1048",-0.645249840708397,1.77425526184367,2.42380115247445
"1049",-3.23306172176754,-0.229760452943514,0.665561142200643
"1050",-5.26229419755353,-2.99704735938588,-0.890402836782334
"1051",-4.16804482753087,-0.327929341816764,2.26492036922311
"1052",6.64349312587465,-4.53613923338388,-0.555185742342181
"1053",5.52347125690996,-0.661746129027896,1.60502723257769
"1054",-1.61099011575948,2.70916470722246,0.468072911261422
"1055",-3.6400545611127,2.46805940626191,-1.06977807107974
"1056",3.67724841149529,2.37651626908999,0.0467235240713142
"1057",-4.49773518865044,-4.27317679748022,1.55236156750024
"1058",4.70348240849378,0.723986307352007,-0.571409545158231
"1059",5.19766635400595,2.29189392112028,2.50199214600045
"1060",-1.73607437368642,0.727792207526593,-0.027689442621354
"1061",-3.51796520000781,-3.36646493327967,-1.11314717989245
"1062",-1.6312909763224,1.1650717899451,2.03088066607005
"1063",-4.91626304427834,0.583635138726808,-0.606355646875265
"1064",0.937711612871799,-4.28881083801158,0.212013910285812
"1065",-1.84043567494623,-3.02278513179282,2.97068026772542
"1066",4.55846672680076,-0.821750408346038,1.1243894174997
"1067",-4.40294244361005,0.23997268228443,0.575276606672422
"1068",4.61679216523704,1.22122862668745,1.86604148584589
"1069",3.10373109164903,4.34713154840264,2.09640359102596
"1070",-5.3977837992096,2.54730045875698,-2.97338223491501
"1071",5.42389062550309,0.122492862964448,-0.730838504549693
"1072",-2.03259506673526,0.316289202659539,0.955748207098594
"1073",5.48993482112672,0.139307461236089,-0.233364818978827
"1074",-0.721357740837477,0.191517415778324,-1.0802906246903
"1075",6.21976344167705,-1.25237537233113,-0.514514560287791
"1076",1.02038944993063,-3.91964134997464,3.07189553052928
"1077",6.3809062622551,-2.66331101367829,0.901639194593473
"1078",3.52226382440899,0.06815736381294,-0.270251012457321
"1079",-1.09128313411286,-3.04731612174703,-1.76865040141864
"1080",-0.864390733284346,-0.50424947314034,-1.41003354522978
"1081",-2.94127971378999,-1.03820996841048,-3.24198688474908
"1082",-0.796777224995523,0.187113535101155,1.69736856314967
"1083",-0.809740312368486,2.49423615430875,-1.75084367437265
"1084",-4.01150047954619,4.37432708075125,-2.87296795231304
"1085",-1.49145987910219,2.14894719527366,2.8316599974309
"1086",1.00538754169849,-5.1347640940422,-2.58969145181078
"1087",-0.0696943500818995,0.395893380366965,0.239434796304706
"1088",0.472081519775269,4.43361103485497,1.18255924762992
"1089",-0.706241502759272,-3.30980856433619,-0.295351469859863
"1090",-3.91901417912318,-0.399365980105847,0.498361868127499
"1091",2.55547572937067,1.69188795281296,0.612166140042967
"1092",5.33930140039329,1.23330283599455,1.87188410370062
"1093",0.74183264645858,2.81123737328421,-0.0570672293538876
"1094",-1.27086836141217,2.36510590149957,2.52756458186506
"1095",0.995574235298448,0.00517007760821048,3.64021199623542
"1096",-5.44945568520028,-0.445237510674092,-1.03878243903408
"1097",-4.50423244522776,1.50227282192299,0.0475534774044848
"1098",3.71527386828783,-0.82927976509241,-0.0495358418503681
"1099",-5.31013518952914,1.12361837148663,-3.10883784797922
"1100",-1.11815884426675,4.59764184634273,-0.0512345433444236
"1101",-1.39150804488824,4.13033368563901,1.05993876752841
"1102",-5.78127869818567,-0.049426420841402,-0.193353378917351
"1103",-2.54324352651917,-1.62532867794442,1.01556052637305
"1104",-3.03602828573853,4.53525208858043,-1.39188608237891
"1105",-4.3317401352174,1.06609992528687,0.743186018546742
"1106",1.14700081044866,2.74080611396195,-1.3561454903377
"1107",-0.704198056875707,2.20758015030219,-1.68969693440901
"1108",-0.760680278369762,2.41664893385321,1.33717660136382
"1109",2.70734163816298,-0.681844445592746,-1.84885299693067
"1110",-0.448193762663441,2.28693759372588,-0.498821972609891
"1111",5.04473016116241,-2.31118196436576,-1.36707298209721
"1112",5.56607248581891,-4.3389142370041,-1.5946060308714
"1113",3.47751340136424,0.147681791645112,0.138607818804513
"1114",6.40326033168122,-1.83633318637313,2.43624072234379
"1115",-2.58821464888501,-0.421417760318468,-3.5462603972413
"1116",2.40109030950554,-3.04465511959861,-3.29913549535199
"1117",4.44305791451888,3.66214646823259,2.02369080175935
"1118",2.48448810702927,-2.12531218362983,2.95546727794268
"1119",7.25996351309106,-3.67867474973292,0.379621173909035
"1120",5.42234663376887,-3.75257545401419,-0.101037652250992
"1121",4.41280109791177,3.14382327703205,0.134938077411188
"1122",-4.21665049892525,-3.17788967053109,-3.34307220333422
"1123",3.35213068621894,0.556507185950399,0.61428827262471
"1124",-2.79809014962999,0.499930010940855,0.957877250890561
"1125",0.546489391938338,-1.10772578614816,-1.08534937399059
"1126",5.65166921827432,0.0550952783002315,-0.0716981928874199
"1127",-2.88734600208877,2.49432414168595,0.781861234666245
"1128",-1.1511108450451,1.44581284402951,-1.93503978787083
"1129",4.3248822123016,-0.125412257006824,2.12150793414364
"1130",2.00725714172765,2.61468420390015,-1.96971603276912
"1131",-0.675561408811391,3.8502745975274,-1.42092990514858
"1132",3.91688747949664,-2.0537189050641,3.18684938979987
"1133",1.06322359901992,-4.56697492535953,0.095625213125138
"1134",-0.339168137160701,4.54180233197286,1.43247470251393
"1135",0.90199264458809,1.10174296343707,-0.566213641475273
"1136",-5.29307878678902,0.158964948399496,-0.268493678817392
"1137",-4.47898069566698,-2.484333990476,1.70499381736555
"1138",-3.50428233930338,3.14483052257764,-0.694105633782685
"1139",-0.968866051802312,1.49352250112455,0.626948183342576
"1140",5.64356314585182,-3.66167594013665,-0.298100077040984
"1141",3.97861147944261,0.0685775697447189,0.0724866557709017
"1142",-2.46263892379769,1.31399630539555,2.83669070369052
"1143",5.31844835680685,0.744661525635161,1.04022956104988
"1144",-5.86842440037068,1.00249766006506,-3.73211553359919
"1145",5.43342120486059,-3.1522522050848,-0.636340462300963
"1146",5.78215765709452,-0.568074243904041,2.43501055806831
"1147",-3.10267310543363,4.26023903994429,-1.34811877276619
"1148",-0.532762756267247,-2.32875013296107,0.241729904323774
"1149",-1.4088831056207,-2.92611251617204,2.4077362604291
"1150",-2.92230320536885,-5.73989851251412,-0.115712624359494
"1151",-0.867504758725773,1.08698123299386,0.133305222414961
"1152",-0.135876110081764,3.79069800565435,-0.772014364421799
"1153",0.578605514854046,0.82695823601217,2.13956879731271
"1154",6.20693235001909,-0.552969270748291,-0.310460823287883
"1155",7.10549745959499,-3.4670044297487,-0.819318579248575
"1156",5.5526438016248,1.78655794397333,2.12065487483623
"1157",-0.988334323801314,3.97251134698669,-1.07747139826809
"1158",-4.24016207813705,2.2475347144456,-0.639443188375466
"1159",5.20187527541648,-4.26970145948793,-0.301668427524411
"1160",5.32613653738942,3.44748947259291,2.47828445803906
"1161",-3.47786760554772,1.72849842231622,1.26639280271784
"1162",5.96689879694209,-0.771158472848344,-0.0313879083066201
"1163",6.31949493157419,-1.26040486875322,1.8257731945918
"1164",5.25846550633768,0.950145238263122,1.73171975925224
"1165",-0.061733214783766,-2.1828794949323,0.229198976674755
"1166",5.60105192796508,-1.50132115048239,-0.20617497664192
"1167",1.52979133900354,0.00907315034587863,1.0196776460459
"1168",-2.13923171698034,-0.969552069336039,0.0368410993578924
"1169",2.16735098657496,-2.81629292667228,0.915642634186799
"1170",-1.5225289679265,3.617410890568,0.0396631398480696
"1171",-0.755147012316955,2.83970090460617,-0.770172169338984
"1172",-1.47561052848871,0.961427109454878,0.122829090827527
"1173",3.20192549147896,1.92374959350533,2.93381927164159
"1174",0.637850471895625,4.59402926460152,0.322468601034999
"1175",6.70542288566223,-1.50099836563052,0.52477690091932
"1176",-2.08045742516893,0.990611551264597,-1.82061142833431
"1177",-4.82482912127177,-2.09783085981959,0.110485231049112
"1178",-5.36036615956082,0.706413325771167,0.0491404045090664
"1179",3.29713543567982,2.98766073003651,1.67965385102579
"1180",-3.1242709179841,-0.336629202132542,0.83246288430517
"1181",0.219770482189269,1.79323060067603,-1.60231874872634
"1182",6.37544528351981,-3.25714701527835,0.477329444496299
"1183",-3.25610499854978,-0.0160460090028849,1.42404222599555
"1184",3.02499316572607,1.7050514528131,-0.847240049560374
"1185",4.62597730511697,0.232839622938007,2.9801280490525
"1186",6.37534951869257,0.142758231909182,0.11430009144166
"1187",6.58026326540851,-0.47606598096612,0.652087856291865
"1188",4.98365672931089,0.374220764830896,1.01609674919221
"1189",-1.42006067537139,1.26771564839613,2.13651027037487
"1190",5.84351445875733,0.945021409206988,1.46307851878305
"1191",-4.07985408490056,2.93849246558752,-0.306805901166859
"1192",2.60145903378117,-3.97562012320039,-4.06984451335951
"1193",-5.15969875181311,1.06919693973394,-2.95324905106709
"1194",5.37083597266313,0.121621765771918,-0.226069805506415
"1195",-4.49731995193628,-0.14774882986009,-0.368836268988453
"1196",-6.31366943619482,0.421393319721807,-0.479551294230523
"1197",1.09775258042281,1.65813605586455,-1.24742759678161
"1198",-0.820899804927801,2.16235400477637,-1.76301588533806
"1199",3.62628024271637,1.88336105055369,1.8643318014208
"1200",-4.95264764182489,2.49137554260768,-2.38674548727785
"1201",1.99143013607031,0.433990739682596,0.409891962568737
"1202",-3.54059004386694,-0.0587817902993285,-0.0593725717700502
"1203",3.16467633592662,-2.97379195395052,-1.47935334491266
"1204",6.16351337281807,-1.35086004726125,-0.239086665605398
"1205",-4.41561043824889,1.14882310759362,-0.0149871249697543
"1206",5.35442722399337,-0.799332067610737,1.25376529499298
"1207",0.91784968074985,-4.879530418117,-0.221113060846405
"1208",0.144765943825407,1.85922273229501,-1.37596998789559
"1209",2.28610566092502,-0.966185149753866,1.25311342085912
"1210",1.03527102477129,2.71035373726134,1.04535322065618
"1211",-0.776421461962715,1.15546093538473,1.22270019318387
"1212",1.90762487301039,3.74972404829786,-0.598634085644644
"1213",-3.21768836796289,-6.84761806999933,2.05610572084282
"1214",4.14655305588386,1.39906529423968,0.133532051794328
"1215",6.20153936313404,-4.37096892464065,0.902272560367297
"1216",4.28874795493505,0.552385223164735,-0.908823972587358
"1217",2.14642420415929,4.14410201370528,0.109361629829621
"1218",-6.65909035659805,-4.33041486592983,1.49929937348275
"1219",0.716510325888712,0.436555415330324,1.33073768831594
"1220",-6.57174213778164,-2.53061692631819,-0.0751161618792631
"1221",5.1847449547747,1.85833721587976,0.353701698042442
"1222",2.67657410272961,-0.54259379314651,-2.3018172928306
"1223",-4.60118838143658,3.96162099108542,-3.01736678270474
"1224",-5.68500153446914,2.51161683956885,-2.68735635473624
"1225",1.14048476951483,-0.494378178285915,-1.10428335295345
"1226",-0.967462352859052,-4.88228516433965,-0.508647018438031
"1227",6.02235174884324,0.224878326399734,-0.0124941728896877
"1228",3.1417379543766,1.96234886023358,0.66988147298132
"1229",-3.05717385797535,4.66953483465773,-0.923767507206648
"1230",2.27839890318177,-2.05181013150271,-0.616643068242524
"1231",-4.39119972264473,-0.492694745647121,1.29038449541624
"1232",0.207024356779592,2.24089344207241,-0.670315770699127
"1233",1.89616978654865,-0.87957324910702,-0.625434582266606
"1234",-4.10549289269637,2.99761503336204,-0.812698704380537
"1235",-6.32676231135233,-0.347368499159609,-1.2014484178157
"1236",2.59500499741884,1.46730793075335,0.139123079084481
"1237",1.16032751234273,4.18595514844265,1.42607165790146
"1238",6.13570297179243,-6.02494457415759,-2.439988750393
"1239",-1.11771347589911,-0.51236208675254,2.19093071984857
"1240",3.75236666216172,1.92635083467774,0.258967002278634
"1241",4.69504612145671,1.77376842840972,-0.212206184616644
"1242",-5.32756983589017,-3.46573358169235,1.03418312879953
"1243",5.81348445288805,0.576756066644254,0.903612050438911
"1244",2.07250217262354,3.09491448237703,-0.764503101442886
"1245",3.86502626475351,1.58327256226264,-1.20865809790537
"1246",-3.4193810391357,-3.50218717088878,-0.78089722864662
"1247",6.06711654106387,-0.66578391348578,0.658716646158015
"1248",3.63802185375867,2.72758279423652,0.213414261206502
"1249",0.217809094631404,2.08574594485445,-2.72855660664434
"1250",-3.01596424080978,-2.95881215586214,-0.423400072406372
"1251",6.74558376838249,-3.37484136401758,0.181969871970033
"1252",5.32382667480185,-0.201862153466803,0.475547697830375
"1253",-0.878170544889533,-0.297564405753418,1.17759411786343
"1254",-0.798081613101628,3.00185872782774,-1.30671070221175
"1255",2.28964786147507,-0.424922640888248,-1.39077190597731
"1256",-0.346570110557819,2.57763741399983,-0.659349252019977
"1257",-0.495742494052912,-0.824073381118042,-0.00349082320596532
"1258",-4.60498154550024,-3.18992789338505,1.04386853902743
"1259",0.869189487255453,1.25815795185214,-2.35929514753203
"1260",0.0992219499196232,4.82868220080706,1.47200525188428
"1261",3.82665614991339,2.67967180671842,1.5159625020885
"1262",6.61979975355442,-3.43325451720036,1.57541990489064
"1263",4.38833940578975,2.25964301354659,1.03160561699924
"1264",2.68697590873773,0.407704362698163,0.380863241968674
"1265",0.237889865989295,1.41622808049284,1.61019704652681
"1266",-1.72620762326659,-0.087851951900013,1.73279387293089
"1267",3.76223944924051,1.85267629093774,0.503701653412075
"1268",-2.93600292606988,3.33985612026124,-1.44437174464271
"1269",-1.77415011531217,0.858427180235956,-0.711468150736398
"1270",6.36866380439883,-0.975528737066418,-0.256568080973911
"1271",-2.82433500616647,-3.1632351552323,1.21448881418628
"1272",-1.86295019819905,4.80270110621676,-0.737699495457152
"1273",6.49534191478434,-0.0442421903055801,-0.119602535301638
"1274",1.52636147338025,4.47475725225408,1.66544299203891
"1275",4.34937172268294,0.152963573100177,0.304534675192086
"1276",3.79547607462556,3.5142412033426,1.17139724646877
"1277",4.50890634170669,-3.29477740715757,0.730045753680787
"1278",3.76313208195526,4.34523102142415,1.28090283132521
"1279",6.13993972923407,-1.48664377238495,2.16965735197836
"1280",-6.1808605477048,-1.54016048775488,-3.35807888101225
"1281",5.35288123715363,-0.926049142012406,0.721870524203447
"1282",3.93262832916376,-3.07454145921928,3.1673866476642
"1283",-4.79682361776945,0.716618817744168,0.758180414511
"1284",-1.52224839304617,2.22420558901779,2.49681404260341
"1285",3.53449972652755,2.84557334640785,2.37223602764254
"1286",1.06630597893487,-4.31486351702549,1.39563391676303
"1287",0.817095157859294,4.34257861552205,1.7399279593894
"1288",-0.381089233288835,2.70886664205003,3.05001266688461
"1289",-4.26004682030192,1.45514889632607,-0.52676269579058
"1290",-5.01012635956714,-3.14952527614451,-2.34140834416673
"1291",-5.71553428974793,-4.52263889901728,0.479150537913628
"1292",5.35526504088173,0.209129701116229,1.83172963092093
"1293",-6.20637386717894,1.59242560178518,-1.43016211072849
"1294",-0.734948010380983,3.32897720959134,-2.95304399741483
"1295",-1.38377268071909,1.57715794121049,0.142851240406379
"1296",7.30830760909237,-1.84359147528215,-0.0734284202862652
"1297",2.38025948175664,2.38442410958305,2.19029168898027
"1298",1.07794230417344,3.29880476211439,0.518366554624083
"1299",-0.798869087319613,-0.00932213352577344,2.81924421530868
"1300",-6.09261627781695,0.385310704040432,-0.736796456198489
"1301",-3.86934737293913,1.62330678860654,-1.3995092612083
"1302",5.28661232856968,1.00758003797006,0.674453611626272
"1303",6.56642802002176,-3.30422998744751,-0.734183306559829
"1304",-6.21380467021241,-0.498933627083436,-0.53082021226921
"1305",-6.89606299011983,-0.629711925324406,-1.25013954329239
"1306",-0.600885161532637,4.84253572687633,1.05717615801571
"1307",4.33688570540884,1.70446920900156,0.483601754859578
"1308",2.83230834607709,3.22554835989474,-0.724122352689984
"1309",-0.113342000885426,2.87894158552821,-0.781590074666457
"1310",1.86924445065332,2.00654251503484,0.54426348820123
"1311",-0.948983209690073,0.903209795762588,-0.360862817396984
"1312",-4.18211681121103,2.16783004537587,0.0299564304288049
"1313",1.24580246505381,2.09727749470446,-0.375600136036839
"1314",-3.67257915628308,0.774661421291807,1.80114936734801
"1315",1.06127966827292,-3.05086165556147,-0.657792880831642
"1316",-3.40036208305124,-3.39631411819403,-3.80213633286657
"1317",3.46550381230686,0.308826242545865,0.884779181673281
"1318",-2.74375108492309,-0.906250092188665,2.1305788327515
"1319",-1.07014155821984,1.90699661789629,0.1742780615284
"1320",-4.52300178662741,2.3235433627755,-1.74236997623463
"1321",5.66184047409973,-3.3643986054088,1.28163146444228
"1322",4.80606211506771,1.37696844706936,0.48937671663239
"1323",5.33175140771923,1.08797560906745,0.578787150110657
"1324",-3.5504667260464,-0.000786501751250571,0.0991967047324565
"1325",-4.54211874204082,-4.06389707029689,1.33330841048415
"1326",-0.795609769445804,4.22929845641714,1.70312108356809
"1327",4.65356412321328,1.25094543101081,0.727597227824332
"1328",4.16724735904941,3.10748469634589,2.83543606840355
"1329",-6.53564404903092,-3.07688933081156,1.17936764026597
"1330",0.54552400041018,3.70381498850661,2.6198211831002
"1331",-2.60953196591882,2.67060019215823,-1.50263667390154
"1332",3.00474153375706,2.05887367780102,-0.794215003498546
"1333",-1.6072615634457,-0.242667744557701,-1.65164389488536
"1334",2.50863501034986,0.329781907936235,-0.152155657411312
"1335",-5.67568925791726,3.13235318701895,-2.96480191353981
"1336",-4.12450528760116,2.75723782733938,-0.833268277546275
"1337",2.65175251939048,4.10515940913213,0.373096703490277
"1338",-1.70229999217512,1.52145886505845,0.27603951466849
"1339",-2.61839314340917,0.158495568671345,2.03807343857691
"1340",5.28852234477806,-0.406860496989547,3.02735500989792
"1341",-1.53376492359842,1.78276842022334,0.11215276760967
"1342",4.13958119234607,1.65930627065541,2.5178038292724
"1343",2.07623452438465,1.96917496533109,-1.37478312200027
"1344",-5.62286579859794,-1.89289917905605,0.446336975064007
"1345",-3.69952834968803,3.65113840794407,-0.776826039420002
"1346",-4.20827508268224,2.85226913342082,-2.86474820257864
"1347",2.68392697657557,-5.67531379105161,1.23429149900893
"1348",4.56603587947154,-1.07369567710115,2.15714946230839
"1349",0.548114255011301,0.92236255743892,-1.40111767827271
"1350",2.82416902874051,3.24937691455544,-0.777430379596385
"1351",-3.81096303805608,0.322949318369051,1.08348141958935
"1352",2.62344681587291,2.01301307575106,-0.0166650751628972
"1353",-6.01408817716128,0.554814059529379,-2.91030243230406
"1354",5.90928148962233,0.688599422345969,1.3183823742984
"1355",-4.74679566165407,-2.13557676195199,-2.59758493772702
"1356",0.18195045826384,2.17157868531275,-1.72564509380403
"1357",-4.63796174856643,2.26368754187532,-0.664968600503093
"1358",-0.425846560206443,1.60427815013227,-3.12762597096105
"1359",4.35235630134426,1.4829019386909,1.00688060074928
"1360",1.02452059569755,-0.341919554899726,3.75523269032523
"1361",1.06947190668647,-0.246560820789892,-0.247686821753755
"1362",5.1505166938012,-3.49910273186975,-0.282096726512777
"1363",2.66712695946362,0.105112169732227,-1.45512265597195
"1364",3.40478482933005,2.8038733005683,0.0656238918597427
"1365",-3.90227631330383,-0.59950296683395,0.314302062930576
"1366",-1.20684546810219,-0.406866101750598,0.992699629733315
"1367",3.54307061280506,1.87661333848802,0.624046476174398
"1368",3.67145300847766,4.14230810065537,2.80447822015689
"1369",4.49620731877295,-3.35520457598747,0.965282322719429
"1370",-5.25817291454624,1.13803656116002,-3.2695032626169
"1371",5.60591568832352,-0.551006867871225,2.58782657850797
"1372",-5.95605732027925,2.36674938404204,-2.9854451382153
"1373",1.64417766694508,2.86142771092651,-1.1791120221074
"1374",-4.38872747384589,1.57845187358498,-0.478313701697414
"1375",-0.75859530850019,3.3469012959197,-0.573068432092346
"1376",4.69751551031112,-3.60078774434469,-1.55373299180276
"1377",2.91566432558973,2.87673566423621,3.36214906808154
"1378",-4.66955944063216,-3.56916417286688,-3.16294398828995
"1379",-4.63999637628088,3.37223672769969,-1.22189039241526
"1380",-2.4479670174069,3.20016472902768,-2.70594067092133
"1381",-2.25353747620359,-0.929802415482199,-2.88202515338366
"1382",0.927384833028501,2.5337616071612,0.0872029229983888
"1383",5.82227381901072,-0.257919409683391,1.83093829935733
"1384",-1.67581007994315,3.46302688941811,-2.33799430280452
"1385",-3.41073766774085,1.57549235385687,1.69036531413091
"1386",3.2143115045648,1.84026438640817,0.203112684448461
"1387",-2.94998817014621,0.922812691318121,-0.773777110759441
"1388",0.881415499026936,0.523926233325691,2.86028783895644
"1389",6.61641210919539,-4.05064222312989,-1.31569817693562
"1390",1.02400692379828,-5.35226516306598,3.19901849146417
"1391",6.10779069239321,-0.777179707686992,-0.602214882791024
"1392",2.30714054761753,-3.11203269258308,-0.705992461952677
"1393",-2.62230504281789,-3.18017350061739,3.58492154752177
"1394",2.63343236147735,0.755195233532491,1.48254447677165
"1395",2.2843609604113,-5.23558320118814,0.84674996294724
"1396",-1.11356363546263,1.62172819137706,-0.136400183705026
"1397",5.48549489656547,-0.283780358993002,1.73890140170051
"1398",5.09139716185807,0.554060145884338,3.32876070733682
"1399",5.12922051683795,1.13726151222602,1.16977070706637
"1400",1.13888522705306,3.849599070172,-0.364712732293478
"1401",2.62810167813209,-1.26991375636966,-2.64509574278915
"1402",3.52715236061206,3.69592034325719,2.13982294915653
"1403",3.43645467372891,2.45583777740694,1.26086920512728
"1404",2.88738885146971,-5.6958217376746,-0.729702187614838
"1405",5.18738816711876,-1.47073577595968,0.0051179376995768
"1406",-0.82297566219471,3.27566020345202,1.92599422415745
"1407",4.20003548897115,-0.524608448949278,1.6342526977348
"1408",5.9886650606772,-0.0731922477565595,-0.345073547197034
"1409",4.71930111891121,-1.76340521076892,-0.73162568788336
"1410",-2.53996382553403,2.79676679244307,1.63166450366043
"1411",0.303415333821747,-5.33727894510382,-3.23098392038968
"1412",3.38722879573214,2.87733438582749,-0.359729941494416
"1413",0.240590037164776,3.07914762459675,1.48880795005995
"1414",-0.854163794701205,1.58138721421364,-0.740689168394331
"1415",5.31108817388398,2.05080114822091,0.342271173790354
"1416",-0.76797331352397,0.584848114397836,0.907947716198143
"1417",2.06500768307229,0.715146601287192,3.12122448542816
"1418",-1.13930934789301,1.45682739810217,0.59030310138194
"1419",-3.85024555987559,1.12183010547681,0.0697706870672711
"1420",-1.54709949222428,-3.21697060673335,-3.65934210433356
"1421",0.555750275869824,0.430241154761968,2.31442215149833
"1422",3.26199065024075,1.57800137449528,0.0799858525062473
"1423",4.54054470694315,1.83764646579245,-0.454949628923476
"1424",4.16418775703678,-1.05445888068968,3.10005946965391
"1425",-4.18676333985885,-5.53129343499175,2.56158678478413
"1426",-4.73958996677761,-4.32887856449327,-0.864138620597286
"1427",2.21341728971785,0.501321646886524,-1.71130517179748
"1428",6.65739147778868,-3.06099695655934,-0.505375948702572
"1429",4.37809340067438,-4.44244314437575,2.10200132917134
"1430",2.18030451524875,0.781627015697158,-1.81583782673866
"1431",-3.92258011210774,1.17409450778518,1.11938883186638
"1432",-2.83135294134713,-1.40784725455779,-3.82534145622944
"1433",-5.37746187553151,0.35972491172566,0.398502074108074
"1434",0.835710401607232,1.26542596941459,0.390544822639773
"1435",-3.21402465476955,4.36992894727476,-2.47719548133745
"1436",-3.71800382778864,-2.40768208333318,-2.584687613343
"1437",-0.359270188025553,2.13593526055046,-1.9283713657724
"1438",-2.59694529548546,1.28760789775614,1.54783371571263
"1439",5.48573270138292,-0.780167814938992,1.13676582809384
"1440",2.13013463041315,1.83290196536169,-1.16863888193834
"1441",-0.435485504701742,-2.82300612385924,-3.2601231294675
"1442",4.29723890939869,-0.190303021951652,2.18225561036424
"1443",4.09904595438252,1.38932236380407,-1.03419602938325
"1444",3.5042594465927,-0.556916608639374,1.68615202773673
"1445",-1.49546362436704,1.99180955649586,0.0419342714875508
"1446",-4.82620144476137,-4.33457600105431,-1.73780504947142
"1447",5.08183334603156,1.95814289198984,1.54288350748609
"1448",0.857498758445983,-1.63476617509007,2.49014730653819
"1449",4.36074655870719,0.840634136419006,-0.245651809705207
"1450",0.551929494819908,0.168089262825399,-1.52876423952086
"1451",0.786806878665839,0.19163580114721,0.463817234544058
"1452",5.34349637968876,1.01324576226495,0.622521513679808
"1453",1.78117128966384,0.749993666072663,0.757705144589776
"1454",0.435162301902951,0.0900472660645774,3.22747431952469
"1455",4.57715716814757,1.41265229164084,-0.520171806852213
"1456",2.43778609782363,0.25204465970271,1.98017076438732
"1457",-1.68090437520676,1.72417027902961,0.871515537702993
"1458",3.96558764163888,-0.243351088467796,0.791805583643576
"1459",-3.2043885443462,-3.10330168949005,-0.7244837147642
"1460",-5.0305681516316,-1.73909971323589,2.16357160935777
"1461",-0.962925624039106,1.70384426266423,-0.871920885282999
"1462",-0.656758038066399,4.42251964881308,0.335081992314067
"1463",1.63305756531291,2.5077634862952,2.04295725412667
"1464",-2.07432971389016,2.81914285459731,1.49737345106774
"1465",6.54762092255425,-3.58805793096177,1.40850291133894
"1466",6.42501767502645,-5.37425400856964,-2.26289483166619
"1467",2.16702540065647,3.16009708450541,1.57542554071366
"1468",-0.922185970529245,-1.37135945678137,1.38543584920753
"1469",4.58150001622245,3.58657000699907,1.26375969122601
"1470",3.67769394771465,2.76962936199744,3.02288462010227
"1471",-4.14245343863851,1.14706149405869,-0.731873589499739
"1472",2.44067570564734,1.11908115222917,-0.723980018575624
"1473",-2.71658304716832,-4.18256540496137,-3.51183918774534
"1474",-3.35595028641775,-1.72545754617536,1.9923765429377
"1475",-1.8697846934129,2.23715900901368,1.89450392659943
"1476",-0.989125503682673,-4.19038859129358,-0.420656502577244
"1477",-4.99267290609907,3.69101959354685,-2.1599832845164
"1478",1.04945860515696,2.77844998124799,0.300765012177506
"1479",-6.05125209186494,0.755917768380897,-0.810798230476343
"1480",4.14796594123414,-4.1083696701157,2.03581237163407
"1481",2.35915630759012,-2.32999449041812,0.214804214650584
"1482",-1.02077564885087,3.0150670687267,1.96538688887907
"1483",3.84245152492819,-2.8816739452221,-0.505658085015978
"1484",0.674749012888531,2.02364562324808,1.24432336650444
"1485",0.88434626484348,4.08546316751505,0.233607438847242
"1486",-3.00381675619703,2.11232797814872,0.534161458374607
"1487",-1.29520646514099,4.38076651552661,-0.705045215929472
"1488",-0.315850412416683,3.83652504918157,-1.24628719978621
"1489",6.8840642156172,-5.37112395594226,-1.05283507978618
"1490",5.77719186471852,0.517472516998045,-0.469634701677597
"1491",6.68316780925576,-5.78738779176063,-2.04547405313501
"1492",-4.6620144248565,-0.968334460784594,-0.0854208231694252
"1493",5.53118902995065,-1.53767064245638,0.753610629939284
"1494",-6.09248964452547,-5.78704227546764,1.82875085618143
"1495",6.8920376951431,0.282441573700599,1.37515934397345
"1496",-4.05335299860324,3.31273373079002,-2.48150258773936
"1497",4.73999037464755,1.26662202375793,1.57962769460486
"1498",-3.38299503230853,1.71805495663888,-1.77774981198643
"1499",-0.836131392907605,0.237773681292098,2.29640301888595
"1500",3.11431075138212,3.21554791971492,0.532362593216896
"1501",-1.04341600168205,1.12512629249036,-3.18117258876619
"1502",-2.0336547348254,2.07764999256424,-0.260654472687856
"1503",-3.59525698087104,1.86207922874228,0.677702621985593
"1504",0.101051426808404,3.30300690186094,0.354661101738923
"1505",5.78185467281831,-0.718592550244703,0.26125716380542
"1506",-4.45553613507188,1.31864299115818,-0.752909054479222
"1507",3.74544042784061,-1.18066821025257,0.659485071145479
"1508",5.11260520032317,-0.772456022802167,-0.662685041136338
"1509",-6.44276165053573,-4.43160791824715,-0.262272947805242
"1510",-4.1158191429187,0.681244032572395,-0.864563022308381
"1511",-2.06333256751605,1.86841981220731,-3.20085871794443
"1512",6.71625823435823,-3.31540066834567,-0.022869089971928
"1513",6.23576318338015,-1.15978047221579,1.18802132644268
"1514",3.44076694407987,1.97979427815114,1.34660173810738
"1515",3.44076694407987,1.97979427815114,1.34660173810738
"1516",3.44076694407987,1.97979427815114,1.34660173810738
"1517",3.44076694407987,1.97979427815114,1.34660173810738
"1518",3.44076694407987,1.97979427815114,1.34660173810738
"1519",3.44076694407987,1.97979427815114,1.34660173810738
"1520",3.44076694407987,1.97979427815114,1.34660173810738
"1521",3.44076694407987,1.97979427815114,1.34660173810738
"1522",3.44076694407987,1.97979427815114,1.34660173810738
"1523",3.44076694407987,1.97979427815114,1.34660173810738
"1524",3.44076694407987,1.97979427815114,1.34660173810738
"1525",3.44076694407987,1.97979427815114,1.34660173810738
"1526",3.44076694407987,1.97979427815114,1.34660173810738
"1527",3.44076694407987,1.97979427815114,1.34660173810738
"1528",3.44076694407987,1.97979427815114,1.34660173810738
"1529",3.44076694407987,1.97979427815114,1.34660173810738
"1530",3.44076694407987,1.97979427815114,1.34660173810738
"1531",3.44076694407987,1.97979427815114,1.34660173810738
"1532",3.44076694407987,1.97979427815114,1.34660173810738
"1533",3.44076694407987,1.97979427815114,1.34660173810738
"1534",3.44076694407987,1.97979427815114,1.34660173810738
"1535",3.44076694407987,1.97979427815114,1.34660173810738
"1536",3.44076694407987,1.97979427815114,1.34660173810738
"1537",3.44076694407987,1.97979427815114,1.34660173810738
"1538",3.44076694407987,1.97979427815114,1.34660173810738
"1539",3.44076694407987,1.97979427815114,1.34660173810738
"1540",3.44076694407987,1.97979427815114,1.34660173810738
"1541",3.44076694407987,1.97979427815114,1.34660173810738
"1542",3.44076694407987,1.97979427815114,1.34660173810738
"1543",3.44076694407987,1.97979427815114,1.34660173810738
"1544",3.44076694407987,1.97979427815114,1.34660173810738
"1545",3.44076694407987,1.97979427815114,1.34660173810738
"1546",3.44076694407987,1.97979427815114,1.34660173810738
"1547",3.44076694407987,1.97979427815114,1.34660173810738
"1548",3.44076694407987,1.97979427815114,1.34660173810738
"1549",3.44076694407987,1.97979427815114,1.34660173810738
"1550",3.44076694407987,1.97979427815114,1.34660173810738
"1551",3.44076694407987,1.97979427815114,1.34660173810738
"1552",3.44076694407987,1.97979427815114,1.34660173810738
"1553",3.44076694407987,1.97979427815114,1.34660173810738
"1554",3.44076694407987,1.97979427815114,1.34660173810738
"1555",3.44076694407987,1.97979427815114,1.34660173810738
"1556",3.44076694407987,1.97979427815114,1.34660173810738
"1557",3.44076694407987,1.97979427815114,1.34660173810738
"1558",3.44076694407987,1.97979427815114,1.34660173810738
"1559",3.44076694407987,1.97979427815114,1.34660173810738
"1560",3.44076694407987,1.97979427815114,1.34660173810738
"1561",3.44076694407987,1.97979427815114,1.34660173810738
"1562",3.44076694407987,1.97979427815114,1.34660173810738
"1563",3.44076694407987,1.97979427815114,1.34660173810738
"1564",3.44076694407987,1.97979427815114,1.34660173810738
"1565",3.44076694407987,1.97979427815114,1.34660173810738
"1566",3.44076694407987,1.97979427815114,1.34660173810738
"1567",3.44076694407987,1.97979427815114,1.34660173810738
"1568",3.44076694407987,1.97979427815114,1.34660173810738
"1569",3.44076694407987,1.97979427815114,1.34660173810738
"1570",3.44076694407987,1.97979427815114,1.34660173810738
"1571",3.44076694407987,1.97979427815114,1.34660173810738
"1572",3.44076694407987,1.97979427815114,1.34660173810738
"1573",3.44076694407987,1.97979427815114,1.34660173810738
"1574",3.44076694407987,1.97979427815114,1.34660173810738
"1575",3.44076694407987,1.97979427815114,1.34660173810738
"1576",3.44076694407987,1.97979427815114,1.34660173810738
"1577",3.44076694407987,1.97979427815114,1.34660173810738
"1578",3.44076694407987,1.97979427815114,1.34660173810738
"1579",3.44076694407987,1.97979427815114,1.34660173810738
"1580",3.44076694407987,1.97979427815114,1.34660173810738
"1581",3.44076694407987,1.97979427815114,1.34660173810738
"1582",3.44076694407987,1.97979427815114,1.34660173810738
"1583",3.44076694407987,1.97979427815114,1.34660173810738
"1584",3.44076694407987,1.97979427815114,1.34660173810738
"1585",3.44076694407987,1.97979427815114,1.34660173810738
"1586",3.44076694407987,1.97979427815114,1.34660173810738
"1587",3.44076694407987,1.97979427815114,1.34660173810738
"1588",3.44076694407987,1.97979427815114,1.34660173810738
"1589",3.44076694407987,1.97979427815114,1.34660173810738
"1590",3.44076694407987,1.97979427815114,1.34660173810738
"1591",3.44076694407987,1.97979427815114,1.34660173810738
"1592",3.44076694407987,1.97979427815114,1.34660173810738
"1593",3.44076694407987,1.97979427815114,1.34660173810738
"1594",3.44076694407987,1.97979427815114,1.34660173810738
"1595",3.44076694407987,1.97979427815114,1.34660173810738
"1596",3.44076694407987,1.97979427815114,1.34660173810738
"1597",3.44076694407987,1.97979427815114,1.34660173810738
"1598",3.44076694407987,1.97979427815114,1.34660173810738
"1599",3.44076694407987,1.97979427815114,1.34660173810738
"1600",3.44076694407987,1.97979427815114,1.34660173810738
"1601",3.44076694407987,1.97979427815114,1.34660173810738
"1602",3.44076694407987,1.97979427815114,1.34660173810738
"1603",3.44076694407987,1.97979427815114,1.34660173810738
"1604",3.44076694407987,1.97979427815114,1.34660173810738
"1605",3.44076694407987,1.97979427815114,1.34660173810738
"1606",3.44076694407987,1.97979427815114,1.34660173810738
"1607",3.44076694407987,1.97979427815114,1.34660173810738
"1608",3.44076694407987,1.97979427815114,1.34660173810738
"1609",3.44076694407987,1.97979427815114,1.34660173810738
"1610",3.44076694407987,1.97979427815114,1.34660173810738
"1611",3.44076694407987,1.97979427815114,1.34660173810738
"1612",3.44076694407987,1.97979427815114,1.34660173810738
"1613",3.44076694407987,1.97979427815114,1.34660173810738
"1614",3.44076694407987,1.97979427815114,1.34660173810738
"1615",3.44076694407987,1.97979427815114,1.34660173810738
"1616",3.44076694407987,1.97979427815114,1.34660173810738
"1617",3.44076694407987,1.97979427815114,1.34660173810738
"1618",3.44076694407987,1.97979427815114,1.34660173810738
"1619",3.44076694407987,1.97979427815114,1.34660173810738
"1620",3.44076694407987,1.97979427815114,1.34660173810738
"1621",3.44076694407987,1.97979427815114,1.34660173810738
"1622",3.44076694407987,1.97979427815114,1.34660173810738
"1623",3.44076694407987,1.97979427815114,1.34660173810738
"1624",3.44076694407987,1.97979427815114,1.34660173810738
"1625",3.44076694407987,1.97979427815114,1.34660173810738
"1626",3.44076694407987,1.97979427815114,1.34660173810738
"1627",3.44076694407987,1.97979427815114,1.34660173810738
"1628",3.44076694407987,1.97979427815114,1.34660173810738
"1629",3.44076694407987,1.97979427815114,1.34660173810738
"1630",3.44076694407987,1.97979427815114,1.34660173810738
"1631",3.44076694407987,1.97979427815114,1.34660173810738
"1632",3.44076694407987,1.97979427815114,1.34660173810738
"1633",3.44076694407987,1.97979427815114,1.34660173810738
"1634",3.44076694407987,1.97979427815114,1.34660173810738
"1635",3.44076694407987,1.97979427815114,1.34660173810738
"1636",3.44076694407987,1.97979427815114,1.34660173810738
"1637",3.44076694407987,1.97979427815114,1.34660173810738
"1638",3.44076694407987,1.97979427815114,1.34660173810738
"1639",3.44076694407987,1.97979427815114,1.34660173810738
"1640",3.44076694407987,1.97979427815114,1.34660173810738
"1641",3.44076694407987,1.97979427815114,1.34660173810738
"1642",3.44076694407987,1.97979427815114,1.34660173810738
"1643",3.44076694407987,1.97979427815114,1.34660173810738
"1644",3.44076694407987,1.97979427815114,1.34660173810738
"1645",3.44076694407987,1.97979427815114,1.34660173810738
"1646",3.44076694407987,1.97979427815114,1.34660173810738
"1647",3.44076694407987,1.97979427815114,1.34660173810738
"1648",3.44076694407987,1.97979427815114,1.34660173810738
"1649",3.44076694407987,1.97979427815114,1.34660173810738
"1650",3.44076694407987,1.97979427815114,1.34660173810738
"1651",3.44076694407987,1.97979427815114,1.34660173810738
"1652",3.44076694407987,1.97979427815114,1.34660173810738
"1653",3.44076694407987,1.97979427815114,1.34660173810738
"1654",3.44076694407987,1.97979427815114,1.34660173810738
"1655",3.44076694407987,1.97979427815114,1.34660173810738
"1656",3.44076694407987,1.97979427815114,1.34660173810738
"1657",3.44076694407987,1.97979427815114,1.34660173810738
"1658",3.44076694407987,1.97979427815114,1.34660173810738
"1659",3.44076694407987,1.97979427815114,1.34660173810738
"1660",3.44076694407987,1.97979427815114,1.34660173810738
"1661",3.44076694407987,1.97979427815114,1.34660173810738
"1662",3.44076694407987,1.97979427815114,1.34660173810738
"1663",3.44076694407987,1.97979427815114,1.34660173810738
"1664",3.44076694407987,1.97979427815114,1.34660173810738
"1665",3.44076694407987,1.97979427815114,1.34660173810738
"1666",3.44076694407987,1.97979427815114,1.34660173810738
"1667",3.44076694407987,1.97979427815114,1.34660173810738
"1668",3.44076694407987,1.97979427815114,1.34660173810738
"1669",3.44076694407987,1.97979427815114,1.34660173810738
"1670",3.44076694407987,1.97979427815114,1.34660173810738
"1671",3.44076694407987,1.97979427815114,1.34660173810738
"1672",3.44076694407987,1.97979427815114,1.34660173810738
"1673",3.44076694407987,1.97979427815114,1.34660173810738
"1674",3.44076694407987,1.97979427815114,1.34660173810738
"1675",3.44076694407987,1.97979427815114,1.34660173810738
"1676",3.44076694407987,1.97979427815114,1.34660173810738
"1677",3.44076694407987,1.97979427815114,1.34660173810738
"1678",3.44076694407987,1.97979427815114,1.34660173810738
"1679",3.44076694407987,1.97979427815114,1.34660173810738
"1680",3.44076694407987,1.97979427815114,1.34660173810738
"1681",3.44076694407987,1.97979427815114,1.34660173810738
"1682",3.44076694407987,1.97979427815114,1.34660173810738
"1683",3.44076694407987,1.97979427815114,1.34660173810738
"1684",3.44076694407987,1.97979427815114,1.34660173810738
"1685",3.44076694407987,1.97979427815114,1.34660173810738
"1686",3.44076694407987,1.97979427815114,1.34660173810738
"1687",3.44076694407987,1.97979427815114,1.34660173810738
"1688",3.44076694407987,1.97979427815114,1.34660173810738
"1689",3.44076694407987,1.97979427815114,1.34660173810738
"1690",3.44076694407987,1.97979427815114,1.34660173810738
"1691",3.44076694407987,1.97979427815114,1.34660173810738
"1692",3.44076694407987,1.97979427815114,1.34660173810738
"1693",3.44076694407987,1.97979427815114,1.34660173810738
"1694",3.44076694407987,1.97979427815114,1.34660173810738
"1695",3.44076694407987,1.97979427815114,1.34660173810738
"1696",3.44076694407987,1.97979427815114,1.34660173810738
"1697",3.44076694407987,1.97979427815114,1.34660173810738
"1698",3.44076694407987,1.97979427815114,1.34660173810738
"1699",3.44076694407987,1.97979427815114,1.34660173810738
"1700",3.44076694407987,1.97979427815114,1.34660173810738
"1701",3.44076694407987,1.97979427815114,1.34660173810738
"1702",3.44076694407987,1.97979427815114,1.34660173810738
"1703",3.44076694407987,1.97979427815114,1.34660173810738
"1704",3.44076694407987,1.97979427815114,1.34660173810738
"1705",3.44076694407987,1.97979427815114,1.34660173810738
"1706",3.44076694407987,1.97979427815114,1.34660173810738
"1707",3.44076694407987,1.97979427815114,1.34660173810738
"1708",3.44076694407987,1.97979427815114,1.34660173810738
"1709",3.44076694407987,1.97979427815114,1.34660173810738
"1710",3.44076694407987,1.97979427815114,1.34660173810738
"1711",3.44076694407987,1.97979427815114,1.34660173810738
"1712",3.44076694407987,1.97979427815114,1.34660173810738
"1713",3.44076694407987,1.97979427815114,1.34660173810738
"1714",3.44076694407987,1.97979427815114,1.34660173810738
"1715",3.44076694407987,1.97979427815114,1.34660173810738
"1716",3.44076694407987,1.97979427815114,1.34660173810738
"1717",3.44076694407987,1.97979427815114,1.34660173810738
"1718",3.44076694407987,1.97979427815114,1.34660173810738
"1719",3.44076694407987,1.97979427815114,1.34660173810738
"1720",3.44076694407987,1.97979427815114,1.34660173810738
"1721",3.44076694407987,1.97979427815114,1.34660173810738
"1722",3.44076694407987,1.97979427815114,1.34660173810738
"1723",3.44076694407987,1.97979427815114,1.34660173810738
"1724",3.44076694407987,1.97979427815114,1.34660173810738
"1725",3.44076694407987,1.97979427815114,1.34660173810738
"1726",3.44076694407987,1.97979427815114,1.34660173810738
"1727",3.44076694407987,1.97979427815114,1.34660173810738
"1728",3.44076694407987,1.97979427815114,1.34660173810738
"1729",3.44076694407987,1.97979427815114,1.34660173810738
"1730",3.44076694407987,1.97979427815114,1.34660173810738
"1731",3.44076694407987,1.97979427815114,1.34660173810738
"1732",3.44076694407987,1.97979427815114,1.34660173810738
"1733",3.44076694407987,1.97979427815114,1.34660173810738
"1734",3.44076694407987,1.97979427815114,1.34660173810738
"1735",3.44076694407987,1.97979427815114,1.34660173810738
"1736",3.44076694407987,1.97979427815114,1.34660173810738
"1737",3.44076694407987,1.97979427815114,1.34660173810738
"1738",3.44076694407987,1.97979427815114,1.34660173810738
"1739",3.44076694407987,1.97979427815114,1.34660173810738
"1740",3.44076694407987,1.97979427815114,1.34660173810738
"1741",3.44076694407987,1.97979427815114,1.34660173810738
"1742",3.44076694407987,1.97979427815114,1.34660173810738
"1743",3.44076694407987,1.97979427815114,1.34660173810738
"1744",3.44076694407987,1.97979427815114,1.34660173810738
"1745",3.44076694407987,1.97979427815114,1.34660173810738
"1746",3.44076694407987,1.97979427815114,1.34660173810738
"1747",3.44076694407987,1.97979427815114,1.34660173810738
"1748",3.44076694407987,1.97979427815114,1.34660173810738
"1749",3.44076694407987,1.97979427815114,1.34660173810738
"1750",3.44076694407987,1.97979427815114,1.34660173810738
"1751",3.44076694407987,1.97979427815114,1.34660173810738
"1752",3.44076694407987,1.97979427815114,1.34660173810738
"1753",3.44076694407987,1.97979427815114,1.34660173810738
"1754",3.44076694407987,1.97979427815114,1.34660173810738
"1755",3.44076694407987,1.97979427815114,1.34660173810738
"1756",3.44076694407987,1.97979427815114,1.34660173810738
"1757",3.44076694407987,1.97979427815114,1.34660173810738
"1758",3.44076694407987,1.97979427815114,1.34660173810738
"1759",3.44076694407987,1.97979427815114,1.34660173810738
"1760",3.44076694407987,1.97979427815114,1.34660173810738
"1761",3.44076694407987,1.97979427815114,1.34660173810738
"1762",3.44076694407987,1.97979427815114,1.34660173810738
"1763",3.44076694407987,1.97979427815114,1.34660173810738
"1764",3.44076694407987,1.97979427815114,1.34660173810738
"1765",3.44076694407987,1.97979427815114,1.34660173810738
"1766",3.44076694407987,1.97979427815114,1.34660173810738
"1767",3.44076694407987,1.97979427815114,1.34660173810738
"1768",3.44076694407987,1.97979427815114,1.34660173810738
"1769",3.44076694407987,1.97979427815114,1.34660173810738
"1770",3.44076694407987,1.97979427815114,1.34660173810738
"1771",3.44076694407987,1.97979427815114,1.34660173810738
"1772",3.44076694407987,1.97979427815114,1.34660173810738
"1773",3.44076694407987,1.97979427815114,1.34660173810738
"1774",3.44076694407987,1.97979427815114,1.34660173810738
"1775",3.44076694407987,1.97979427815114,1.34660173810738
"1776",3.44076694407987,1.97979427815114,1.34660173810738
"1777",3.44076694407987,1.97979427815114,1.34660173810738
"1778",3.44076694407987,1.97979427815114,1.34660173810738
"1779",3.44076694407987,1.97979427815114,1.34660173810738
"1780",3.44076694407987,1.97979427815114,1.34660173810738
"1781",3.44076694407987,1.97979427815114,1.34660173810738
"1782",3.44076694407987,1.97979427815114,1.34660173810738
"1783",3.44076694407987,1.97979427815114,1.34660173810738
"1784",3.44076694407987,1.97979427815114,1.34660173810738
"1785",3.44076694407987,1.97979427815114,1.34660173810738
"1786",3.44076694407987,1.97979427815114,1.34660173810738
"1787",3.44076694407987,1.97979427815114,1.34660173810738
"1788",3.44076694407987,1.97979427815114,1.34660173810738
"1789",3.44076694407987,1.97979427815114,1.34660173810738
"1790",3.44076694407987,1.97979427815114,1.34660173810738
"1791",3.44076694407987,1.97979427815114,1.34660173810738
"1792",3.44076694407987,1.97979427815114,1.34660173810738
"1793",3.44076694407987,1.97979427815114,1.34660173810738
"1794",3.44076694407987,1.97979427815114,1.34660173810738
"1795",3.44076694407987,1.97979427815114,1.34660173810738
"1796",3.44076694407987,1.97979427815114,1.34660173810738
"1797",3.44076694407987,1.97979427815114,1.34660173810738
"1798",3.44076694407987,1.97979427815114,1.34660173810738
"1799",3.44076694407987,1.97979427815114,1.34660173810738
"1800",3.44076694407987,1.97979427815114,1.34660173810738
"1801",3.44076694407987,1.97979427815114,1.34660173810738
"1802",3.44076694407987,1.97979427815114,1.34660173810738
"1803",3.44076694407987,1.97979427815114,1.34660173810738
"1804",3.44076694407987,1.97979427815114,1.34660173810738
"1805",3.44076694407987,1.97979427815114,1.34660173810738
"1806",3.44076694407987,1.97979427815114,1.34660173810738
"1807",3.44076694407987,1.97979427815114,1.34660173810738
"1808",3.44076694407987,1.97979427815114,1.34660173810738
"1809",3.44076694407987,1.97979427815114,1.34660173810738
"1810",3.44076694407987,1.97979427815114,1.34660173810738
"1811",3.44076694407987,1.97979427815114,1.34660173810738
"1812",3.44076694407987,1.97979427815114,1.34660173810738
"1813",3.44076694407987,1.97979427815114,1.34660173810738
"1814",3.44076694407987,1.97979427815114,1.34660173810738
"1815",3.44076694407987,1.97979427815114,1.34660173810738
"1816",3.44076694407987,1.97979427815114,1.34660173810738
"1817",3.44076694407987,1.97979427815114,1.34660173810738
"1818",3.44076694407987,1.97979427815114,1.34660173810738
"1819",3.44076694407987,1.97979427815114,1.34660173810738
"1820",3.44076694407987,1.97979427815114,1.34660173810738
"1821",3.44076694407987,1.97979427815114,1.34660173810738
"1822",3.44076694407987,1.97979427815114,1.34660173810738
"1823",3.44076694407987,1.97979427815114,1.34660173810738
"1824",3.44076694407987,1.97979427815114,1.34660173810738
"1825",3.44076694407987,1.97979427815114,1.34660173810738
"1826",3.44076694407987,1.97979427815114,1.34660173810738
"1827",3.44076694407987,1.97979427815114,1.34660173810738
"1828",3.44076694407987,1.97979427815114,1.34660173810738
"1829",3.44076694407987,1.97979427815114,1.34660173810738
"1830",3.44076694407987,1.97979427815114,1.34660173810738
"1831",3.44076694407987,1.97979427815114,1.34660173810738
"1832",3.44076694407987,1.97979427815114,1.34660173810738
"1833",3.44076694407987,1.97979427815114,1.34660173810738
"1834",3.44076694407987,1.97979427815114,1.34660173810738
"1835",3.44076694407987,1.97979427815114,1.34660173810738
"1836",3.44076694407987,1.97979427815114,1.34660173810738
"1837",3.44076694407987,1.97979427815114,1.34660173810738
"1838",3.44076694407987,1.97979427815114,1.34660173810738
"1839",3.44076694407987,1.97979427815114,1.34660173810738
"1840",3.44076694407987,1.97979427815114,1.34660173810738
"1841",3.44076694407987,1.97979427815114,1.34660173810738
"1842",3.44076694407987,1.97979427815114,1.34660173810738
"1843",3.44076694407987,1.97979427815114,1.34660173810738
"1844",3.44076694407987,1.97979427815114,1.34660173810738
"1845",3.44076694407987,1.97979427815114,1.34660173810738
"1846",3.44076694407987,1.97979427815114,1.34660173810738
"1847",3.44076694407987,1.97979427815114,1.34660173810738
"1848",3.44076694407987,1.97979427815114,1.34660173810738
"1849",3.44076694407987,1.97979427815114,1.34660173810738
"1850",3.44076694407987,1.97979427815114,1.34660173810738
"1851",3.44076694407987,1.97979427815114,1.34660173810738
"1852",3.44076694407987,1.97979427815114,1.34660173810738
"1853",3.44076694407987,1.97979427815114,1.34660173810738
"1854",3.44076694407987,1.97979427815114,1.34660173810738
"1855",3.44076694407987,1.97979427815114,1.34660173810738
"1856",3.44076694407987,1.97979427815114,1.34660173810738
"1857",3.44076694407987,1.97979427815114,1.34660173810738
"1858",3.44076694407987,1.97979427815114,1.34660173810738
"1859",3.44076694407987,1.97979427815114,1.34660173810738
"1860",3.44076694407987,1.97979427815114,1.34660173810738
"1861",3.44076694407987,1.97979427815114,1.34660173810738
"1862",3.44076694407987,1.97979427815114,1.34660173810738
"1863",3.44076694407987,1.97979427815114,1.34660173810738
"1864",3.44076694407987,1.97979427815114,1.34660173810738
"1865",3.44076694407987,1.97979427815114,1.34660173810738
"1866",3.44076694407987,1.97979427815114,1.34660173810738
"1867",3.44076694407987,1.97979427815114,1.34660173810738
"1868",3.44076694407987,1.97979427815114,1.34660173810738
"1869",3.44076694407987,1.97979427815114,1.34660173810738
"1870",3.44076694407987,1.97979427815114,1.34660173810738
"1871",3.44076694407987,1.97979427815114,1.34660173810738
"1872",3.44076694407987,1.97979427815114,1.34660173810738
"1873",3.44076694407987,1.97979427815114,1.34660173810738
"1874",3.44076694407987,1.97979427815114,1.34660173810738
"1875",3.44076694407987,1.97979427815114,1.34660173810738
"1876",3.44076694407987,1.97979427815114,1.34660173810738
"1877",3.44076694407987,1.97979427815114,1.34660173810738
"1878",3.44076694407987,1.97979427815114,1.34660173810738
"1879",3.44076694407987,1.97979427815114,1.34660173810738
"1880",3.44076694407987,1.97979427815114,1.34660173810738
"1881",3.44076694407987,1.97979427815114,1.34660173810738
"1882",3.44076694407987,1.97979427815114,1.34660173810738
"1883",3.44076694407987,1.97979427815114,1.34660173810738
"1884",3.44076694407987,1.97979427815114,1.34660173810738
"1885",3.44076694407987,1.97979427815114,1.34660173810738
"1886",3.44076694407987,1.97979427815114,1.34660173810738
"1887",3.44076694407987,1.97979427815114,1.34660173810738
"1888",3.44076694407987,1.97979427815114,1.34660173810738
"1889",3.44076694407987,1.97979427815114,1.34660173810738
"1890",3.44076694407987,1.97979427815114,1.34660173810738
"1891",3.44076694407987,1.97979427815114,1.34660173810738
"1892",3.44076694407987,1.97979427815114,1.34660173810738
"1893",3.44076694407987,1.97979427815114,1.34660173810738
"1894",3.44076694407987,1.97979427815114,1.34660173810738
"1895",3.44076694407987,1.97979427815114,1.34660173810738
"1896",3.44076694407987,1.97979427815114,1.34660173810738
"1897",3.44076694407987,1.97979427815114,1.34660173810738
"1898",3.44076694407987,1.97979427815114,1.34660173810738
"1899",3.44076694407987,1.97979427815114,1.34660173810738
"1900",3.44076694407987,1.97979427815114,1.34660173810738
"1901",3.44076694407987,1.97979427815114,1.34660173810738
"1902",3.44076694407987,1.97979427815114,1.34660173810738
"1903",3.44076694407987,1.97979427815114,1.34660173810738
"1904",3.44076694407987,1.97979427815114,1.34660173810738
"1905",3.44076694407987,1.97979427815114,1.34660173810738
"1906",3.44076694407987,1.97979427815114,1.34660173810738
"1907",3.44076694407987,1.97979427815114,1.34660173810738
"1908",3.44076694407987,1.97979427815114,1.34660173810738
"1909",3.44076694407987,1.97979427815114,1.34660173810738
"1910",3.44076694407987,1.97979427815114,1.34660173810738
"1911",3.44076694407987,1.97979427815114,1.34660173810738
"1912",3.44076694407987,1.97979427815114,1.34660173810738
"1913",3.44076694407987,1.97979427815114,1.34660173810738
"1914",3.44076694407987,1.97979427815114,1.34660173810738
"1915",3.44076694407987,1.97979427815114,1.34660173810738
"1916",3.44076694407987,1.97979427815114,1.34660173810738
"1917",3.44076694407987,1.97979427815114,1.34660173810738
"1918",3.44076694407987,1.97979427815114,1.34660173810738
"1919",3.44076694407987,1.97979427815114,1.34660173810738
"1920",3.44076694407987,1.97979427815114,1.34660173810738
"1921",3.44076694407987,1.97979427815114,1.34660173810738
"1922",3.44076694407987,1.97979427815114,1.34660173810738
"1923",3.44076694407987,1.97979427815114,1.34660173810738
"1924",3.44076694407987,1.97979427815114,1.34660173810738
"1925",3.44076694407987,1.97979427815114,1.34660173810738
"1926",3.44076694407987,1.97979427815114,1.34660173810738
"1927",3.44076694407987,1.97979427815114,1.34660173810738
"1928",3.44076694407987,1.97979427815114,1.34660173810738
"1929",3.44076694407987,1.97979427815114,1.34660173810738
"1930",3.44076694407987,1.97979427815114,1.34660173810738
"1931",3.44076694407987,1.97979427815114,1.34660173810738
"1932",3.44076694407987,1.97979427815114,1.34660173810738
"1933",3.44076694407987,1.97979427815114,1.34660173810738
"1934",3.44076694407987,1.97979427815114,1.34660173810738
"1935",3.44076694407987,1.97979427815114,1.34660173810738
"1936",3.44076694407987,1.97979427815114,1.34660173810738
"1937",3.44076694407987,1.97979427815114,1.34660173810738
"1938",3.44076694407987,1.97979427815114,1.34660173810738
"1939",3.44076694407987,1.97979427815114,1.34660173810738
"1940",3.44076694407987,1.97979427815114,1.34660173810738
"1941",3.44076694407987,1.97979427815114,1.34660173810738
"1942",3.44076694407987,1.97979427815114,1.34660173810738
"1943",3.44076694407987,1.97979427815114,1.34660173810738
"1944",3.44076694407987,1.97979427815114,1.34660173810738
"1945",3.44076694407987,1.97979427815114,1.34660173810738
"1946",3.44076694407987,1.97979427815114,1.34660173810738
"1947",3.44076694407987,1.97979427815114,1.34660173810738
"1948",3.44076694407987,1.97979427815114,1.34660173810738
"1949",3.44076694407987,1.97979427815114,1.34660173810738
"1950",3.44076694407987,1.97979427815114,1.34660173810738
"1951",3.44076694407987,1.97979427815114,1.34660173810738
"1952",3.44076694407987,1.97979427815114,1.34660173810738
"1953",3.44076694407987,1.97979427815114,1.34660173810738
"1954",3.44076694407987,1.97979427815114,1.34660173810738
"1955",3.44076694407987,1.97979427815114,1.34660173810738
"1956",3.44076694407987,1.97979427815114,1.34660173810738
"1957",3.44076694407987,1.97979427815114,1.34660173810738
"1958",3.44076694407987,1.97979427815114,1.34660173810738
"1959",3.44076694407987,1.97979427815114,1.34660173810738
"1960",3.44076694407987,1.97979427815114,1.34660173810738
"1961",3.44076694407987,1.97979427815114,1.34660173810738
"1962",3.44076694407987,1.97979427815114,1.34660173810738
"1963",3.44076694407987,1.97979427815114,1.34660173810738
"1964",3.44076694407987,1.97979427815114,1.34660173810738
"1965",3.44076694407987,1.97979427815114,1.34660173810738
"1966",3.44076694407987,1.97979427815114,1.34660173810738
"1967",3.44076694407987,1.97979427815114,1.34660173810738
"1968",3.44076694407987,1.97979427815114,1.34660173810738
"1969",3.44076694407987,1.97979427815114,1.34660173810738
"1970",3.44076694407987,1.97979427815114,1.34660173810738
"1971",3.44076694407987,1.97979427815114,1.34660173810738
"1972",3.44076694407987,1.97979427815114,1.34660173810738
"1973",3.44076694407987,1.97979427815114,1.34660173810738
"1974",3.44076694407987,1.97979427815114,1.34660173810738
"1975",3.44076694407987,1.97979427815114,1.34660173810738
"1976",3.44076694407987,1.97979427815114,1.34660173810738
"1977",3.44076694407987,1.97979427815114,1.34660173810738
"1978",3.44076694407987,1.97979427815114,1.34660173810738
"1979",3.44076694407987,1.97979427815114,1.34660173810738
"1980",3.44076694407987,1.97979427815114,1.34660173810738
"1981",3.44076694407987,1.97979427815114,1.34660173810738
"1982",3.44076694407987,1.97979427815114,1.34660173810738
"1983",3.44076694407987,1.97979427815114,1.34660173810738
"1984",3.44076694407987,1.97979427815114,1.34660173810738
"1985",3.44076694407987,1.97979427815114,1.34660173810738
"1986",3.44076694407987,1.97979427815114,1.34660173810738
"1987",3.44076694407987,1.97979427815114,1.34660173810738
"1988",3.44076694407987,1.97979427815114,1.34660173810738
"1989",3.44076694407987,1.97979427815114,1.34660173810738
"1990",3.44076694407987,1.97979427815114,1.34660173810738
"1991",3.44076694407987,1.97979427815114,1.34660173810738
"1992",3.44076694407987,1.97979427815114,1.34660173810738
"1993",3.44076694407987,1.97979427815114,1.34660173810738
"1994",3.44076694407987,1.97979427815114,1.34660173810738
"1995",3.44076694407987,1.97979427815114,1.34660173810738
"1996",3.44076694407987,1.97979427815114,1.34660173810738
"1997",3.44076694407987,1.97979427815114,1.34660173810738
"1998",3.44076694407987,1.97979427815114,1.34660173810738
"1999",3.44076694407987,1.97979427815114,1.34660173810738
"2000",3.44076694407987,1.97979427815114,1.34660173810738
